province,year,marriages,COD_PROV,DEN_PROV,source,validated
Alessandria,1863,5947,6,Alessandria,TAVOLA_VI_1881,OK
Ancona,1863,1900,42,Ancona,TAVOLA_VI_1881,OK
Aquila degli Abruzzi,1863,2676,66,Aquila degli Abruzzi,TAVOLA_VI_1881,OK
Arezzo,1863,1904,51,Arezzo,TAVOLA_VI_1881,OK
Ascoli Piceno,1863,1316,44,Ascoli Piceno,TAVOLA_VI_1881,OK
Aveilino,1863,3371,64,Avellino,TAVOLA_VI_1881,OK
Bari delle Puglie,1863,4374,72,Bari delle Puglie,TAVOLA_VI_1881,OK
Belluno,1863,1304,25,Belluno,TAVOLA_VI_1881,OK
Benevento,1863,2135,62,Benevento,TAVOLA_VI_1881,OK
Bergamo,1863,2794,16,Bergamo,TAVOLA_VI_1881,OK
Bologna,1863,3086,37,Bologna,TAVOLA_VI_1881,OK
Brescia,1863,4187,17,Brescia,TAVOLA_VI_1881,OK
Cagliari,1863,3137,92,Cagliari,TAVOLA_VI_1881,OK
Caltanissetta,1863,1460,85,Caltanissetta,TAVOLA_VI_1881,OK
Campobasso,1863,3472,70,Campobasso,TAVOLA_VI_1881,OK
Caserta,1863,5982,61,Caserta,TAVOLA_VI_1881,OK
Catania,1863,2909,87,Catania,TAVOLA_VI_1881,OK
Catanzaro,1863,3147,79,Catanzaro,TAVOLA_VI_1881,OK
Chieti,1863,3162,69,Chieti,TAVOLA_VI_1881,OK
Como,1863,3346,13,Como,TAVOLA_VI_1881,OK
Cosenza,1863,3732,78,Cosenza,TAVOLA_VI_1881,OK
Cremona,1863,3112,19,Cremona,TAVOLA_VI_1881,OK
Cuneo,1863,5218,4,Cuneo,TAVOLA_VI_1881,OK
Ferrara,1863,1590,38,Ferrara,TAVOLA_VI_1881,OK
Firenze,1863,6829,48,Firenze,TAVOLA_VI_1881,OK
Foggia,1863,2839,71,Foggia,TAVOLA_VI_1881,OK
Forlì,1863,1585,40,Forlì,TAVOLA_VI_1881,OK
Genova,1863,6269,10,Genova,TAVOLA_VI_1881,OK
Girgenti,1863,1647,84,Girgenti,TAVOLA_VI_1881,OK
Grosseto,1863,851,53,Grosseto,TAVOLA_VI_1881,OK
Lecce,1863,3648,75,Lecce,TAVOLA_VI_1881,OK
Livorno,1863,1064,49,Livorno,TAVOLA_VI_1881,OK
Lucca,1863,2246,46,Lucca,TAVOLA_VI_1881,OK
Macerata,1863,1592,43,Macerata,TAVOLA_VI_1881,OK
Mantova,1863,1539,20,Mantova,TAVOLA_VI_1881,OK
Massa e Carrara,1863,1223,45,Massa e Carrara,TAVOLA_VI_1881,OK
Messina,1863,2624,83,Messina,TAVOLA_VI_1881,OK
Milano,1863,7587,15,Milano,TAVOLA_VI_1881,OK
Modena,1863,1969,36,Modena,TAVOLA_VI_1881,OK
Napoli,1863,6922,63,Napoli,TAVOLA_VI_1881,OK
Novara,1863,4880,3,Novara,TAVOLA_VI_1881,OK
Padova,1863,2961,28,Padova,TAVOLA_VI_1881,OK
Palermo,1863,3720,82,Palermo,TAVOLA_VI_1881,OK
Parma,1863,1943,34,Parma,TAVOLA_VI_1881,OK
Pavia,1863,3807,18,Pavia,TAVOLA_VI_1881,OK
Perugia,1863,3295,54,Umbria,TAVOLA_VI_1881,OK
Pesaro e Urbino,1863,1370,41,Pesaro e Urbino,TAVOLA_VI_1881,OK
Piacenza,1863,1671,33,Piacenza,TAVOLA_VI_1881,OK
Pisa,1863,2129,50,Pisa,TAVOLA_VI_1881,OK
Porto Maurizio,1863,1115,8,Porto Maurizio,TAVOLA_VI_1881,OK
Potenza,1863,4940,76,Potenza,TAVOLA_VI_1881,OK
Ravenna,1863,1470,39,Ravenna,TAVOLA_VI_1881,OK
Reggio di Calabria,1863,2386,80,Reggio di Calabria,TAVOLA_VI_1881,OK
Reggio nell' Emilia,1863,1773,35,Reggio nell'Emilia,TAVOLA_VI_1881,OK
Rovigo,1863,1736,29,Rovigo,TAVOLA_VI_1881,OK
Salerno,1863,4502,65,Salerno,TAVOLA_VI_1881,OK
Sassari,1863,2091,90,Sassari,TAVOLA_VI_1881,OK
Siena,1863,1724,52,Siena,TAVOLA_VI_1881,OK
Siracusa,1863,1549,89,Siracusa,TAVOLA_VI_1881,OK
Sondrio,1863,864,14,Sondrio,TAVOLA_VI_1881,OK
Teramo,1863,1960,67,Teramo,TAVOLA_VI_1881,OK
Torino,1863,7986,1,Torino,TAVOLA_VI_1881,OK
Trapani,1863,1489,81,Trapani,TAVOLA_VI_1881,OK
Treviso,1863,2723,26,Treviso,TAVOLA_VI_1881,OK
Udine,1863,3465,30,Udine,TAVOLA_VI_1881,OK
Venezia,1863,2491,27,Venezia,TAVOLA_VI_1881,OK
Verona,1863,2816,23,Verona,TAVOLA_VI_1881,OK
Vicenza,1863,3054,24,Vicenza,TAVOLA_VI_1881,OK
Alessandria,1864,5991,6,Alessandria,TAVOLA_VI_1881,OK
Ancona,1864,2048,42,Ancona,TAVOLA_VI_1881,OK
Aquila degli Abruzzi,1864,2719,66,Aquila degli Abruzzi,TAVOLA_VI_1881,OK
Arezzo,1864,1769,51,Arezzo,TAVOLA_VI_1881,OK
Ascoli Piceno,1864,1270,44,Ascoli Piceno,TAVOLA_VI_1881,OK
Aveilino,1864,3196,64,Avellino,TAVOLA_VI_1881,OK
Bari delle Puglie,1864,4311,72,Bari delle Puglie,TAVOLA_VI_1881,OK
Belluno,1864,1281,25,Belluno,TAVOLA_VI_1881,OK
Benevento,1864,1890,62,Benevento,TAVOLA_VI_1881,OK
Bergamo,1864,2752,16,Bergamo,TAVOLA_VI_1881,OK
Bologna,1864,2987,37,Bologna,TAVOLA_VI_1881,OK
Brescia,1864,4137,17,Brescia,TAVOLA_VI_1881,OK
Cagliari,1864,3334,92,Cagliari,TAVOLA_VI_1881,OK
Caltanissetta,1864,1665,85,Caltanissetta,TAVOLA_VI_1881,OK
Campobasso,1864,3118,70,Campobasso,TAVOLA_VI_1881,OK
Caserta,1864,5312,61,Caserta,TAVOLA_VI_1881,OK
Catania,1864,3255,87,Catania,TAVOLA_VI_1881,OK
Catanzaro,1864,3138,79,Catanzaro,TAVOLA_VI_1881,OK
Chieti,1864,2857,69,Chieti,TAVOLA_VI_1881,OK
Como,1864,3348,13,Como,TAVOLA_VI_1881,OK
Cosenza,1864,3501,78,Cosenza,TAVOLA_VI_1881,OK
Cremona,1864,2904,19,Cremona,TAVOLA_VI_1881,OK
Cuneo,1864,5172,4,Cuneo,TAVOLA_VI_1881,OK
Ferrara,1864,1655,38,Ferrara,TAVOLA_VI_1881,OK
Firenze,1864,6069,48,Firenze,TAVOLA_VI_1881,OK
Foggia,1864,2813,71,Foggia,TAVOLA_VI_1881,OK
Forlì,1864,1573,40,Forlì,TAVOLA_VI_1881,OK
Genova,1864,6147,10,Genova,TAVOLA_VI_1881,OK
Girgenti,1864,1965,84,Girgenti,TAVOLA_VI_1881,OK
Grosseto,1864,801,53,Grosseto,TAVOLA_VI_1881,OK
Lecce,1864,3608,75,Lecce,TAVOLA_VI_1881,OK
Livorno,1864,1013,49,Livorno,TAVOLA_VI_1881,OK
Lucca,1864,2097,46,Lucca,TAVOLA_VI_1881,OK
Macerata,1864,1540,43,Macerata,TAVOLA_VI_1881,OK
Mantova,1864,1430,20,Mantova,TAVOLA_VI_1881,OK
Massa e Carrara,1864,1160,45,Massa e Carrara,TAVOLA_VI_1881,OK
Messina,1864,2785,83,Messina,TAVOLA_VI_1881,OK
Milano,1864,7367,15,Milano,TAVOLA_VI_1881,OK
Modena,1864,2164,36,Modena,TAVOLA_VI_1881,OK
Napoli,1864,6888,63,Napoli,TAVOLA_VI_1881,OK
Novara,1864,5090,3,Novara,TAVOLA_VI_1881,OK
Padova,1864,2811,28,Padova,TAVOLA_VI_1881,OK
Palermo,1864,4175,82,Palermo,TAVOLA_VI_1881,OK
Parma,1864,1827,34,Parma,TAVOLA_VI_1881,OK
Pavia,1864,3910,18,Pavia,TAVOLA_VI_1881,OK
Perugia,1864,3674,54,Umbria,TAVOLA_VI_1881,OK
Pesaro e Urbino,1864,1426,41,Pesaro e Urbino,TAVOLA_VI_1881,OK
Piacenza,1864,1442,33,Piacenza,TAVOLA_VI_1881,OK
Pisa,1864,1801,50,Pisa,TAVOLA_VI_1881,OK
Porto Maurizio,1864,1164,8,Porto Maurizio,TAVOLA_VI_1881,OK
Potenza,1864,4684,76,Potenza,TAVOLA_VI_1881,OK
Ravenna,1864,1447,39,Ravenna,TAVOLA_VI_1881,OK
Reggio di Calabria,1864,2605,80,Reggio di Calabria,TAVOLA_VI_1881,OK
Reggio nell' Emilia,1864,1809,35,Reggio nell'Emilia,TAVOLA_VI_1881,OK
Rovigo,1864,1488,29,Rovigo,TAVOLA_VI_1881,OK
Salerno,1864,3470,65,Salerno,TAVOLA_VI_1881,OK
Sassari,1864,2127,90,Sassari,TAVOLA_VI_1881,OK
Siena,1864,1588,52,Siena,TAVOLA_VI_1881,OK
Siracusa,1864,1864,89,Siracusa,TAVOLA_VI_1881,OK
Sondrio,1864,855,14,Sondrio,TAVOLA_VI_1881,OK
Teramo,1864,1700,67,Teramo,TAVOLA_VI_1881,OK
Torino,1864,7896,1,Torino,TAVOLA_VI_1881,OK
Trapani,1864,1563,81,Trapani,TAVOLA_VI_1881,OK
Treviso,1864,2755,26,Treviso,TAVOLA_VI_1881,OK
Udine,1864,3234,30,Udine,TAVOLA_VI_1881,OK
Venezia,1864,2493,27,Venezia,TAVOLA_VI_1881,OK
Verona,1864,2896,23,Verona,TAVOLA_VI_1881,OK
Vicenza,1864,2989,24,Vicenza,TAVOLA_VI_1881,OK
Alessandria,1865,7054,6,Alessandria,TAVOLA_VI_1881,OK
Ancona,1865,2094,42,Ancona,TAVOLA_VI_1881,OK
Aquila degli Abruzzi,1865,2665,66,Aquila degli Abruzzi,TAVOLA_VI_1881,OK
Arezzo,1865,2073,51,Arezzo,TAVOLA_VI_1881,OK
Ascoli Piceno,1865,1456,44,Ascoli Piceno,TAVOLA_VI_1881,OK
Aveilino,1865,3340,64,Avellino,TAVOLA_VI_1881,OK
Bari delle Puglie,1865,5676,72,Bari delle Puglie,TAVOLA_VI_1881,OK
Belluno,1865,1365,25,Belluno,TAVOLA_VI_1881,OK
Benevento,1865,2256,62,Benevento,TAVOLA_VI_1881,OK
Bergamo,1865,3390,16,Bergamo,TAVOLA_VI_1881,OK
Bologna,1865,3349,37,Bologna,TAVOLA_VI_1881,OK
Brescia,1865,4820,17,Brescia,TAVOLA_VI_1881,OK
Cagliari,1865,3819,92,Cagliari,TAVOLA_VI_1881,OK
Caltanissetta,1865,1635,85,Caltanissetta,TAVOLA_VI_1881,OK
Campobasso,1865,3579,70,Campobasso,TAVOLA_VI_1881,OK
Caserta,1865,6250,61,Caserta,TAVOLA_VI_1881,OK
Catania,1865,3324,87,Catania,TAVOLA_VI_1881,OK
Catanzaro,1865,4134,79,Catanzaro,TAVOLA_VI_1881,OK
Chieti,1865,3454,69,Chieti,TAVOLA_VI_1881,OK
Como,1865,4235,13,Como,TAVOLA_VI_1881,OK
Cosenza,1865,4418,78,Cosenza,TAVOLA_VI_1881,OK
Cremona,1865,3556,19,Cremona,TAVOLA_VI_1881,OK
Cuneo,1865,6154,4,Cuneo,TAVOLA_VI_1881,OK
Ferrara,1865,2077,38,Ferrara,TAVOLA_VI_1881,OK
Firenze,1865,7400,48,Firenze,TAVOLA_VI_1881,OK
Foggia,1865,3087,71,Foggia,TAVOLA_VI_1881,OK
Forlì,1865,1664,40,Forlì,TAVOLA_VI_1881,OK
Genova,1865,7751,10,Genova,TAVOLA_VI_1881,OK
Girgenti,1865,2012,84,Girgenti,TAVOLA_VI_1881,OK
Grosseto,1865,953,53,Grosseto,TAVOLA_VI_1881,OK
Lecce,1865,4459,75,Lecce,TAVOLA_VI_1881,OK
Livorno,1865,1206,49,Livorno,TAVOLA_VI_1881,OK
Lucca,1865,2586,46,Lucca,TAVOLA_VI_1881,OK
Macerata,1865,1637,43,Macerata,TAVOLA_VI_1881,OK
Mantova,1865,347,20,Mantova,TAVOLA_VI_1881,OK
Massa e Carrara,1865,1406,45,Massa e Carrara,TAVOLA_VI_1881,OK
Messina,1865,2975,83,Messina,TAVOLA_VI_1881,OK
Milano,1865,8880,15,Milano,TAVOLA_VI_1881,OK
Modena,1865,2331,36,Modena,TAVOLA_VI_1881,OK
Napoli,1865,7654,63,Napoli,TAVOLA_VI_1881,OK
Novara,1865,6575,3,Novara,TAVOLA_VI_1881,OK
Padova,1865,2940,28,Padova,TAVOLA_VI_1881,OK
Palermo,1865,4078,82,Palermo,TAVOLA_VI_1881,OK
Parma,1865,2003,34,Parma,TAVOLA_VI_1881,OK
Pavia,1865,4379,18,Pavia,TAVOLA_VI_1881,OK
Perugia,1865,3650,54,Umbria,TAVOLA_VI_1881,OK
Pesaro e Urbino,1865,1498,41,Pesaro e Urbino,TAVOLA_VI_1881,OK
Piacenza,1865,1674,33,Piacenza,TAVOLA_VI_1881,OK
Pisa,1865,2431,50,Pisa,TAVOLA_VI_1881,OK
Porto Maurizio,1865,1351,8,Porto Maurizio,TAVOLA_VI_1881,OK
Potenza,1865,5236,76,Potenza,TAVOLA_VI_1881,OK
Ravenna,1865,1648,39,Ravenna,TAVOLA_VI_1881,OK
Reggio di Calabria,1865,3024,80,Reggio di Calabria,TAVOLA_VI_1881,OK
Reggio nell' Emilia,1865,1866,35,Reggio nell'Emilia,TAVOLA_VI_1881,OK
Rovigo,1865,1694,29,Rovigo,TAVOLA_VI_1881,OK
Salerno,1865,4909,65,Salerno,TAVOLA_VI_1881,OK
Sassari,1865,2512,90,Sassari,TAVOLA_VI_1881,OK
Siena,1865,1980,52,Siena,TAVOLA_VI_1881,OK
Siracusa,1865,2079,89,Siracusa,TAVOLA_VI_1881,OK
Sondrio,1865,997,14,Sondrio,TAVOLA_VI_1881,OK
Teramo,1865,2252,67,Teramo,TAVOLA_VI_1881,OK
Torino,1865,9159,1,Torino,TAVOLA_VI_1881,OK
Trapani,1865,1668,81,Trapani,TAVOLA_VI_1881,OK
Treviso,1865,2738,26,Treviso,TAVOLA_VI_1881,OK
Udine,1865,3438,30,Udine,TAVOLA_VI_1881,OK
Venezia,1865,2404,27,Venezia,TAVOLA_VI_1881,OK
Verona,1865,2943,23,Verona,TAVOLA_VI_1881,OK
Vicenza,1865,2933,24,Vicenza,TAVOLA_VI_1881,OK
Alessandria,1866,3935,6,Alessandria,TAVOLA_VI_1881,OK
Ancona,1866,1062,42,Ancona,TAVOLA_VI_1881,OK
Aquila degli Abruzzi,1866,1665,66,Aquila degli Abruzzi,TAVOLA_VI_1881,OK
Arezzo,1866,853,51,Arezzo,TAVOLA_VI_1881,OK
Ascoli Piceno,1866,665,44,Ascoli Piceno,TAVOLA_VI_1881,OK
Aveilino,1866,2322,64,Avellino,TAVOLA_VI_1881,OK
Bari delle Puglie,1866,4234,72,Bari delle Puglie,TAVOLA_VI_1881,OK
Belluno,1866,1365,25,Belluno,TAVOLA_VI_1881,OK
Benevento,1866,1512,62,Benevento,TAVOLA_VI_1881,OK
Bergamo,1866,2017,16,Bergamo,TAVOLA_VI_1881,OK
Bologna,1866,1900,37,Bologna,TAVOLA_VI_1881,OK
Brescia,1866,2715,17,Brescia,TAVOLA_VI_1881,OK
Cagliari,1866,1389,92,Cagliari,TAVOLA_VI_1881,OK
Caltanissetta,1866,811,85,Caltanissetta,TAVOLA_VI_1881,OK
Campobasso,1866,3583,70,Campobasso,TAVOLA_VI_1881,OK
Caserta,1866,4049,61,Caserta,TAVOLA_VI_1881,OK
Catania,1866,1594,87,Catania,TAVOLA_VI_1881,OK
Catanzaro,1866,2449,79,Catanzaro,TAVOLA_VI_1881,OK
Chieti,1866,2605,69,Chieti,TAVOLA_VI_1881,OK
Como,1866,2519,13,Como,TAVOLA_VI_1881,OK
Cosenza,1866,2766,78,Cosenza,TAVOLA_VI_1881,OK
Cremona,1866,2074,19,Cremona,TAVOLA_VI_1881,OK
Cuneo,1866,3921,4,Cuneo,TAVOLA_VI_1881,OK
Ferrara,1866,348,38,Ferrara,TAVOLA_VI_1881,OK
Firenze,1866,3712,48,Firenze,TAVOLA_VI_1881,OK
Foggia,1866,2275,71,Foggia,TAVOLA_VI_1881,OK
Forlì,1866,719,40,Forlì,TAVOLA_VI_1881,OK
Genova,1866,3288,10,Genova,TAVOLA_VI_1881,OK
Girgenti,1866,841,84,Girgenti,TAVOLA_VI_1881,OK
Grosseto,1866,348,53,Grosseto,TAVOLA_VI_1881,OK
Lecce,1866,3970,75,Lecce,TAVOLA_VI_1881,OK
Livorno,1866,736,49,Livorno,TAVOLA_VI_1881,OK
Lucca,1866,1013,46,Lucca,TAVOLA_VI_1881,OK
Macerata,1866,1063,43,Macerata,TAVOLA_VI_1881,OK
Mantova,1866,1385,20,Mantova,TAVOLA_VI_1881,OK
Massa e Carrara,1866,581,45,Massa e Carrara,TAVOLA_VI_1881,OK
Messina,1866,1850,83,Messina,TAVOLA_VI_1881,OK
Milano,1866,5555,15,Milano,TAVOLA_VI_1881,OK
Modena,1866,1308,36,Modena,TAVOLA_VI_1881,OK
Napoli,1866,4773,63,Napoli,TAVOLA_VI_1881,OK
Novara,1866,4109,3,Novara,TAVOLA_VI_1881,OK
Padova,1866,2872,28,Padova,TAVOLA_VI_1881,OK
Palermo,1866,1884,82,Palermo,TAVOLA_VI_1881,OK
Parma,1866,1371,34,Parma,TAVOLA_VI_1881,OK
Pavia,1866,2714,18,Pavia,TAVOLA_VI_1881,OK
Perugia,1866,2676,54,Umbria,TAVOLA_VI_1881,OK
Pesaro e Urbino,1866,611,41,Pesaro e Urbino,TAVOLA_VI_1881,OK
Piacenza,1866,1176,33,Piacenza,TAVOLA_VI_1881,OK
Pisa,1866,1112,50,Pisa,TAVOLA_VI_1881,OK
Porto Maurizio,1866,584,8,Porto Maurizio,TAVOLA_VI_1881,OK
Potenza,1866,4126,76,Potenza,TAVOLA_VI_1881,OK
Ravenna,1866,758,39,Ravenna,TAVOLA_VI_1881,OK
Reggio di Calabria,1866,1780,80,Reggio di Calabria,TAVOLA_VI_1881,OK
Reggio nell' Emilia,1866,1162,35,Reggio nell'Emilia,TAVOLA_VI_1881,OK
Rovigo,1866,1574,29,Rovigo,TAVOLA_VI_1881,OK
Salerno,1866,3443,65,Salerno,TAVOLA_VI_1881,OK
Sassari,1866,833,90,Sassari,TAVOLA_VI_1881,OK
Siena,1866,1080,52,Siena,TAVOLA_VI_1881,OK
Siracusa,1866,1099,89,Siracusa,TAVOLA_VI_1881,OK
Sondrio,1866,641,14,Sondrio,TAVOLA_VI_1881,OK
Teramo,1866,1535,67,Teramo,TAVOLA_VI_1881,OK
Torino,1866,5640,1,Torino,TAVOLA_VI_1881,OK
Trapani,1866,875,81,Trapani,TAVOLA_VI_1881,OK
Treviso,1866,2875,26,Treviso,TAVOLA_VI_1881,OK
Udine,1866,3571,30,Udine,TAVOLA_VI_1881,OK
Venezia,1866,2154,27,Venezia,TAVOLA_VI_1881,OK
Verona,1866,2732,23,Verona,TAVOLA_VI_1881,OK
Vicenza,1866,2744,24,Vicenza,TAVOLA_VI_1881,OK
Alessandria,1867,4919,6,Alessandria,TAVOLA_VI_1881,OK
Ancona,1867,1256,42,Ancona,TAVOLA_VI_1881,OK
Aquila degli Abruzzi,1867,1974,66,Aquila degli Abruzzi,TAVOLA_VI_1881,OK
Arezzo,1867,1135,51,Arezzo,TAVOLA_VI_1881,OK
Ascoli Piceno,1867,775,44,Ascoli Piceno,TAVOLA_VI_1881,OK
Aveilino,1867,2912,64,Avellino,TAVOLA_VI_1881,OK
Bari delle Puglie,1867,5388,72,Bari delle Puglie,TAVOLA_VI_1881,OK
Belluno,1867,1410,25,Belluno,TAVOLA_VI_1881,OK
Benevento,1867,1805,62,Benevento,TAVOLA_VI_1881,OK
Bergamo,1867,2653,16,Bergamo,TAVOLA_VI_1881,OK
Bologna,1867,2345,37,Bologna,TAVOLA_VI_1881,OK
Brescia,1867,3748,17,Brescia,TAVOLA_VI_1881,OK
Cagliari,1867,1826,92,Cagliari,TAVOLA_VI_1881,OK
Caltanissetta,1867,1207,85,Caltanissetta,TAVOLA_VI_1881,OK
Campobasso,1867,3243,70,Campobasso,TAVOLA_VI_1881,OK
Caserta,1867,4842,61,Caserta,TAVOLA_VI_1881,OK
Catania,1867,1784,87,Catania,TAVOLA_VI_1881,OK
Catanzaro,1867,2928,79,Catanzaro,TAVOLA_VI_1881,OK
Chieti,1867,2637,69,Chieti,TAVOLA_VI_1881,OK
Como,1867,3209,13,Como,TAVOLA_VI_1881,OK
Cosenza,1867,3338,78,Cosenza,TAVOLA_VI_1881,OK
Cremona,1867,2966,19,Cremona,TAVOLA_VI_1881,OK
Cuneo,1867,4354,4,Cuneo,TAVOLA_VI_1881,OK
Ferrara,1867,1151,38,Ferrara,TAVOLA_VI_1881,OK
Firenze,1867,4660,48,Firenze,TAVOLA_VI_1881,OK
Foggia,1867,2592,71,Foggia,TAVOLA_VI_1881,OK
Forlì,1867,848,40,Forlì,TAVOLA_VI_1881,OK
Genova,1867,4915,10,Genova,TAVOLA_VI_1881,OK
Girgenti,1867,1268,84,Girgenti,TAVOLA_VI_1881,OK
Grosseto,1867,574,53,Grosseto,TAVOLA_VI_1881,OK
Lecce,1867,3392,75,Lecce,TAVOLA_VI_1881,OK
Livorno,1867,642,49,Livorno,TAVOLA_VI_1881,OK
Lucca,1867,1411,46,Lucca,TAVOLA_VI_1881,OK
Macerata,1867,1129,43,Macerata,TAVOLA_VI_1881,NOREF
Mantova,1867,1664,20,Mantova,TAVOLA_VI_1881,OK
Massa e Carrara,1867,777,45,Massa e Carrara,TAVOLA_VI_1881,OK
Messina,1867,1885,83,Messina,TAVOLA_VI_1881,OK
Milano,1867,7064,15,Milano,TAVOLA_VI_1881,OK
Modena,1867,1445,36,Modena,TAVOLA_VI_1881,OK
Napoli,1867,5615,63,Napoli,TAVOLA_VI_1881,OK
Novara,1867,4448,3,Novara,TAVOLA_VI_1881,OK
Padova,1867,3174,28,Padova,TAVOLA_VI_1881,OK
Palermo,1867,3023,82,Palermo,TAVOLA_VI_1881,OK
Parma,1867,1642,34,Parma,TAVOLA_VI_1881,OK
Pavia,1867,3301,18,Pavia,TAVOLA_VI_1881,OK
Perugia,1867,2655,54,Umbria,TAVOLA_VI_1881,OK
Pesaro e Urbino,1867,678,41,Pesaro e Urbino,TAVOLA_VI_1881,OK
Piacenza,1867,1385,33,Piacenza,TAVOLA_VI_1881,OK
Pisa,1867,1389,50,Pisa,TAVOLA_VI_1881,OK
Porto Maurizio,1867,799,8,Porto Maurizio,TAVOLA_VI_1881,OK
Potenza,1867,4765,76,Potenza,TAVOLA_VI_1881,OK
Ravenna,1867,870,39,Ravenna,TAVOLA_VI_1881,OK
Reggio di Calabria,1867,2271,80,Reggio di Calabria,TAVOLA_VI_1881,OK
Reggio nell' Emilia,1867,1292,35,Reggio nell'Emilia,TAVOLA_VI_1881,OK
Rovigo,1867,1977,29,Rovigo,TAVOLA_VI_1881,OK
Salerno,1867,3996,65,Salerno,TAVOLA_VI_1881,OK
Sassari,1867,1371,90,Sassari,TAVOLA_VI_1881,OK
Siena,1867,1244,52,Siena,TAVOLA_VI_1881,OK
Siracusa,1867,972,89,Siracusa,TAVOLA_VI_1881,OK
Sondrio,1867,795,14,Sondrio,TAVOLA_VI_1881,OK
Teramo,1867,1576,67,Teramo,TAVOLA_VI_1881,OK
Torino,1867,6382,1,Torino,TAVOLA_VI_1881,OK
Trapani,1867,1077,81,Trapani,TAVOLA_VI_1881,OK
Treviso,1867,2602,26,Treviso,TAVOLA_VI_1881,OK
Udine,1867,3760,30,Udine,TAVOLA_VI_1881,OK
Venezia,1867,3934,27,Venezia,TAVOLA_VI_1881,OK
Verona,1867,3018,23,Verona,TAVOLA_VI_1881,OK
Vicenza,1867,3234,24,Vicenza,TAVOLA_VI_1881,OK
Alessandria,1868,5244,6,Alessandria,TAVOLA_VI_1881,OK
Ancona,1868,1090,42,Ancona,TAVOLA_VI_1881,OK
Aquila degli Abruzzi,1868,2036,66,Aquila degli Abruzzi,TAVOLA_VI_1881,OK
Arezzo,1868,1142,51,Arezzo,TAVOLA_VI_1881,OK
Ascoli Piceno,1868,758,44,Ascoli Piceno,TAVOLA_VI_1881,OK
Aveilino,1868,2814,64,Avellino,TAVOLA_VI_1881,OK
Bari delle Puglie,1868,5803,72,Bari delle Puglie,TAVOLA_VI_1881,OK
Belluno,1868,1398,25,Belluno,TAVOLA_VI_1881,OK
Benevento,1868,1699,62,Benevento,TAVOLA_VI_1881,OK
Bergamo,1868,3127,16,Bergamo,TAVOLA_VI_1881,OK
Bologna,1868,2547,37,Bologna,TAVOLA_VI_1881,OK
Brescia,1868,4165,17,Brescia,TAVOLA_VI_1881,OK
Cagliari,1868,1926,92,Cagliari,TAVOLA_VI_1881,OK
Caltanissetta,1868,1765,85,Caltanissetta,TAVOLA_VI_1881,OK
Campobasso,1868,3148,70,Campobasso,TAVOLA_VI_1881,OK
Caserta,1868,4717,61,Caserta,TAVOLA_VI_1881,OK
Catania,1868,2811,87,Catania,TAVOLA_VI_1881,OK
Catanzaro,1868,2184,79,Catanzaro,TAVOLA_VI_1881,OK
Chieti,1868,2840,69,Chieti,TAVOLA_VI_1881,OK
Como,1868,3767,13,Como,TAVOLA_VI_1881,OK
Cosenza,1868,2901,78,Cosenza,TAVOLA_VI_1881,OK
Cremona,1868,3459,19,Cremona,TAVOLA_VI_1881,OK
Cuneo,1868,4658,4,Cuneo,TAVOLA_VI_1881,OK
Ferrara,1868,1217,38,Ferrara,TAVOLA_VI_1881,OK
Firenze,1868,4906,48,Firenze,TAVOLA_VI_1881,OK
Foggia,1868,2776,71,Foggia,TAVOLA_VI_1881,OK
Forlì,1868,1010,40,Forlì,TAVOLA_VI_1881,OK
Genova,1868,5013,10,Genova,TAVOLA_VI_1881,OK
Girgenti,1868,2121,84,Girgenti,TAVOLA_VI_1881,OK
Grosseto,1868,557,53,Grosseto,TAVOLA_VI_1881,OK
Lecce,1868,4193,75,Lecce,TAVOLA_VI_1881,OK
Livorno,1868,840,49,Livorno,TAVOLA_VI_1881,OK
Lucca,1868,1446,46,Lucca,TAVOLA_VI_1881,OK
Macerata,1868,1068,43,Macerata,TAVOLA_VI_1881,OK
Mantova,1868,1597,20,Mantova,TAVOLA_VI_1881,OK
Massa e Carrara,1868,964,45,Massa e Carrara,TAVOLA_VI_1881,OK
Messina,1868,2201,83,Messina,TAVOLA_VI_1881,OK
Milano,1868,8116,15,Milano,TAVOLA_VI_1881,OK
Modena,1868,1799,36,Modena,TAVOLA_VI_1881,OK
Napoli,1868,5775,63,Napoli,TAVOLA_VI_1881,OK
Novara,1868,4614,3,Novara,TAVOLA_VI_1881,OK
Padova,1868,3376,28,Padova,TAVOLA_VI_1881,OK
Palermo,1868,4005,82,Palermo,TAVOLA_VI_1881,OK
Parma,1868,2045,34,Parma,TAVOLA_VI_1881,OK
Pavia,1868,3756,18,Pavia,TAVOLA_VI_1881,OK
Perugia,1868,2592,54,Umbria,TAVOLA_VI_1881,OK
Pesaro e Urbino,1868,677,41,Pesaro e Urbino,TAVOLA_VI_1881,OK
Piacenza,1868,1682,33,Piacenza,TAVOLA_VI_1881,OK
Pisa,1868,1347,50,Pisa,TAVOLA_VI_1881,OK
Porto Maurizio,1868,816,8,Porto Maurizio,TAVOLA_VI_1881,OK
Potenza,1868,4642,76,Potenza,TAVOLA_VI_1881,OK
Ravenna,1868,966,39,Ravenna,TAVOLA_VI_1881,OK
Reggio di Calabria,1868,1837,80,Reggio di Calabria,TAVOLA_VI_1881,OK
Reggio nell' Emilia,1868,1721,35,Reggio nell'Emilia,TAVOLA_VI_1881,OK
Rovigo,1868,1861,29,Rovigo,TAVOLA_VI_1881,OK
Salerno,1868,3868,65,Salerno,TAVOLA_VI_1881,OK
Sassari,1868,1461,90,Sassari,TAVOLA_VI_1881,OK
Siena,1868,1125,52,Siena,TAVOLA_VI_1881,OK
Siracusa,1868,1589,89,Siracusa,TAVOLA_VI_1881,OK
Sondrio,1868,802,14,Sondrio,TAVOLA_VI_1881,OK
Teramo,1868,1948,67,Teramo,TAVOLA_VI_1881,OK
Torino,1868,7101,1,Torino,TAVOLA_VI_1881,OK
Trapani,1868,1565,81,Trapani,TAVOLA_VI_1881,OK
Treviso,1868,2766,26,Treviso,TAVOLA_VI_1881,OK
Udine,1868,3601,30,Udine,TAVOLA_VI_1881,OK
Venezia,1868,2956,27,Venezia,TAVOLA_VI_1881,OK
Verona,1868,3106,23,Verona,TAVOLA_VI_1881,OK
Vicenza,1868,3260,24,Vicenza,TAVOLA_VI_1881,OK
Alessandria,1869,5588,6,Alessandria,TAVOLA_VI_1881,OK
Ancona,1869,1244,42,Ancona,TAVOLA_VI_1881,OK
Aquila degli Abruzzi,1869,2431,66,Aquila degli Abruzzi,TAVOLA_VI_1881,OK
Arezzo,1869,1338,51,Arezzo,TAVOLA_VI_1881,OK
Ascoli Piceno,1869,917,44,Ascoli Piceno,TAVOLA_VI_1881,OK
Aveilino,1869,3475,64,Avellino,TAVOLA_VI_1881,OK
Bari delle Puglie,1869,5906,72,Bari delle Puglie,TAVOLA_VI_1881,OK
Belluno,1869,1407,25,Belluno,TAVOLA_VI_1881,OK
Benevento,1869,2196,62,Benevento,TAVOLA_VI_1881,OK
Bergamo,1869,3044,16,Bergamo,TAVOLA_VI_1881,OK
Bologna,1869,2509,37,Bologna,TAVOLA_VI_1881,OK
Brescia,1869,3703,17,Brescia,TAVOLA_VI_1881,OK
Cagliari,1869,2473,92,Cagliari,TAVOLA_VI_1881,OK
Caltanissetta,1869,2464,85,Caltanissetta,TAVOLA_VI_1881,OK
Campobasso,1869,3393,70,Campobasso,TAVOLA_VI_1881,OK
Caserta,1869,6198,61,Caserta,TAVOLA_VI_1881,OK
Catania,1869,4190,87,Catania,TAVOLA_VI_1881,OK
Catanzaro,1869,3653,79,Catanzaro,TAVOLA_VI_1881,OK
Chieti,1869,3136,69,Chieti,TAVOLA_VI_1881,OK
Como,1869,3929,13,Como,TAVOLA_VI_1881,OK
Cosenza,1869,4019,78,Cosenza,TAVOLA_VI_1881,OK
Cremona,1869,2687,19,Cremona,TAVOLA_VI_1881,OK
Cuneo,1869,5243,4,Cuneo,TAVOLA_VI_1881,OK
Ferrara,1869,1281,38,Ferrara,TAVOLA_VI_1881,OK
Firenze,1869,5139,48,Firenze,TAVOLA_VI_1881,OK
Foggia,1869,3330,71,Foggia,TAVOLA_VI_1881,OK
Forlì,1869,1099,40,Forlì,TAVOLA_VI_1881,OK
Genova,1869,5251,10,Genova,TAVOLA_VI_1881,OK
Girgenti,1869,2887,84,Girgenti,TAVOLA_VI_1881,OK
Grosseto,1869,577,53,Grosseto,TAVOLA_VI_1881,OK
Lecce,1869,4642,75,Lecce,TAVOLA_VI_1881,OK
Livorno,1869,827,49,Livorno,TAVOLA_VI_1881,OK
Lucca,1869,1855,46,Lucca,TAVOLA_VI_1881,OK
Macerata,1869,1174,43,Macerata,TAVOLA_VI_1881,OK
Mantova,1869,2567,20,Mantova,TAVOLA_VI_1881,OK
Massa e Carrara,1869,918,45,Massa e Carrara,TAVOLA_VI_1881,OK
Messina,1869,2894,83,Messina,TAVOLA_VI_1881,OK
Milano,1869,8809,15,Milano,TAVOLA_VI_1881,OK
Modena,1869,1761,36,Modena,TAVOLA_VI_1881,OK
Napoli,1869,6715,63,Napoli,TAVOLA_VI_1881,OK
Novara,1869,4698,3,Novara,TAVOLA_VI_1881,OK
Padova,1869,3089,28,Padova,TAVOLA_VI_1881,OK
Palermo,1869,5265,82,Palermo,TAVOLA_VI_1881,OK
Parma,1869,2106,34,Parma,TAVOLA_VI_1881,OK
Pavia,1869,3596,18,Pavia,TAVOLA_VI_1881,OK
Perugia,1869,2974,54,Umbria,TAVOLA_VI_1881,OK
Pesaro e Urbino,1869,807,41,Pesaro e Urbino,TAVOLA_VI_1881,OK
Piacenza,1869,1784,33,Piacenza,TAVOLA_VI_1881,OK
Pisa,1869,1710,50,Pisa,TAVOLA_VI_1881,OK
Porto Maurizio,1869,742,8,Porto Maurizio,TAVOLA_VI_1881,OK
Potenza,1869,4814,76,Potenza,TAVOLA_VI_1881,OK
Ravenna,1869,1133,39,Ravenna,TAVOLA_VI_1881,OK
Reggio di Calabria,1869,2988,80,Reggio di Calabria,TAVOLA_VI_1881,OK
Reggio nell' Emilia,1869,1813,35,Reggio nell'Emilia,TAVOLA_VI_1881,OK
Rovigo,1869,1906,29,Rovigo,TAVOLA_VI_1881,OK
Salerno,1869,4873,65,Salerno,TAVOLA_VI_1881,OK
Sassari,1869,1664,90,Sassari,TAVOLA_VI_1881,OK
Siena,1869,1433,52,Siena,TAVOLA_VI_1881,OK
Siracusa,1869,2770,89,Siracusa,TAVOLA_VI_1881,OK
Sondrio,1869,790,14,Sondrio,TAVOLA_VI_1881,OK
Teramo,1869,1862,67,Teramo,TAVOLA_VI_1881,OK
Torino,1869,7195,1,Torino,TAVOLA_VI_1881,OK
Trapani,1869,1991,81,Trapani,TAVOLA_VI_1881,OK
Treviso,1869,2976,26,Treviso,TAVOLA_VI_1881,OK
Udine,1869,3857,30,Udine,TAVOLA_VI_1881,OK
Venezia,1869,2793,27,Venezia,TAVOLA_VI_1881,OK
Verona,1869,3015,23,Verona,TAVOLA_VI_1881,OK
Vicenza,1869,3134,24,Vicenza,TAVOLA_VI_1881,OK
Alessandria,1870,5509,6,Alessandria,TAVOLA_VI_1881,OK
Ancona,1870,1267,42,Ancona,TAVOLA_VI_1881,OK
Aquila degli Abruzzi,1870,2371,66,Aquila degli Abruzzi,TAVOLA_VI_1881,OK
Arezzo,1870,1346,51,Arezzo,TAVOLA_VI_1881,OK
Ascoli Piceno,1870,764,44,Ascoli Piceno,TAVOLA_VI_1881,OK
Aveilino,1870,2940,64,Avellino,TAVOLA_VI_1881,OK
Bari delle Puglie,1870,4690,72,Bari delle Puglie,TAVOLA_VI_1881,OK
Belluno,1870,1393,25,Belluno,TAVOLA_VI_1881,OK
Benevento,1870,1704,62,Benevento,TAVOLA_VI_1881,OK
Bergamo,1870,2881,16,Bergamo,TAVOLA_VI_1881,OK
Bologna,1870,2770,37,Bologna,TAVOLA_VI_1881,OK
Brescia,1870,3305,17,Brescia,TAVOLA_VI_1881,OK
Cagliari,1870,2658,92,Cagliari,TAVOLA_VI_1881,OK
Caltanissetta,1870,1983,85,Caltanissetta,TAVOLA_VI_1881,OK
Campobasso,1870,3031,70,Campobasso,TAVOLA_VI_1881,OK
Caserta,1870,5514,61,Caserta,TAVOLA_VI_1881,OK
Catania,1870,4300,87,Catania,TAVOLA_VI_1881,OK
Catanzaro,1870,2736,79,Catanzaro,TAVOLA_VI_1881,OK
Chieti,1870,2563,69,Chieti,TAVOLA_VI_1881,OK
Como,1870,4058,13,Como,TAVOLA_VI_1881,OK
Cosenza,1870,3298,78,Cosenza,TAVOLA_VI_1881,OK
Cremona,1870,2258,19,Cremona,TAVOLA_VI_1881,OK
Cuneo,1870,5210,4,Cuneo,TAVOLA_VI_1881,OK
Ferrara,1870,1261,38,Ferrara,TAVOLA_VI_1881,OK
Firenze,1870,5409,48,Firenze,TAVOLA_VI_1881,OK
Foggia,1870,2558,71,Foggia,TAVOLA_VI_1881,OK
Forlì,1870,1189,40,Forlì,TAVOLA_VI_1881,OK
Genova,1870,4915,10,Genova,TAVOLA_VI_1881,OK
Girgenti,1870,2336,84,Girgenti,TAVOLA_VI_1881,OK
Grosseto,1870,604,53,Grosseto,TAVOLA_VI_1881,OK
Lecce,1870,3174,75,Lecce,TAVOLA_VI_1881,OK
Livorno,1870,749,49,Livorno,TAVOLA_VI_1881,OK
Lucca,1870,1860,46,Lucca,TAVOLA_VI_1881,OK
Macerata,1870,1044,43,Macerata,TAVOLA_VI_1881,OK
Mantova,1870,2367,20,Mantova,TAVOLA_VI_1881,OK
Massa e Carrara,1870,919,45,Massa e Carrara,TAVOLA_VI_1881,OK
Messina,1870,2502,83,Messina,TAVOLA_VI_1881,OK
Milano,1870,8493,15,Milano,TAVOLA_VI_1881,OK
Modena,1870,1800,36,Modena,TAVOLA_VI_1881,OK
Napoli,1870,6572,63,Napoli,TAVOLA_VI_1881,OK
Novara,1870,4853,3,Novara,TAVOLA_VI_1881,OK
Padova,1870,2760,28,Padova,TAVOLA_VI_1881,OK
Palermo,1870,4462,82,Palermo,TAVOLA_VI_1881,OK
Parma,1870,1982,34,Parma,TAVOLA_VI_1881,OK
Pavia,1870,3572,18,Pavia,TAVOLA_VI_1881,OK
Perugia,1870,2670,54,Umbria,TAVOLA_VI_1881,OK
Pesaro e Urbino,1870,852,41,Pesaro e Urbino,TAVOLA_VI_1881,OK
Piacenza,1870,1657,33,Piacenza,TAVOLA_VI_1881,OK
Pisa,1870,1646,50,Pisa,TAVOLA_VI_1881,OK
Porto Maurizio,1870,905,8,Porto Maurizio,TAVOLA_VI_1881,OK
Potenza,1870,3886,76,Potenza,TAVOLA_VI_1881,OK
Ravenna,1870,1047,39,Ravenna,TAVOLA_VI_1881,OK
Reggio di Calabria,1870,2565,80,Reggio di Calabria,TAVOLA_VI_1881,OK
Reggio nell' Emilia,1870,1871,35,Reggio nell'Emilia,TAVOLA_VI_1881,OK
Rovigo,1870,1724,29,Rovigo,TAVOLA_VI_1881,OK
Salerno,1870,4212,65,Salerno,TAVOLA_VI_1881,OK
Sassari,1870,1578,90,Sassari,TAVOLA_VI_1881,OK
Siena,1870,1384,52,Siena,TAVOLA_VI_1881,OK
Siracusa,1870,2456,89,Siracusa,TAVOLA_VI_1881,OK
Sondrio,1870,822,14,Sondrio,TAVOLA_VI_1881,OK
Teramo,1870,1615,67,Teramo,TAVOLA_VI_1881,OK
Torino,1870,7234,1,Torino,TAVOLA_VI_1881,OK
Trapani,1870,1903,81,Trapani,TAVOLA_VI_1881,OK
Treviso,1870,2671,26,Treviso,TAVOLA_VI_1881,OK
Udine,1870,3775,30,Udine,TAVOLA_VI_1881,OK
Venezia,1870,2719,27,Venezia,TAVOLA_VI_1881,OK
Verona,1870,2742,23,Verona,TAVOLA_VI_1881,OK
Vicenza,1870,3135,24,Vicenza,TAVOLA_VI_1881,OK
Alessandria,1871,5333,6,Alessandria,TAVOLA_VI_1881,OK
Ancona,1871,1255,42,Ancona,TAVOLA_VI_1881,OK
Aquila degli Abruzzi,1871,2362,66,Aquila degli Abruzzi,TAVOLA_VI_1881,OK
Arezzo,1871,1318,51,Arezzo,TAVOLA_VI_1881,OK
Ascoli Piceno,1871,675,44,Ascoli Piceno,TAVOLA_VI_1881,OK
Aveilino,1871,3027,64,Avellino,TAVOLA_VI_1881,OK
Bari delle Puglie,1871,4811,72,Bari delle Puglie,TAVOLA_VI_1881,OK
Belluno,1871,1461,25,Belluno,TAVOLA_VI_1881,OK
Benevento,1871,1884,62,Benevento,TAVOLA_VI_1881,OK
Bergamo,1871,2869,16,Bergamo,TAVOLA_VI_1881,OK
Bologna,1871,2588,37,Bologna,TAVOLA_VI_1881,OK
Brescia,1871,3421,17,Brescia,TAVOLA_VI_1881,OK
Cagliari,1871,2546,92,Cagliari,TAVOLA_VI_1881,OK
Caltanissetta,1871,2266,85,Caltanissetta,TAVOLA_VI_1881,OK
Campobasso,1871,3991,70,Campobasso,TAVOLA_VI_1881,OK
Caserta,1871,5343,61,Caserta,TAVOLA_VI_1881,OK
Catania,1871,4414,87,Catania,TAVOLA_VI_1881,OK
Catanzaro,1871,3064,79,Catanzaro,TAVOLA_VI_1881,OK
Chieti,1871,3350,69,Chieti,TAVOLA_VI_1881,OK
Como,1871,3870,13,Como,TAVOLA_VI_1881,OK
Cosenza,1871,3775,78,Cosenza,TAVOLA_VI_1881,OK
Cremona,1871,2259,19,Cremona,TAVOLA_VI_1881,OK
Cuneo,1871,5960,4,Cuneo,TAVOLA_VI_1881,OK
Ferrara,1871,1306,38,Ferrara,TAVOLA_VI_1881,OK
Firenze,1871,5509,48,Firenze,TAVOLA_VI_1881,OK
Foggia,1871,2908,71,Foggia,TAVOLA_VI_1881,OK
Forlì,1871,1017,40,Forlì,TAVOLA_VI_1881,OK
Genova,1871,5371,10,Genova,TAVOLA_VI_1881,OK
Girgenti,1871,2488,84,Girgenti,TAVOLA_VI_1881,OK
Grosseto,1871,608,53,Grosseto,TAVOLA_VI_1881,OK
Lecce,1871,3937,75,Lecce,TAVOLA_VI_1881,OK
Livorno,1871,839,49,Livorno,TAVOLA_VI_1881,OK
Lucca,1871,2034,46,Lucca,TAVOLA_VI_1881,OK
Macerata,1871,1085,43,Macerata,TAVOLA_VI_1881,OK
Mantova,1871,1369,20,Mantova,TAVOLA_VI_1881,OK
Massa e Carrara,1871,964,45,Massa e Carrara,TAVOLA_VI_1881,OK
Messina,1871,2993,83,Messina,TAVOLA_VI_1881,OK
Milano,1871,8893,15,Milano,TAVOLA_VI_1881,OK
Modena,1871,1492,36,Modena,TAVOLA_VI_1881,OK
Napoli,1871,6823,63,Napoli,TAVOLA_VI_1881,OK
Novara,1871,4893,3,Novara,TAVOLA_VI_1881,OK
Padova,1871,2692,28,Padova,TAVOLA_VI_1881,OK
Palermo,1871,4765,82,Palermo,TAVOLA_VI_1881,OK
Parma,1871,1888,34,Parma,TAVOLA_VI_1881,OK
Pavia,1871,3302,18,Pavia,TAVOLA_VI_1881,OK
Perugia,1871,2671,54,Umbria,TAVOLA_VI_1881,OK
Pesaro e Urbino,1871,871,41,Pesaro e Urbino,TAVOLA_VI_1881,OK
Piacenza,1871,1586,33,Piacenza,TAVOLA_VI_1881,OK
Pisa,1871,1755,50,Pisa,TAVOLA_VI_1881,OK
Porto Maurizio,1871,921,8,Porto Maurizio,TAVOLA_VI_1881,OK
Potenza,1871,4315,76,Potenza,TAVOLA_VI_1881,OK
Ravenna,1871,1069,39,Ravenna,TAVOLA_VI_1881,OK
Reggio di Calabria,1871,2987,80,Reggio di Calabria,TAVOLA_VI_1881,OK
Reggio nell' Emilia,1871,1570,35,Reggio nell'Emilia,TAVOLA_VI_1881,OK
Rovigo,1871,1624,29,Rovigo,TAVOLA_VI_1881,OK
Salerno,1871,4467,65,Salerno,TAVOLA_VI_1881,OK
Sassari,1871,1518,90,Sassari,TAVOLA_VI_1881,OK
Siena,1871,1323,52,Siena,TAVOLA_VI_1881,OK
Siracusa,1871,2513,89,Siracusa,TAVOLA_VI_1881,OK
Sondrio,1871,767,14,Sondrio,TAVOLA_VI_1881,OK
Teramo,1871,1403,67,Teramo,TAVOLA_VI_1881,OK
Torino,1871,7718,1,Torino,TAVOLA_VI_1881,OK
Trapani,1871,2258,81,Trapani,TAVOLA_VI_1881,OK
Treviso,1871,2581,26,Treviso,TAVOLA_VI_1881,OK
Udine,1871,3858,30,Udine,TAVOLA_VI_1881,OK
Venezia,1871,2557,27,Venezia,TAVOLA_VI_1881,OK
Verona,1871,2705,23,Verona,TAVOLA_VI_1881,OK
Vicenza,1871,2784,24,Vicenza,TAVOLA_VI_1881,OK
Alessandria,1872,5781,6,Alessandria,TAVOLA_VI_1881,OK
Ancona,1872,1497,42,Ancona,TAVOLA_VI_1881,OK
Aquila degli Abruzzi,1872,2558,66,Aquila degli Abruzzi,TAVOLA_VI_1881,OK
Arezzo,1872,1322,51,Arezzo,TAVOLA_VI_1881,OK
Ascoli Piceno,1872,985,44,Ascoli Piceno,TAVOLA_VI_1881,OK
Aveilino,1872,3240,64,Avellino,TAVOLA_VI_1881,OK
Bari delle Puglie,1872,5266,72,Bari delle Puglie,TAVOLA_VI_1881,OK
Belluno,1872,1843,25,Belluno,TAVOLA_VI_1881,OK
Benevento,1872,2026,62,Benevento,TAVOLA_VI_1881,OK
Bergamo,1872,2730,16,Bergamo,TAVOLA_VI_1881,OK
Bologna,1872,2585,37,Bologna,TAVOLA_VI_1881,OK
Brescia,1872,3552,17,Brescia,TAVOLA_VI_1881,OK
Cagliari,1872,2766,92,Cagliari,TAVOLA_VI_1881,OK
Caltanissetta,1872,2261,85,Caltanissetta,TAVOLA_VI_1881,OK
Campobasso,1872,3201,70,Campobasso,TAVOLA_VI_1881,OK
Caserta,1872,5460,61,Caserta,TAVOLA_VI_1881,OK
Catania,1872,4359,87,Catania,TAVOLA_VI_1881,OK
Catanzaro,1872,3132,79,Catanzaro,TAVOLA_VI_1881,OK
Chieti,1872,2839,69,Chieti,TAVOLA_VI_1881,OK
Como,1872,4329,13,Como,TAVOLA_VI_1881,OK
Cosenza,1872,3634,78,Cosenza,TAVOLA_VI_1881,OK
Cremona,1872,2468,19,Cremona,TAVOLA_VI_1881,OK
Cuneo,1872,5239,4,Cuneo,TAVOLA_VI_1881,OK
Ferrara,1872,1333,38,Ferrara,TAVOLA_VI_1881,OK
Firenze,1872,5686,48,Firenze,TAVOLA_VI_1881,OK
Foggia,1872,3156,71,Foggia,TAVOLA_VI_1881,OK
Forlì,1872,1118,40,Forlì,TAVOLA_VI_1881,OK
Genova,1872,5690,10,Genova,TAVOLA_VI_1881,OK
Girgenti,1872,2792,84,Girgenti,TAVOLA_VI_1881,OK
Grosseto,1872,656,53,Grosseto,TAVOLA_VI_1881,OK
Lecce,1872,3983,75,Lecce,TAVOLA_VI_1881,OK
Livorno,1872,869,49,Livorno,TAVOLA_VI_1881,OK
Lucca,1872,1920,46,Lucca,TAVOLA_VI_1881,OK
Macerata,1872,1231,43,Macerata,TAVOLA_VI_1881,OK
Mantova,1872,2125,20,Mantova,TAVOLA_VI_1881,OK
Massa e Carrara,1872,889,45,Massa e Carrara,TAVOLA_VI_1881,OK
Messina,1872,3244,83,Messina,TAVOLA_VI_1881,OK
Milano,1872,9370,15,Milano,TAVOLA_VI_1881,OK
Modena,1872,1618,36,Modena,TAVOLA_VI_1881,OK
Napoli,1872,6881,63,Napoli,TAVOLA_VI_1881,OK
Novara,1872,5488,3,Novara,TAVOLA_VI_1881,OK
Padova,1872,2636,28,Padova,TAVOLA_VI_1881,OK
Palermo,1872,5119,82,Palermo,TAVOLA_VI_1881,OK
Parma,1872,1872,34,Parma,TAVOLA_VI_1881,OK
Pavia,1872,3945,18,Pavia,TAVOLA_VI_1881,OK
Perugia,1872,2959,54,Umbria,TAVOLA_VI_1881,OK
Pesaro e Urbino,1872,1100,41,Pesaro e Urbino,TAVOLA_VI_1881,OK
Piacenza,1872,1732,33,Piacenza,TAVOLA_VI_1881,OK
Pisa,1872,1905,50,Pisa,TAVOLA_VI_1881,OK
Porto Maurizio,1872,840,8,Porto Maurizio,TAVOLA_VI_1881,OK
Potenza,1872,4995,76,Potenza,TAVOLA_VI_1881,OK
Ravenna,1872,1249,39,Ravenna,TAVOLA_VI_1881,OK
Reggio di Calabria,1872,2521,80,Reggio di Calabria,TAVOLA_VI_1881,OK
Reggio nell' Emilia,1872,1550,35,Reggio nell'Emilia,TAVOLA_VI_1881,OK
Roma *,1872,2516,58,Roma,TAVOLA_VI_1881,OK
Rovigo,1872,1439,29,Rovigo,TAVOLA_VI_1881,OK
Salerno,1872,4872,65,Salerno,TAVOLA_VI_1881,OK
Sassari,1872,1635,90,Sassari,TAVOLA_VI_1881,OK
Siena,1872,1415,52,Siena,TAVOLA_VI_1881,OK
Siracusa,1872,2429,89,Siracusa,TAVOLA_VI_1881,OK
Sondrio,1872,837,14,Sondrio,TAVOLA_VI_1881,OK
Teramo,1872,1591,67,Teramo,TAVOLA_VI_1881,OK
Torino,1872,7583,1,Torino,TAVOLA_VI_1881,OK
Trapani,1872,2403,81,Trapani,TAVOLA_VI_1881,OK
Treviso,1872,2991,26,Treviso,TAVOLA_VI_1881,OK
Udine,1872,3118,30,Udine,TAVOLA_VI_1881,OK
Venezia,1872,2194,27,Venezia,TAVOLA_VI_1881,OK
Verona,1872,2474,23,Verona,TAVOLA_VI_1881,OK
Vicenza,1872,2489,24,Vicenza,TAVOLA_VI_1881,OK
Alessandria,1873,5753,6,Alessandria,TAVOLA_VI_1881,OK
Ancona,1873,1709,42,Ancona,TAVOLA_VI_1881,OK
Aquila degli Abruzzi,1873,3047,66,Aquila degli Abruzzi,TAVOLA_VI_1881,OK
Arezzo,1873,1457,51,Arezzo,TAVOLA_VI_1881,OK
Ascoli Piceno,1873,1041,44,Ascoli Piceno,TAVOLA_VI_1881,OK
Aveilino,1873,3480,64,Avellino,TAVOLA_VI_1881,OK
Bari delle Puglie,1873,5075,72,Bari delle Puglie,TAVOLA_VI_1881,OK
Belluno,1873,1511,25,Belluno,TAVOLA_VI_1881,OK
Benevento,1873,2108,62,Benevento,TAVOLA_VI_1881,OK
Bergamo,1873,2772,16,Bergamo,TAVOLA_VI_1881,OK
Bologna,1873,3030,37,Bologna,TAVOLA_VI_1881,OK
Brescia,1873,3757,17,Brescia,TAVOLA_VI_1881,OK
Cagliari,1873,3176,92,Cagliari,TAVOLA_VI_1881,OK
Caltanissetta,1873,2269,85,Caltanissetta,TAVOLA_VI_1881,OK
Campobasso,1873,3691,70,Campobasso,TAVOLA_VI_1881,OK
Caserta,1873,6090,61,Caserta,TAVOLA_VI_1881,OK
Catania,1873,4438,87,Catania,TAVOLA_VI_1881,OK
Catanzaro,1873,3858,79,Catanzaro,TAVOLA_VI_1881,OK
Chieti,1873,3183,69,Chieti,TAVOLA_VI_1881,OK
Como,1873,4259,13,Como,TAVOLA_VI_1881,OK
Cosenza,1873,3720,78,Cosenza,TAVOLA_VI_1881,OK
Cremona,1873,2549,19,Cremona,TAVOLA_VI_1881,OK
Cuneo,1873,4841,4,Cuneo,TAVOLA_VI_1881,OK
Ferrara,1873,1494,38,Ferrara,TAVOLA_VI_1881,OK
Firenze,1873,5968,48,Firenze,TAVOLA_VI_1881,OK
Foggia,1873,3385,71,Foggia,TAVOLA_VI_1881,OK
Forlì,1873,1262,40,Forlì,TAVOLA_VI_1881,OK
Genova,1873,5585,10,Genova,TAVOLA_VI_1881,OK
Girgenti,1873,2659,84,Girgenti,TAVOLA_VI_1881,OK
Grosseto,1873,727,53,Grosseto,TAVOLA_VI_1881,OK
Lecce,1873,4233,75,Lecce,TAVOLA_VI_1881,OK
Livorno,1873,850,49,Livorno,TAVOLA_VI_1881,OK
Lucca,1873,2119,46,Lucca,TAVOLA_VI_1881,OK
Macerata,1873,1437,43,Macerata,TAVOLA_VI_1881,OK
Mantova,1873,2440,20,Mantova,TAVOLA_VI_1881,OK
Massa e Carrara,1873,986,45,Massa e Carrara,TAVOLA_VI_1881,OK
Messina,1873,3407,83,Messina,TAVOLA_VI_1881,OK
Milano,1873,9198,15,Milano,TAVOLA_VI_1881,OK
Modena,1873,2090,36,Modena,TAVOLA_VI_1881,OK
Napoli,1873,7259,63,Napoli,TAVOLA_VI_1881,OK
Novara,1873,5265,3,Novara,TAVOLA_VI_1881,OK
Padova,1873,2676,28,Padova,TAVOLA_VI_1881,OK
Palermo,1873,5723,82,Palermo,TAVOLA_VI_1881,NOREF
Parma,1873,2111,34,Parma,TAVOLA_VI_1881,OK
Pavia,1873,3969,18,Pavia,TAVOLA_VI_1881,OK
Perugia,1873,3171,54,Umbria,TAVOLA_VI_1881,OK
Pesaro e Urbino,1873,1461,41,Pesaro e Urbino,TAVOLA_VI_1881,OK
Piacenza,1873,1780,33,Piacenza,TAVOLA_VI_1881,OK
Pisa,1873,1879,50,Pisa,TAVOLA_VI_1881,OK
Porto Maurizio,1873,986,8,Porto Maurizio,TAVOLA_VI_1881,OK
Potenza,1873,5177,76,Potenza,TAVOLA_VI_1881,OK
Ravenna,1873,1268,39,Ravenna,TAVOLA_VI_1881,OK
Reggio di Calabria,1873,3456,80,Reggio di Calabria,TAVOLA_VI_1881,OK
Reggio nell' Emilia,1873,1786,35,Reggio nell'Emilia,TAVOLA_VI_1881,OK
Roma *,1873,3164,58,Roma,TAVOLA_VI_1881,OK
Rovigo,1873,1722,29,Rovigo,TAVOLA_VI_1881,OK
Salerno,1873,4903,65,Salerno,TAVOLA_VI_1881,OK
Sassari,1873,1631,90,Sassari,TAVOLA_VI_1881,OK
Siena,1873,1325,52,Siena,TAVOLA_VI_1881,OK
Siracusa,1873,2395,89,Siracusa,TAVOLA_VI_1881,OK
Sondrio,1873,815,14,Sondrio,TAVOLA_VI_1881,OK
Teramo,1873,1886,67,Teramo,TAVOLA_VI_1881,OK
Torino,1873,7203,1,Torino,TAVOLA_VI_1881,NOREF
Trapani,1873,2418,81,Trapani,TAVOLA_VI_1881,OK
Treviso,1873,2669,26,Treviso,TAVOLA_VI_1881,OK
Udine,1873,3880,30,Udine,TAVOLA_VI_1881,OK
Venezia,1873,2536,27,Venezia,TAVOLA_VI_1881,OK
Verona,1873,2996,23,Verona,TAVOLA_VI_1881,OK
Vicenza,1873,2802,24,Vicenza,TAVOLA_VI_1881,OK
Alessandria,1874,6019,6,Alessandria,TAVOLA_VI_1881,OK
Ancona,1874,1732,42,Ancona,TAVOLA_VI_1881,OK
Aquila degli Abruzzi,1874,3094,66,Aquila degli Abruzzi,TAVOLA_VI_1881,OK
Arezzo,1874,1609,51,Arezzo,TAVOLA_VI_1881,OK
Ascoli Piceno,1874,1058,44,Ascoli Piceno,TAVOLA_VI_1881,OK
Aveilino,1874,3634,64,Avellino,TAVOLA_VI_1881,OK
Bari delle Puglie,1874,4973,72,Bari delle Puglie,TAVOLA_VI_1881,OK
Belluno,1874,1442,25,Belluno,TAVOLA_VI_1881,OK
Benevento,1874,1947,62,Benevento,TAVOLA_VI_1881,OK
Bergamo,1874,2903,16,Bergamo,TAVOLA_VI_1881,OK
Bologna,1874,2865,37,Bologna,TAVOLA_VI_1881,OK
Brescia,1874,3587,17,Brescia,TAVOLA_VI_1881,OK
Cagliari,1874,3251,92,Cagliari,TAVOLA_VI_1881,OK
Caltanissetta,1874,2040,85,Caltanissetta,TAVOLA_VI_1881,OK
Campobasso,1874,3437,70,Campobasso,TAVOLA_VI_1881,OK
Caserta,1874,5375,61,Caserta,TAVOLA_VI_1881,OK
Catania,1874,4288,87,Catania,TAVOLA_VI_1881,OK
Catanzaro,1874,3179,79,Catanzaro,TAVOLA_VI_1881,OK
Chieti,1874,2657,69,Chieti,TAVOLA_VI_1881,OK
Como,1874,4308,13,Como,TAVOLA_VI_1881,OK
Cosenza,1874,3445,78,Cosenza,TAVOLA_VI_1881,OK
Cremona,1874,2335,19,Cremona,TAVOLA_VI_1881,OK
Cuneo,1874,4952,4,Cuneo,TAVOLA_VI_1881,OK
Ferrara,1874,1590,38,Ferrara,TAVOLA_VI_1881,OK
Firenze,1874,5758,48,Firenze,TAVOLA_VI_1881,OK
Foggia,1874,3002,71,Foggia,TAVOLA_VI_1881,OK
Forlì,1874,1455,40,Forlì,TAVOLA_VI_1881,OK
Genova,1874,5574,10,Genova,TAVOLA_VI_1881,OK
Girgenti,1874,2308,84,Girgenti,TAVOLA_VI_1881,OK
Grosseto,1874,758,53,Grosseto,TAVOLA_VI_1881,OK
Lecce,1874,3249,75,Lecce,TAVOLA_VI_1881,OK
Livorno,1874,856,49,Livorno,TAVOLA_VI_1881,OK
Lucca,1874,1909,46,Lucca,TAVOLA_VI_1881,OK
Macerata,1874,1437,43,Macerata,TAVOLA_VI_1881,OK
Mantova,1874,2359,20,Mantova,TAVOLA_VI_1881,OK
Massa e Carrara,1874,1050,45,Massa e Carrara,TAVOLA_VI_1881,OK
Messina,1874,2894,83,Messina,TAVOLA_VI_1881,OK
Milano,1874,8636,15,Milano,TAVOLA_VI_1881,OK
Modena,1874,2218,36,Modena,TAVOLA_VI_1881,OK
Napoli,1874,7194,63,Napoli,TAVOLA_VI_1881,OK
Novara,1874,5333,3,Novara,TAVOLA_VI_1881,OK
Padova,1874,2775,28,Padova,TAVOLA_VI_1881,OK
Palermo,1874,4803,82,Palermo,TAVOLA_VI_1881,OK
Parma,1874,2187,34,Parma,TAVOLA_VI_1881,OK
Pavia,1874,3815,18,Pavia,TAVOLA_VI_1881,OK
Perugia,1874,3098,54,Umbria,TAVOLA_VI_1881,OK
Pesaro e Urbino,1874,1541,41,Pesaro e Urbino,TAVOLA_VI_1881,OK
Piacenza,1874,1758,33,Piacenza,TAVOLA_VI_1881,OK
Pisa,1874,1988,50,Pisa,TAVOLA_VI_1881,OK
Porto Maurizio,1874,899,8,Porto Maurizio,TAVOLA_VI_1881,OK
Potenza,1874,4736,76,Potenza,TAVOLA_VI_1881,OK
Ravenna,1874,1342,39,Ravenna,TAVOLA_VI_1881,OK
Reggio di Calabria,1874,2809,80,Reggio di Calabria,TAVOLA_VI_1881,OK
Reggio nell' Emilia,1874,1684,35,Reggio nell'Emilia,TAVOLA_VI_1881,OK
Roma *,1874,3811,58,Roma,TAVOLA_VI_1881,OK
Rovigo,1874,1548,29,Rovigo,TAVOLA_VI_1881,OK
Salerno,1874,4426,65,Salerno,TAVOLA_VI_1881,OK
Sassari,1874,2272,90,Sassari,TAVOLA_VI_1881,OK
Siena,1874,1536,52,Siena,TAVOLA_VI_1881,OK
Siracusa,1874,2690,89,Siracusa,TAVOLA_VI_1881,OK
Sondrio,1874,809,14,Sondrio,TAVOLA_VI_1881,OK
Teramo,1874,1666,67,Teramo,TAVOLA_VI_1881,OK
Torino,1874,7531,1,Torino,TAVOLA_VI_1881,OK
Trapani,1874,2052,81,Trapani,TAVOLA_VI_1881,NOREF
Treviso,1874,2688,26,Treviso,TAVOLA_VI_1881,OK
Udine,1874,3789,30,Udine,TAVOLA_VI_1881,OK
Venezia,1874,2372,27,Venezia,TAVOLA_VI_1881,OK
Verona,1874,2819,23,Verona,TAVOLA_VI_1881,OK
Vicenza,1874,2843,24,Vicenza,TAVOLA_VI_1881,OK
Alessandria,1875,6540,6,Alessandria,TAVOLA_VI_1881,OK
Ancona,1875,2208,42,Ancona,TAVOLA_VI_1881,OK
Aquila degli Abruzzi,1875,3248,66,Aquila degli Abruzzi,TAVOLA_VI_1881,OK
Arezzo,1875,1901,51,Arezzo,TAVOLA_VI_1881,OK
Ascoli Piceno,1875,1348,44,Ascoli Piceno,TAVOLA_VI_1881,OK
Aveilino,1875,3689,64,Avellino,TAVOLA_VI_1881,OK
Bari delle Puglie,1875,5817,72,Bari delle Puglie,TAVOLA_VI_1881,OK
Belluno,1875,1597,25,Belluno,TAVOLA_VI_1881,OK
Benevento,1875,2225,62,Benevento,TAVOLA_VI_1881,OK
Bergamo,1875,3074,16,Bergamo,TAVOLA_VI_1881,OK
Bologna,1875,3484,37,Bologna,TAVOLA_VI_1881,OK
Brescia,1875,3633,17,Brescia,TAVOLA_VI_1881,OK
Cagliari,1875,3133,92,Cagliari,TAVOLA_VI_1881,OK
Caltanissetta,1875,1952,85,Caltanissetta,TAVOLA_VI_1881,OK
Campobasso,1875,3666,70,Campobasso,TAVOLA_VI_1881,OK
Caserta,1875,6318,61,Caserta,TAVOLA_VI_1881,OK
Catania,1875,4432,87,Catania,TAVOLA_VI_1881,OK
Catanzaro,1875,3709,79,Catanzaro,TAVOLA_VI_1881,OK
Chieti,1875,3205,69,Chieti,TAVOLA_VI_1881,OK
Como,1875,4574,13,Como,TAVOLA_VI_1881,OK
Cosenza,1875,4242,78,Cosenza,TAVOLA_VI_1881,OK
Cremona,1875,2580,19,Cremona,TAVOLA_VI_1881,OK
Cuneo,1875,5420,4,Cuneo,TAVOLA_VI_1881,OK
Ferrara,1875,1381,38,Ferrara,TAVOLA_VI_1881,OK
Firenze,1875,6500,48,Firenze,TAVOLA_VI_1881,OK
Foggia,1875,3211,71,Foggia,TAVOLA_VI_1881,OK
Forlì,1875,1418,40,Forlì,TAVOLA_VI_1881,OK
Genova,1875,5772,10,Genova,TAVOLA_VI_1881,OK
Girgenti,1875,2256,84,Girgenti,TAVOLA_VI_1881,OK
Grosseto,1875,843,53,Grosseto,TAVOLA_VI_1881,OK
Lecce,1875,5117,75,Lecce,TAVOLA_VI_1881,OK
Livorno,1875,930,49,Livorno,TAVOLA_VI_1881,OK
Lucca,1875,2037,46,Lucca,TAVOLA_VI_1881,OK
Macerata,1875,1870,43,Macerata,TAVOLA_VI_1881,OK
Mantova,1875,2460,20,Mantova,TAVOLA_VI_1881,OK
Massa e Carrara,1875,1115,45,Massa e Carrara,TAVOLA_VI_1881,OK
Messina,1875,3827,83,Messina,TAVOLA_VI_1881,OK
Milano,1875,9558,15,Milano,TAVOLA_VI_1881,OK
Modena,1875,2208,36,Modena,TAVOLA_VI_1881,OK
Napoli,1875,7818,63,Napoli,TAVOLA_VI_1881,OK
Novara,1875,5852,3,Novara,TAVOLA_VI_1881,OK
Padova,1875,3180,28,Padova,TAVOLA_VI_1881,OK
Palermo,1875,5425,82,Palermo,TAVOLA_VI_1881,OK
Parma,1875,2242,34,Parma,TAVOLA_VI_1881,OK
Pavia,1875,3982,18,Pavia,TAVOLA_VI_1881,OK
Perugia,1875,4168,54,Umbria,TAVOLA_VI_1881,OK
Pesaro e Urbino,1875,1864,41,Pesaro e Urbino,TAVOLA_VI_1881,OK
Piacenza,1875,1838,33,Piacenza,TAVOLA_VI_1881,OK
Pisa,1875,2229,50,Pisa,TAVOLA_VI_1881,OK
Porto Maurizio,1875,1070,8,Porto Maurizio,TAVOLA_VI_1881,OK
Potenza,1875,5002,76,Potenza,TAVOLA_VI_1881,OK
Ravenna,1875,1543,39,Ravenna,TAVOLA_VI_1881,OK
Reggio di Calabria,1875,2996,80,Reggio di Calabria,TAVOLA_VI_1881,OK
Reggio nell' Emilia,1875,1894,35,Reggio nell'Emilia,TAVOLA_VI_1881,OK
Roma *,1875,4552,58,Roma,TAVOLA_VI_1881,OK
Rovigo,1875,1599,29,Rovigo,TAVOLA_VI_1881,OK
Salerno,1875,4970,65,Salerno,TAVOLA_VI_1881,OK
Sassari,1875,2085,90,Sassari,TAVOLA_VI_1881,OK
Siena,1875,1844,52,Siena,TAVOLA_VI_1881,OK
Siracusa,1875,2620,89,Siracusa,TAVOLA_VI_1881,OK
Sondrio,1875,883,14,Sondrio,TAVOLA_VI_1881,OK
Teramo,1875,2074,67,Teramo,TAVOLA_VI_1881,OK
Torino,1875,7854,1,Torino,TAVOLA_VI_1881,OK
Trapani,1875,2083,81,Trapani,TAVOLA_VI_1881,NOREF
Treviso,1875,3338,26,Treviso,TAVOLA_VI_1881,OK
Udine,1875,4058,30,Udine,TAVOLA_VI_1881,OK
Venezia,1875,2928,27,Venezia,TAVOLA_VI_1881,OK
Verona,1875,2827,23,Verona,TAVOLA_VI_1881,OK
Vicenza,1875,3190,24,Vicenza,TAVOLA_VI_1881,OK
Alessandria,1876,6672,6,Alessandria,TAVOLA_VI_1881,OK
Ancona,1876,2019,42,Ancona,TAVOLA_VI_1881,OK
Aquila degli Abruzzi,1876,2982,66,Aquila degli Abruzzi,TAVOLA_VI_1881,OK
Arezzo,1876,2006,51,Arezzo,TAVOLA_VI_1881,OK
Ascoli Piceno,1876,1369,44,Ascoli Piceno,TAVOLA_VI_1881,OK
Aveilino,1876,3594,64,Avellino,TAVOLA_VI_1881,OK
Bari delle Puglie,1876,5523,72,Bari delle Puglie,TAVOLA_VI_1881,OK
Belluno,1876,1242,25,Belluno,TAVOLA_VI_1881,OK
Benevento,1876,2031,62,Benevento,TAVOLA_VI_1881,OK
Bergamo,1876,3184,16,Bergamo,TAVOLA_VI_1881,OK
Bologna,1876,3591,37,Bologna,TAVOLA_VI_1881,OK
Brescia,1876,3771,17,Brescia,TAVOLA_VI_1881,OK
Cagliari,1876,2625,92,Cagliari,TAVOLA_VI_1881,OK
Caltanissetta,1876,2105,85,Caltanissetta,TAVOLA_VI_1881,OK
Campobasso,1876,3458,70,Campobasso,TAVOLA_VI_1881,OK
Caserta,1876,6208,61,Caserta,TAVOLA_VI_1881,OK
Catania,1876,4195,87,Catania,TAVOLA_VI_1881,OK
Catanzaro,1876,3520,79,Catanzaro,TAVOLA_VI_1881,OK
Chieti,1876,3063,69,Chieti,TAVOLA_VI_1881,OK
Como,1876,4723,13,Como,TAVOLA_VI_1881,OK
Cosenza,1876,4063,78,Cosenza,TAVOLA_VI_1881,OK
Cremona,1876,2351,19,Cremona,TAVOLA_VI_1881,OK
Cuneo,1876,5428,4,Cuneo,TAVOLA_VI_1881,OK
Ferrara,1876,1540,38,Ferrara,TAVOLA_VI_1881,OK
Firenze,1876,6814,48,Firenze,TAVOLA_VI_1881,OK
Foggia,1876,3332,71,Foggia,TAVOLA_VI_1881,OK
Forlì,1876,1495,40,Forlì,TAVOLA_VI_1881,OK
Genova,1876,5606,10,Genova,TAVOLA_VI_1881,OK
Girgenti,1876,2290,84,Girgenti,TAVOLA_VI_1881,OK
Grosseto,1876,771,53,Grosseto,TAVOLA_VI_1881,OK
Lecce,1876,4652,75,Lecce,TAVOLA_VI_1881,OK
Livorno,1876,952,49,Livorno,TAVOLA_VI_1881,OK
Lucca,1876,2209,46,Lucca,TAVOLA_VI_1881,OK
Macerata,1876,1718,43,Macerata,TAVOLA_VI_1881,OK
Mantova,1876,2355,20,Mantova,TAVOLA_VI_1881,OK
Massa e Carrara,1876,1165,45,Massa e Carrara,TAVOLA_VI_1881,OK
Messina,1876,3621,83,Messina,TAVOLA_VI_1881,OK
Milano,1876,9580,15,Milano,TAVOLA_VI_1881,OK
Modena,1876,2299,36,Modena,TAVOLA_VI_1881,OK
Napoli,1876,8187,63,Napoli,TAVOLA_VI_1881,OK
Novara,1876,5412,3,Novara,TAVOLA_VI_1881,OK
Padova,1876,2802,28,Padova,TAVOLA_VI_1881,OK
Palermo,1876,5047,82,Palermo,TAVOLA_VI_1881,OK
Parma,1876,2172,34,Parma,TAVOLA_VI_1881,OK
Pavia,1876,4100,18,Pavia,TAVOLA_VI_1881,OK
Perugia,1876,4002,54,Umbria,TAVOLA_VI_1881,OK
Pesaro e Urbino,1876,1685,41,Pesaro e Urbino,TAVOLA_VI_1881,OK
Piacenza,1876,1933,33,Piacenza,TAVOLA_VI_1881,OK
Pisa,1876,2248,50,Pisa,TAVOLA_VI_1881,OK
Porto Maurizio,1876,995,8,Porto Maurizio,TAVOLA_VI_1881,OK
Potenza,1876,5300,76,Potenza,TAVOLA_VI_1881,OK
Ravenna,1876,1707,39,Ravenna,TAVOLA_VI_1881,OK
Reggio di Calabria,1876,2860,80,Reggio di Calabria,TAVOLA_VI_1881,OK
Reggio nell' Emilia,1876,2010,35,Reggio nell'Emilia,TAVOLA_VI_1881,OK
Roma *,1876,4702,58,Roma,TAVOLA_VI_1881,OK
Rovigo,1876,1605,29,Rovigo,TAVOLA_VI_1881,OK
Salerno,1876,5004,65,Salerno,TAVOLA_VI_1881,OK
Sassari,1876,1900,90,Sassari,TAVOLA_VI_1881,OK
Siena,1876,1684,52,Siena,TAVOLA_VI_1881,OK
Siracusa,1876,2865,89,Siracusa,TAVOLA_VI_1881,OK
Sondrio,1876,938,14,Sondrio,TAVOLA_VI_1881,OK
Teramo,1876,2019,67,Teramo,TAVOLA_VI_1881,OK
Torino,1876,7796,1,Torino,TAVOLA_VI_1881,OK
Trapani,1876,1942,81,Trapani,TAVOLA_VI_1881,NOREF
Treviso,1876,2469,26,Treviso,TAVOLA_VI_1881,OK
Udine,1876,3566,30,Udine,TAVOLA_VI_1881,OK
Venezia,1876,2539,27,Venezia,TAVOLA_VI_1881,OK
Verona,1876,2870,23,Verona,TAVOLA_VI_1881,OK
Vicenza,1876,2972,24,Vicenza,TAVOLA_VI_1881,OK
Alessandria,1877,5814,6,Alessandria,TAVOLA_VI_1881,OK
Ancona,1877,2054,42,Ancona,TAVOLA_VI_1881,OK
Aquila degli Abruzzi,1877,3096,66,Aquila degli Abruzzi,TAVOLA_VI_1881,OK
Arezzo,1877,1570,51,Arezzo,TAVOLA_VI_1881,OK
Ascoli Piceno,1877,1514,44,Ascoli Piceno,TAVOLA_VI_1881,OK
Aveilino,1877,3871,64,Avellino,TAVOLA_VI_1881,OK
Bari delle Puglie,1877,5755,72,Bari delle Puglie,TAVOLA_VI_1881,OK
Belluno,1877,1255,25,Belluno,TAVOLA_VI_1881,OK
Benevento,1877,2141,62,Benevento,TAVOLA_VI_1881,OK
Bergamo,1877,2919,16,Bergamo,TAVOLA_VI_1881,OK
Bologna,1877,3282,37,Bologna,TAVOLA_VI_1881,OK
Brescia,1877,3485,17,Brescia,TAVOLA_VI_1881,OK
Cagliari,1877,2683,92,Cagliari,TAVOLA_VI_1881,OK
Caltanissetta,1877,2197,85,Caltanissetta,TAVOLA_VI_1881,OK
Campobasso,1877,3739,70,Campobasso,TAVOLA_VI_1881,OK
Caserta,1877,6098,61,Caserta,TAVOLA_VI_1881,OK
Catania,1877,4143,87,Catania,TAVOLA_VI_1881,OK
Catanzaro,1877,3664,79,Catanzaro,TAVOLA_VI_1881,OK
Chieti,1877,3171,69,Chieti,TAVOLA_VI_1881,OK
Como,1877,3965,13,Como,TAVOLA_VI_1881,OK
Cosenza,1877,4198,78,Cosenza,TAVOLA_VI_1881,OK
Cremona,1877,2087,19,Cremona,TAVOLA_VI_1881,OK
Cuneo,1877,4833,4,Cuneo,TAVOLA_VI_1881,OK
Ferrara,1877,1382,38,Ferrara,TAVOLA_VI_1881,OK
Firenze,1877,5912,48,Firenze,TAVOLA_VI_1881,OK
Foggia,1877,3422,71,Foggia,TAVOLA_VI_1881,OK
Forlì,1877,1611,40,Forlì,TAVOLA_VI_1881,OK
Genova,1877,5296,10,Genova,TAVOLA_VI_1881,OK
Girgenti,1877,2367,84,Girgenti,TAVOLA_VI_1881,OK
Grosseto,1877,776,53,Grosseto,TAVOLA_VI_1881,OK
Lecce,1877,5029,75,Lecce,TAVOLA_VI_1881,OK
Livorno,1877,854,49,Livorno,TAVOLA_VI_1881,OK
Lucca,1877,1995,46,Lucca,TAVOLA_VI_1881,OK
Macerata,1877,1761,43,Macerata,TAVOLA_VI_1881,OK
Mantova,1877,2115,20,Mantova,TAVOLA_VI_1881,OK
Massa e Carrara,1877,954,45,Massa e Carrara,TAVOLA_VI_1881,OK
Messina,1877,3548,83,Messina,TAVOLA_VI_1881,OK
Milano,1877,8601,15,Milano,TAVOLA_VI_1881,NOREF
Modena,1877,1998,36,Modena,TAVOLA_VI_1881,OK
Napoli,1877,7812,63,Napoli,TAVOLA_VI_1881,OK
Novara,1877,4897,3,Novara,TAVOLA_VI_1881,OK
Padova,1877,2454,28,Padova,TAVOLA_VI_1881,OK
Palermo,1877,5047,82,Palermo,TAVOLA_VI_1881,OK
Parma,1877,1889,34,Parma,TAVOLA_VI_1881,OK
Pavia,1877,3572,18,Pavia,TAVOLA_VI_1881,OK
Perugia,1877,3262,54,Umbria,TAVOLA_VI_1881,OK
Pesaro e Urbino,1877,1655,41,Pesaro e Urbino,TAVOLA_VI_1881,OK
Piacenza,1877,1643,33,Piacenza,TAVOLA_VI_1881,OK
Pisa,1877,1996,50,Pisa,TAVOLA_VI_1881,OK
Porto Maurizio,1877,910,8,Porto Maurizio,TAVOLA_VI_1881,OK
Potenza,1877,5564,76,Potenza,TAVOLA_VI_1881,OK
Ravenna,1877,1516,39,Ravenna,TAVOLA_VI_1881,OK
Reggio di Calabria,1877,2916,80,Reggio di Calabria,TAVOLA_VI_1881,OK
Reggio nell' Emilia,1877,1673,35,Reggio nell'Emilia,TAVOLA_VI_1881,OK
Roma *,1877,5143,58,Roma,TAVOLA_VI_1881,OK
Rovigo,1877,1416,29,Rovigo,TAVOLA_VI_1881,OK
Salerno,1877,4637,65,Salerno,TAVOLA_VI_1881,OK
Sassari,1877,1775,90,Sassari,TAVOLA_VI_1881,OK
Siena,1877,1495,52,Siena,TAVOLA_VI_1881,OK
Siracusa,1877,2602,89,Siracusa,TAVOLA_VI_1881,OK
Sondrio,1877,843,14,Sondrio,TAVOLA_VI_1881,OK
Teramo,1877,1996,67,Teramo,TAVOLA_VI_1881,OK
Torino,1877,7156,1,Torino,TAVOLA_VI_1881,OK
Trapani,1877,2287,81,Trapani,TAVOLA_VI_1881,NOREF
Treviso,1877,2437,26,Treviso,TAVOLA_VI_1881,OK
Udine,1877,3246,30,Udine,TAVOLA_VI_1881,OK
Venezia,1877,2330,27,Venezia,TAVOLA_VI_1881,OK
Verona,1877,2802,23,Verona,TAVOLA_VI_1881,OK
Vicenza,1877,2846,24,Vicenza,TAVOLA_VI_1881,OK
Alessandria,1878,6313,6,Alessandria,TAVOLA_VI_1881,OK
Ancona,1878,1963,42,Ancona,TAVOLA_VI_1881,OK
Aquila degli Abruzzi,1878,2653,66,Aquila degli Abruzzi,TAVOLA_VI_1881,OK
Arezzo,1878,1377,51,Arezzo,TAVOLA_VI_1881,OK
Ascoli Piceno,1878,1440,44,Ascoli Piceno,TAVOLA_VI_1881,OK
Aveilino,1878,3194,64,Avellino,TAVOLA_VI_1881,OK
Bari delle Puglie,1878,5133,72,Bari delle Puglie,TAVOLA_VI_1881,OK
Belluno,1878,1121,25,Belluno,TAVOLA_VI_1881,OK
Benevento,1878,1729,62,Benevento,TAVOLA_VI_1881,OK
Bergamo,1878,2847,16,Bergamo,TAVOLA_VI_1881,OK
Bologna,1878,2784,37,Bologna,TAVOLA_VI_1881,OK
Brescia,1878,3232,17,Brescia,TAVOLA_VI_1881,OK
Cagliari,1878,2618,92,Cagliari,TAVOLA_VI_1881,OK
Caltanissetta,1878,1950,85,Caltanissetta,TAVOLA_VI_1881,OK
Campobasso,1878,3621,70,Campobasso,TAVOLA_VI_1881,OK
Caserta,1878,4903,61,Caserta,TAVOLA_VI_1881,OK
Catania,1878,3853,87,Catania,TAVOLA_VI_1881,OK
Catanzaro,1878,2718,79,Catanzaro,TAVOLA_VI_1881,OK
Chieti,1878,3143,69,Chieti,TAVOLA_VI_1881,OK
Como,1878,3747,13,Como,TAVOLA_VI_1881,OK
Cosenza,1878,3506,78,Cosenza,TAVOLA_VI_1881,OK
Cremona,1878,2222,19,Cremona,TAVOLA_VI_1881,OK
Cuneo,1878,5037,4,Cuneo,TAVOLA_VI_1881,OK
Ferrara,1878,1235,38,Ferrara,TAVOLA_VI_1881,OK
Firenze,1878,5126,48,Firenze,TAVOLA_VI_1881,OK
Foggia,1878,3011,71,Foggia,TAVOLA_VI_1881,OK
Forlì,1878,1286,40,Forlì,TAVOLA_VI_1881,OK
Genova,1878,4868,10,Genova,TAVOLA_VI_1881,OK
Girgenti,1878,2123,84,Girgenti,TAVOLA_VI_1881,OK
Grosseto,1878,739,53,Grosseto,TAVOLA_VI_1881,OK
Lecce,1878,3942,75,Lecce,TAVOLA_VI_1881,OK
Livorno,1878,783,49,Livorno,TAVOLA_VI_1881,OK
Lucca,1878,1740,46,Lucca,TAVOLA_VI_1881,OK
Macerata,1878,1879,43,Macerata,TAVOLA_VI_1881,OK
Mantova,1878,2032,20,Mantova,TAVOLA_VI_1881,OK
Massa e Carrara,1878,828,45,Massa e Carrara,TAVOLA_VI_1881,OK
Messina,1878,3248,83,Messina,TAVOLA_VI_1881,OK
Milano,1878,8534,15,Milano,TAVOLA_VI_1881,OK
Modena,1878,1820,36,Modena,TAVOLA_VI_1881,OK
Napoli,1878,7131,63,Napoli,TAVOLA_VI_1881,OK
Novara,1878,5160,3,Novara,TAVOLA_VI_1881,OK
Padova,1878,2458,28,Padova,TAVOLA_VI_1881,OK
Palermo,1878,5102,82,Palermo,TAVOLA_VI_1881,OK
Parma,1878,1793,34,Parma,TAVOLA_VI_1881,OK
Pavia,1878,3610,18,Pavia,TAVOLA_VI_1881,OK
Perugia,1878,3063,54,Umbria,TAVOLA_VI_1881,OK
Pesaro e Urbino,1878,1403,41,Pesaro e Urbino,TAVOLA_VI_1881,OK
Piacenza,1878,1570,33,Piacenza,TAVOLA_VI_1881,OK
Pisa,1878,1760,50,Pisa,TAVOLA_VI_1881,OK
Porto Maurizio,1878,949,8,Porto Maurizio,TAVOLA_VI_1881,OK
Potenza,1878,4945,76,Potenza,TAVOLA_VI_1881,OK
Ravenna,1878,1255,39,Ravenna,TAVOLA_VI_1881,OK
Reggio di Calabria,1878,2094,80,Reggio di Calabria,TAVOLA_VI_1881,OK
Reggio nell' Emilia,1878,1579,35,Reggio nell'Emilia,TAVOLA_VI_1881,OK
Roma *,1878,5063,58,Roma,TAVOLA_VI_1881,OK
Rovigo,1878,1439,29,Rovigo,TAVOLA_VI_1881,OK
Salerno,1878,3883,65,Salerno,TAVOLA_VI_1881,OK
Sassari,1878,1777,90,Sassari,TAVOLA_VI_1881,OK
Siena,1878,1368,52,Siena,TAVOLA_VI_1881,OK
Siracusa,1878,2483,89,Siracusa,TAVOLA_VI_1881,OK
Sondrio,1878,880,14,Sondrio,TAVOLA_VI_1881,OK
Teramo,1878,2152,67,Teramo,TAVOLA_VI_1881,OK
Torino,1878,7409,1,Torino,TAVOLA_VI_1881,OK
Trapani,1878,2256,81,Trapani,TAVOLA_VI_1881,NOREF
Treviso,1878,2340,26,Treviso,TAVOLA_VI_1881,OK
Udine,1878,3174,30,Udine,TAVOLA_VI_1881,OK
Venezia,1878,2259,27,Venezia,TAVOLA_VI_1881,OK
Verona,1878,2667,23,Verona,TAVOLA_VI_1881,OK
Vicenza,1878,2565,24,Vicenza,TAVOLA_VI_1881,OK
Alessandria,1879,6195,6,Alessandria,TAVOLA_VI_1881,OK
Ancona,1879,2251,42,Ancona,TAVOLA_VI_1881,OK
Aquila degli Abruzzi,1879,2969,66,Aquila degli Abruzzi,TAVOLA_VI_1881,OK
Arezzo,1879,1698,51,Arezzo,TAVOLA_VI_1881,OK
Ascoli Piceno,1879,1527,44,Ascoli Piceno,TAVOLA_VI_1881,OK
Aveilino,1879,3229,64,Avellino,TAVOLA_VI_1881,OK
Bari delle Puglie,1879,6322,72,Bari delle Puglie,TAVOLA_VI_1881,OK
Belluno,1879,1103,25,Belluno,TAVOLA_VI_1881,OK
Benevento,1879,1776,62,Benevento,TAVOLA_VI_1881,OK
Bergamo,1879,2813,16,Bergamo,TAVOLA_VI_1881,OK
Bologna,1879,3288,37,Bologna,TAVOLA_VI_1881,OK
Brescia,1879,3346,17,Brescia,TAVOLA_VI_1881,OK
Cagliari,1879,2762,92,Cagliari,TAVOLA_VI_1881,OK
Caltanissetta,1879,2065,85,Caltanissetta,TAVOLA_VI_1881,OK
Campobasso,1879,3290,70,Campobasso,TAVOLA_VI_1881,OK
Caserta,1879,4986,61,Caserta,TAVOLA_VI_1881,OK
Catania,1879,4266,87,Catania,TAVOLA_VI_1881,OK
Catanzaro,1879,3428,79,Catanzaro,TAVOLA_VI_1881,OK
Chieti,1879,3232,69,Chieti,TAVOLA_VI_1881,OK
Como,1879,3900,13,Como,TAVOLA_VI_1881,OK
Cosenza,1879,3607,78,Cosenza,TAVOLA_VI_1881,OK
Cremona,1879,2253,19,Cremona,TAVOLA_VI_1881,OK
Cuneo,1879,5139,4,Cuneo,TAVOLA_VI_1881,OK
Ferrara,1879,1557,38,Ferrara,TAVOLA_VI_1881,OK
Firenze,1879,5790,48,Firenze,TAVOLA_VI_1881,OK
Foggia,1879,3263,71,Foggia,TAVOLA_VI_1881,OK
Forlì,1879,1772,40,Forlì,TAVOLA_VI_1881,OK
Genova,1879,5261,10,Genova,TAVOLA_VI_1881,OK
Girgenti,1879,2147,84,Girgenti,TAVOLA_VI_1881,OK
Grosseto,1879,739,53,Grosseto,TAVOLA_VI_1881,OK
Lecce,1879,4962,75,Lecce,TAVOLA_VI_1881,OK
Livorno,1879,820,49,Livorno,TAVOLA_VI_1881,OK
Lucca,1879,2084,46,Lucca,TAVOLA_VI_1881,OK
Macerata,1879,1828,43,Macerata,TAVOLA_VI_1881,OK
Mantova,1879,2121,20,Mantova,TAVOLA_VI_1881,OK
Massa e Carrara,1879,1146,45,Massa e Carrara,TAVOLA_VI_1881,OK
Messina,1879,3365,83,Messina,TAVOLA_VI_1881,OK
Milano,1879,8940,15,Milano,TAVOLA_VI_1881,OK
Modena,1879,2118,36,Modena,TAVOLA_VI_1881,OK
Napoli,1879,7802,63,Napoli,TAVOLA_VI_1881,OK
Novara,1879,5153,3,Novara,TAVOLA_VI_1881,OK
Padova,1879,2584,28,Padova,TAVOLA_VI_1881,OK
Palermo,1879,5191,82,Palermo,TAVOLA_VI_1881,OK
Parma,1879,2032,34,Parma,TAVOLA_VI_1881,OK
Pavia,1879,3840,18,Pavia,TAVOLA_VI_1881,OK
Perugia,1879,3893,54,Umbria,TAVOLA_VI_1881,OK
Pesaro e Urbino,1879,1727,41,Pesaro e Urbino,TAVOLA_VI_1881,OK
Piacenza,1879,1737,33,Piacenza,TAVOLA_VI_1881,OK
Pisa,1879,1846,50,Pisa,TAVOLA_VI_1881,OK
Porto Maurizio,1879,858,8,Porto Maurizio,TAVOLA_VI_1881,OK
Potenza,1879,4791,76,Potenza,TAVOLA_VI_1881,OK
Ravenna,1879,1321,39,Ravenna,TAVOLA_VI_1881,OK
Reggio di Calabria,1879,2628,80,Reggio di Calabria,TAVOLA_VI_1881,OK
Reggio nell' Emilia,1879,1950,35,Reggio nell'Emilia,TAVOLA_VI_1881,OK
Roma *,1879,5305,58,Roma,TAVOLA_VI_1881,OK
Rovigo,1879,1471,29,Rovigo,TAVOLA_VI_1881,OK
Salerno,1879,4049,65,Salerno,TAVOLA_VI_1881,OK
Sassari,1879,1878,90,Sassari,TAVOLA_VI_1881,OK
Siena,1879,1535,52,Siena,TAVOLA_VI_1881,OK
Siracusa,1879,2392,89,Siracusa,TAVOLA_VI_1881,OK
Sondrio,1879,767,14,Sondrio,TAVOLA_VI_1881,OK
Teramo,1879,1978,67,Teramo,TAVOLA_VI_1881,OK
Torino,1879,7581,1,Torino,TAVOLA_VI_1881,NOREF
Trapani,1879,2084,81,Trapani,TAVOLA_VI_1881,NOREF
Treviso,1879,2338,26,Treviso,TAVOLA_VI_1881,OK
Udine,1879,3098,30,Udine,TAVOLA_VI_1881,OK
Venezia,1879,2331,27,Venezia,TAVOLA_VI_1881,OK
Verona,1879,2845,23,Verona,TAVOLA_VI_1881,OK
Vicenza,1879,2684,24,Vicenza,TAVOLA_VI_1881,OK
Alessandria,1880,6141,6,Alessandria,TAVOLA_VI_1881,OK
Ancona,1880,1924,42,Ancona,TAVOLA_VI_1881,OK
Aquila degli Abruzzi,1880,2610,66,Aquila degli Abruzzi,TAVOLA_VI_1881,OK
Arezzo,1880,1366,51,Arezzo,TAVOLA_VI_1881,OK
Ascoli Piceno,1880,1428,44,Ascoli Piceno,TAVOLA_VI_1881,OK
Aveilino,1880,3077,64,Avellino,TAVOLA_VI_1881,OK
Bari delle Puglie,1880,5525,72,Bari delle Puglie,TAVOLA_VI_1881,OK
Belluno,1880,959,25,Belluno,TAVOLA_VI_1881,OK
Benevento,1880,1573,62,Benevento,TAVOLA_VI_1881,OK
Bergamo,1880,2738,16,Bergamo,TAVOLA_VI_1881,OK
Bologna,1880,2899,37,Bologna,TAVOLA_VI_1881,OK
Brescia,1880,3195,17,Brescia,TAVOLA_VI_1881,OK
Cagliari,1880,2742,92,Cagliari,TAVOLA_VI_1881,OK
Caltanissetta,1880,2197,85,Caltanissetta,TAVOLA_VI_1881,OK
Campobasso,1880,2915,70,Campobasso,TAVOLA_VI_1881,OK
Caserta,1880,5118,61,Caserta,TAVOLA_VI_1881,OK
Catania,1880,4036,87,Catania,TAVOLA_VI_1881,OK
Catanzaro,1880,2837,79,Catanzaro,TAVOLA_VI_1881,OK
Chieti,1880,2652,69,Chieti,TAVOLA_VI_1881,OK
Como,1880,3629,13,Como,TAVOLA_VI_1881,OK
Cosenza,1880,3325,78,Cosenza,TAVOLA_VI_1881,NOREF
Cremona,1880,2099,19,Cremona,TAVOLA_VI_1881,OK
Cuneo,1880,4628,4,Cuneo,TAVOLA_VI_1881,OK
Ferrara,1880,1133,38,Ferrara,TAVOLA_VI_1881,OK
Firenze,1880,5256,48,Firenze,TAVOLA_VI_1881,OK
Foggia,1880,3091,71,Foggia,TAVOLA_VI_1881,OK
Forlì,1880,1878,40,Forlì,TAVOLA_VI_1881,OK
Genova,1880,4903,10,Genova,TAVOLA_VI_1881,OK
Girgenti,1880,2279,84,Girgenti,TAVOLA_VI_1881,OK
Grosseto,1880,792,53,Grosseto,TAVOLA_VI_1881,OK
Lecce,1880,3864,75,Lecce,TAVOLA_VI_1881,OK
Livorno,1880,886,49,Livorno,TAVOLA_VI_1881,OK
Lucca,1880,1865,46,Lucca,TAVOLA_VI_1881,OK
Macerata,1880,1690,43,Macerata,TAVOLA_VI_1881,OK
Mantova,1880,1918,20,Mantova,TAVOLA_VI_1881,OK
Massa e Carrara,1880,1086,45,Massa e Carrara,TAVOLA_VI_1881,OK
Messina,1880,2584,83,Messina,TAVOLA_VI_1881,OK
Milano,1880,8132,15,Milano,TAVOLA_VI_1881,OK
Modena,1880,1926,36,Modena,TAVOLA_VI_1881,OK
Napoli,1880,7560,63,Napoli,TAVOLA_VI_1881,OK
Novara,1880,4785,3,Novara,TAVOLA_VI_1881,OK
Padova,1880,2163,28,Padova,TAVOLA_VI_1881,OK
Palermo,1880,4801,82,Palermo,TAVOLA_VI_1881,OK
Parma,1880,1810,34,Parma,TAVOLA_VI_1881,OK
Pavia,1880,3498,18,Pavia,TAVOLA_VI_1881,OK
Perugia,1880,3193,54,Umbria,TAVOLA_VI_1881,OK
Pesaro e Urbino,1880,1564,41,Pesaro e Urbino,TAVOLA_VI_1881,OK
Piacenza,1880,1630,33,Piacenza,TAVOLA_VI_1881,OK
Pisa,1880,1891,50,Pisa,TAVOLA_VI_1881,OK
Porto Maurizio,1880,951,8,Porto Maurizio,TAVOLA_VI_1881,OK
Potenza,1880,4556,76,Potenza,TAVOLA_VI_1881,OK
Ravenna,1880,1466,39,Ravenna,TAVOLA_VI_1881,OK
Reggio di Calabria,1880,2383,80,Reggio di Calabria,TAVOLA_VI_1881,OK
Reggio nell' Emilia,1880,1668,35,Reggio nell'Emilia,TAVOLA_VI_1881,OK
Roma *,1880,5134,58,Roma,TAVOLA_VI_1881,OK
Rovigo,1880,1288,29,Rovigo,TAVOLA_VI_1881,OK
Salerno,1880,4062,65,Salerno,TAVOLA_VI_1881,OK
Sassari,1880,2042,90,Sassari,TAVOLA_VI_1881,OK
Siena,1880,1273,52,Siena,TAVOLA_VI_1881,OK
Siracusa,1880,2340,89,Siracusa,TAVOLA_VI_1881,OK
Sondrio,1880,713,14,Sondrio,TAVOLA_VI_1881,OK
Teramo,1880,1862,67,Teramo,TAVOLA_VI_1881,OK
Torino,1880,7085,1,Torino,TAVOLA_VI_1881,OK
Trapani,1880,2178,81,Trapani,TAVOLA_VI_1881,NOREF
Treviso,1880,2021,26,Treviso,TAVOLA_VI_1881,OK
Udine,1880,2948,30,Udine,TAVOLA_VI_1881,OK
Venezia,1880,2187,27,Venezia,TAVOLA_VI_1881,OK
Verona,1880,2626,23,Verona,TAVOLA_VI_1881,OK
Vicenza,1880,2364,24,Vicenza,TAVOLA_VI_1881,OK
Alessandria,1881,6531,6,Alessandria,TAVOLA_VI_1881,OK
Ancona,1881,2174,42,Ancona,TAVOLA_VI_1881,OK
Aquila degli Abruzzi,1881,3107,66,Aquila degli Abruzzi,TAVOLA_VI_1881,OK
Arezzo,1881,1809,51,Arezzo,TAVOLA_VI_1881,OK
Ascoli Piceno,1881,1610,44,Ascoli Piceno,TAVOLA_VI_1881,OK
Aveilino,1881,4070,64,Avellino,TAVOLA_VI_1881,OK
Bari delle Puglie,1881,6987,72,Bari delle Puglie,TAVOLA_VI_1881,OK
Belluno,1881,1094,25,Belluno,TAVOLA_VI_1881,OK
Benevento,1881,2519,62,Benevento,TAVOLA_VI_1881,OK
Bergamo,1881,2782,16,Bergamo,TAVOLA_VI_1881,OK
Bologna,1881,3068,37,Bologna,TAVOLA_VI_1881,OK
Brescia,1881,3403,17,Brescia,TAVOLA_VI_1881,OK
Cagliari,1881,3006,92,Cagliari,TAVOLA_VI_1881,OK
Caltanissetta,1881,2385,85,Caltanissetta,TAVOLA_VI_1881,OK
Campobasso,1881,4068,70,Campobasso,TAVOLA_VI_1881,OK
Caserta,1881,6387,61,Caserta,TAVOLA_VI_1881,NOREF
Catania,1881,4726,87,Catania,TAVOLA_VI_1881,OK
Catanzaro,1881,3902,79,Catanzaro,TAVOLA_VI_1881,OK
Chieti,1881,3454,69,Chieti,TAVOLA_VI_1881,OK
Como,1881,3791,13,Como,TAVOLA_VI_1881,OK
Cosenza,1881,4251,78,Cosenza,TAVOLA_VI_1881,OK
Cremona,1881,2208,19,Cremona,TAVOLA_VI_1881,OK
Cuneo,1881,4923,4,Cuneo,TAVOLA_VI_1881,OK
Ferrara,1881,1253,38,Ferrara,TAVOLA_VI_1881,OK
Firenze,1881,6218,48,Firenze,TAVOLA_VI_1881,OK
Foggia,1881,3946,71,Foggia,TAVOLA_VI_1881,OK
Forlì,1881,1624,40,Forlì,TAVOLA_VI_1881,OK
Genova,1881,5390,10,Genova,TAVOLA_VI_1881,OK
Girgenti,1881,3106,84,Girgenti,TAVOLA_VI_1881,OK
Grosseto,1881,877,53,Grosseto,TAVOLA_VI_1881,OK
Lecce,1881,5269,75,Lecce,TAVOLA_VI_1881,OK
Livorno,1881,961,49,Livorno,TAVOLA_VI_1881,OK
Lucca,1881,2130,46,Lucca,TAVOLA_VI_1881,OK
Macerata,1881,1928,43,Macerata,TAVOLA_VI_1881,OK
Mantova,1881,2088,20,Mantova,TAVOLA_VI_1881,OK
Massa e Carrara,1881,1132,45,Massa e Carrara,TAVOLA_VI_1881,OK
Messina,1881,3688,83,Messina,TAVOLA_VI_1881,OK
Milano,1881,8928,15,Milano,TAVOLA_VI_1881,OK
Modena,1881,2112,36,Modena,TAVOLA_VI_1881,OK
Napoli,1881,8453,63,Napoli,TAVOLA_VI_1881,OK
Novara,1881,4919,3,Novara,TAVOLA_VI_1881,OK
Padova,1881,2440,28,Padova,TAVOLA_VI_1881,OK
Palermo,1881,6395,82,Palermo,TAVOLA_VI_1881,OK
Parma,1881,1925,34,Parma,TAVOLA_VI_1881,OK
Pavia,1881,3866,18,Pavia,TAVOLA_VI_1881,OK
Perugia,1881,4169,54,Umbria,TAVOLA_VI_1881,OK
Pesaro e Urbino,1881,1761,41,Pesaro e Urbino,TAVOLA_VI_1881,OK
Piacenza,1881,1904,33,Piacenza,TAVOLA_VI_1881,OK
Pisa,1881,2179,50,Pisa,TAVOLA_VI_1881,OK
Porto Maurizio,1881,943,8,Porto Maurizio,TAVOLA_VI_1881,OK
Potenza,1881,5436,76,Potenza,TAVOLA_VI_1881,OK
Ravenna,1881,1341,39,Ravenna,TAVOLA_VI_1881,OK
Reggio di Calabria,1881,3344,80,Reggio di Calabria,TAVOLA_VI_1881,OK
Reggio nell' Emilia,1881,1718,35,Reggio nell'Emilia,TAVOLA_VI_1881,OK
Roma *,1881,7016,58,Roma,TAVOLA_VI_1881,OK
Rovigo,1881,1356,29,Rovigo,TAVOLA_VI_1881,OK
Salerno,1881,4658,65,Salerno,TAVOLA_VI_1881,OK
Sassari,1881,1987,90,Sassari,TAVOLA_VI_1881,OK
Siena,1881,1749,52,Siena,TAVOLA_VI_1881,OK
Siracusa,1881,3008,89,Siracusa,TAVOLA_VI_1881,OK
Sondrio,1881,663,14,Sondrio,TAVOLA_VI_1881,NOREF
Teramo,1881,2476,67,Teramo,TAVOLA_VI_1881,OK
Torino,1881,7242,1,Torino,TAVOLA_VI_1881,OK
Trapani,1881,2780,81,Trapani,TAVOLA_VI_1881,OK
Treviso,1881,2481,26,Treviso,TAVOLA_VI_1881,OK
Udine,1881,3192,30,Udine,TAVOLA_VI_1881,OK
Venezia,1881,2469,27,Venezia,TAVOLA_VI_1881,OK
Verona,1881,2763,23,Verona,TAVOLA_VI_1881,OK
Vicenza,1881,2605,24,Vicenza,TAVOLA_VI_1881,OK
Alessandria,1901,6241,6,Alessandria,TAVOLA_I_1901,
Ancona,1901,2204,42,Ancona,TAVOLA_I_1901,
Aquila degli Abruzzi,1901,3389,66,Aquila degli Abruzzi,TAVOLA_I_1901,
Arezzo,1901,1884,51,Arezzo,TAVOLA_I_1901,
Ascoli Piceno,1901,1586,44,Ascoli Piceno,TAVOLA_I_1901,
Avellino,1901,2877,64,Avellino,TAVOLA_I_1901,
Bari delle Puglie,1901,5129,72,Bari delle Puglie,TAVOLA_I_1901,
Belluno,1901,1685,25,Belluno,TAVOLA_I_1901,
Benevento,1901,1783,62,Benevento,TAVOLA_I_1901,
Bergamo,1901,3510,16,Bergamo,TAVOLA_I_1901,
Bologna,1901,3713,37,Bologna,TAVOLA_I_1901,
Brescia,1901,3824,17,Brescia,TAVOLA_I_1901,
Cagliari,1901,3585,92,Cagliari,TAVOLA_I_1901,
Caltanissetta,1901,2806,85,Caltanissetta,TAVOLA_I_1901,
Campobasso,1901,3076,70,Campobasso,TAVOLA_I_1901,
Caserta,1901,5668,61,Caserta,TAVOLA_I_1901,
Catania,1901,5300,87,Catania,TAVOLA_I_1901,
Catanzaro,1901,3381,79,Catanzaro,TAVOLA_I_1901,
Chieti,1901,2874,69,Chieti,TAVOLA_I_1901,
Como,1901,4649,13,Como,TAVOLA_I_1901,
Cosenza,1901,3476,78,Cosenza,TAVOLA_I_1901,
Cremona,1901,2334,19,Cremona,TAVOLA_I_1901,
Cuneo,1901,4880,4,Cuneo,TAVOLA_I_1901,
Ferrara,1901,2297,38,Ferrara,TAVOLA_I_1901,
Firenze,1901,6829,48,Firenze,TAVOLA_I_1901,
Foggia,1901,2979,71,Foggia,TAVOLA_I_1901,
Forlì,1901,2335,40,Forlì,TAVOLA_I_1901,
Genova,1901,6039,10,Genova,TAVOLA_I_1901,
Girgenti,1901,3226,84,Girgenti,TAVOLA_I_1901,
Grosseto,1901,957,53,Grosseto,TAVOLA_I_1901,
Lecce,1901,3837,75,Lecce,TAVOLA_I_1901,
Livorno,1901,882,49,Livorno,TAVOLA_I_1901,
Lucca,1901,2318,46,Lucca,TAVOLA_I_1901,
Macerata,1901,1815,43,Macerata,TAVOLA_I_1901,
Mantova,1901,2340,20,Mantova,TAVOLA_I_1901,
Massa e Carrara,1901,1599,45,Massa e Carrara,TAVOLA_I_1901,
Messina,1901,3620,83,Messina,TAVOLA_I_1901,
Milano,1901,11276,15,Milano,TAVOLA_I_1901,
Modena,1901,2306,36,Modena,TAVOLA_I_1901,
Napoli,1901,7660,63,Napoli,TAVOLA_I_1901,
Novara,1901,5698,3,Novara,TAVOLA_I_1901,
Padova,1901,2994,28,Padova,TAVOLA_I_1901,
Palermo,1901,5878,82,Palermo,TAVOLA_I_1901,
Parma,1901,2082,34,Parma,TAVOLA_I_1901,
Pavia,1901,3769,18,Pavia,TAVOLA_I_1901,
Perugia,1901,4685,54,Umbria,TAVOLA_I_1901,
Pesaro e Urbino,1901,1772,41,Pesaro e Urbino,TAVOLA_I_1901,
Piacenza,1901,1768,33,Piacenza,TAVOLA_I_1901,
Pisa,1901,2449,50,Pisa,TAVOLA_I_1901,
Porto Maurizio,1901,968,8,Porto Maurizio,TAVOLA_I_1901,
Potenza,1901,3548,76,Potenza,TAVOLA_I_1901,
Ravenna,1901,1581,39,Ravenna,TAVOLA_I_1901,
Reggio di Calabria,1901,2983,80,Reggio di Calabria,TAVOLA_I_1901,
Reggio nell'Emilia,1901,2021,35,Reggio nell'Emilia,TAVOLA_I_1901,
Roma,1901,7932,58,Roma,TAVOLA_I_1901,
Rovigo,1901,1613,29,Rovigo,TAVOLA_I_1901,
Salerno,1901,4028,65,Salerno,TAVOLA_I_1901,
Sassari,1901,2091,90,Sassari,TAVOLA_I_1901,
Siena,1901,1604,52,Siena,TAVOLA_I_1901,
Siracusa,1901,3400,89,Siracusa,TAVOLA_I_1901,
Sondrio,1901,938,14,Sondrio,TAVOLA_I_1901,
Teramo,1901,2143,67,Teramo,TAVOLA_I_1901,
Torino,1901,7884,1,Torino,TAVOLA_I_1901,
Trapani,1901,2420,81,Trapani,TAVOLA_I_1901,
Treviso,1901,2985,26,Treviso,TAVOLA_I_1901,
Udine,1901,4625,30,Udine,TAVOLA_I_1901,
Venezia,1901,2640,27,Venezia,TAVOLA_I_1901,
Verona,1901,2953,23,Verona,TAVOLA_I_1901,
Vicenza,1901,3248,24,Vicenza,TAVOLA_I_1901,
Alessandria,1911,6133,6,Alessandria,TAVOLA_1911,
Ancona,1911,2597,42,Ancona,TAVOLA_1911,
Aquila degli Abruzzi,1911,3054,66,Aquila degli Abruzzi,TAVOLA_1911,
Arezzo,1911,2284,51,Arezzo,TAVOLA_1911,
Ascoli Piceno,1911,1818,44,Ascoli Piceno,TAVOLA_1911,
Avellino,1911,2926,64,Avellino,TAVOLA_1911,
Bari delle Puglie,1911,7260,72,Bari delle Puglie,TAVOLA_1911,
Belluno,1911,1548,25,Belluno,TAVOLA_1911,
Benevento,1911,1757,62,Benevento,TAVOLA_1911,
Bergamo,1911,3782,16,Bergamo,TAVOLA_1911,
Bologna,1911,4577,37,Bologna,TAVOLA_1911,
Brescia,1911,4224,17,Brescia,TAVOLA_1911,
Cagliari,1911,3645,92,Cagliari,TAVOLA_1911,
Caltanissetta,1911,2795,85,Caltanissetta,TAVOLA_1911,
Campobasso,1911,2703,70,Campobasso,TAVOLA_1911,
Caserta,1911,6058,61,Caserta,TAVOLA_1911,
Catania,1911,5691,87,Catania,TAVOLA_1911,
Catanzaro,1911,3442,79,Catanzaro,TAVOLA_1911,
Chieti,1911,2760,69,Chieti,TAVOLA_1911,
Como,1911,4622,13,Como,TAVOLA_1911,
Cosenza,1911,3336,78,Cosenza,TAVOLA_1911,
Cremona,1911,2487,19,Cremona,TAVOLA_1911,
Cuneo,1911,4484,4,Cuneo,TAVOLA_1911,
Ferrara,1911,2126,38,Ferrara,TAVOLA_1911,
Firenze,1911,7946,48,Firenze,TAVOLA_1911,
Foggia,1911,3429,71,Foggia,TAVOLA_1911,
Forlì,1911,2678,40,Forlì,TAVOLA_1911,
Genova,1911,6863,10,Genova,TAVOLA_1911,
Girgenti,1911,3224,84,Girgenti,TAVOLA_1911,
Grosseto,1911,1317,53,Grosseto,TAVOLA_1911,
Lecco,1911,6252,75,Lecce,TAVOLA_1911,
Livorno,1911,934,49,Livorno,TAVOLA_1911,
Lucca,1911,2393,46,Lucca,TAVOLA_1911,
Macerata,1911,2089,43,Macerata,TAVOLA_1911,
Mantova,1911,2556,20,Mantova,TAVOLA_1911,
Massa e Carrara,1911,1760,45,Massa e Carrara,TAVOLA_1911,
Messina,1911,4116,83,Messina,TAVOLA_1911,
Milano,1911,13085,15,Milano,TAVOLA_1911,
Modena,1911,2642,36,Modena,TAVOLA_1911,
Napoli,1911,9693,63,Napoli,TAVOLA_1911,
Novara,1911,5969,3,Novara,TAVOLA_1911,
Padova,1911,3649,28,Padova,TAVOLA_1911,
Palermo,1911,5817,82,Palermo,TAVOLA_1911,
Parma,1911,2388,34,Parma,TAVOLA_1911,
Pavia,1911,3646,18,Pavia,TAVOLA_1911,
Perugia,1911,5544,54,Umbria,TAVOLA_1911,
Pesaro e Urbino,1911,2158,41,Pesaro e Urbino,TAVOLA_1911,
Piacenza,1911,1739,33,Piacenza,TAVOLA_1911,
Pisa,1911,2582,50,Pisa,TAVOLA_1911,
Porto Maurizio,1911,983,8,Porto Maurizio,TAVOLA_1911,
Potenza,1911,3788,76,Potenza,TAVOLA_1911,
Ravenna,1911,1980,39,Ravenna,TAVOLA_1911,
Reggio di Calabria,1911,3498,80,Reggio di Calabria,TAVOLA_1911,
Reggio nell'Emilia,1911,2368,35,Reggio nell'Emilia,TAVOLA_1911,
Roma,1911,10316,58,Roma,TAVOLA_1911,
Rovigo,1911,2089,29,Rovigo,TAVOLA_1911,
Salerno,1911,3996,65,Salerno,TAVOLA_1911,
Sassari,1911,2250,90,Sassari,TAVOLA_1911,
Siena,1911,1913,52,Siena,TAVOLA_1911,
Siracusa,1911,3670,89,Siracusa,TAVOLA_1911,
Sondrio,1911,905,14,Sondrio,TAVOLA_1911,
Teramo,1911,2070,67,Teramo,TAVOLA_1911,
Torino,1911,8416,1,Torino,TAVOLA_1911,
Trapani,1911,2673,81,Trapani,TAVOLA_1911,
Treviso,1911,3454,26,Treviso,TAVOLA_1911,
Udine,1911,4991,30,Udine,TAVOLA_1911,
Venezia,1911,3447,27,Venezia,TAVOLA_1911,
Verona,1911,3255,23,Verona,TAVOLA_1911,
Vicenza,1911,3608,24,Vicenza,TAVOLA_1911,
Alessandria,1921,10472,6,Alessandria,TAVOLA_I_1921,
Ancona,1921,4091,42,Ancona,TAVOLA_I_1921,
Aquila degli Abruzzi,1921,4620,66,Aquila degli Abruzzi,TAVOLA_I_1921,
Arezzo,1921,3975,51,Arezzo,TAVOLA_I_1921,
Ascoli Piceno,1921,2995,44,Ascoli Piceno,TAVOLA_I_1921,
Avellino,1921,4883,64,Avellino,TAVOLA_I_1921,
Bari delle Puglie,1921,9847,72,Bari delle Puglie,TAVOLA_I_1921,
Belluno,1921,2992,25,Belluno,TAVOLA_I_1921,
Benevento,1921,3254,62,Benevento,TAVOLA_I_1921,
Bergamo,1921,7080,16,Bergamo,TAVOLA_I_1921,
Bologna,1921,7211,37,Bologna,TAVOLA_I_1921,
Brescia,1921,8022,17,Brescia,TAVOLA_I_1921,
Cagliari,1921,5192,92,Cagliari,TAVOLA_I_1921,
Caltanissetta,1921,3451,85,Caltanissetta,TAVOLA_I_1921,
Campobasso,1921,4158,70,Campobasso,TAVOLA_I_1921,
Caserta,1921,9325,61,Caserta,TAVOLA_I_1921,
Catania,1921,8454,87,Catania,TAVOLA_I_1921,
Catanzaro,1921,5982,79,Catanzaro,TAVOLA_I_1921,
Chieti,1921,4324,69,Chieti,TAVOLA_I_1921,
Como,1921,7850,13,Como,TAVOLA_I_1921,
Cosenza,1921,6959,78,Cosenza,TAVOLA_I_1921,
Cremona,1921,4433,19,Cremona,TAVOLA_I_1921,
Cuneo,1921,7697,4,Cuneo,TAVOLA_I_1921,
Ferrara,1921,3043,38,Ferrara,TAVOLA_I_1921,
Firenze,1921,12949,48,Firenze,TAVOLA_I_1921,
Foggia,1921,4925,71,Foggia,TAVOLA_I_1921,
Forlì,1921,3730,40,Forlì,TAVOLA_I_1921,
Genova,1921,12162,10,Genova,TAVOLA_I_1921,
Girgenti,1921,3940,84,Girgenti,TAVOLA_I_1921,
Grosseto,1921,2149,53,Grosseto,TAVOLA_I_1921,
Lecce,1921,9875,75,Lecce,TAVOLA_I_1921,
Livorno,1921,1395,49,Livorno,TAVOLA_I_1921,
Lucca,1921,4160,46,Lucca,TAVOLA_I_1921,
Macerata,1921,3348,43,Macerata,TAVOLA_I_1921,
Mantova,1921,4171,20,Mantova,TAVOLA_I_1921,
Massa e Carrara,1921,2892,45,Massa e Carrara,TAVOLA_I_1921,
Messina,1921,5844,83,Messina,TAVOLA_I_1921,
Milano,1921,22375,15,Milano,TAVOLA_I_1921,
Modena,1921,4413,36,Modena,TAVOLA_I_1921,
Napoli,1921,15010,63,Napoli,TAVOLA_I_1921,
Novara,1921,9755,3,Novara,TAVOLA_I_1921,
Padova,1921,6660,28,Padova,TAVOLA_I_1921,
Palermo,1921,8273,82,Palermo,TAVOLA_I_1921,
Parma,1921,4064,34,Parma,TAVOLA_I_1921,
Pavia,1921,6333,18,Pavia,TAVOLA_I_1921,
Perugia,1921,9571,54,Umbria,TAVOLA_I_1921,
Pesaro e Urbino,1921,3562,41,Pesaro e Urbino,TAVOLA_I_1921,
Piacenza,1921,2977,33,Piacenza,TAVOLA_I_1921,
Pisa,1921,4578,50,Pisa,TAVOLA_I_1921,
Porto Maurizio,1921,1545,8,Porto Maurizio,TAVOLA_I_1921,
Potenza,1921,5885,76,Potenza,TAVOLA_I_1921,
Ravenna,1921,2850,39,Ravenna,TAVOLA_I_1921,
Reggio di Calabria,1921,5208,80,Reggio di Calabria,TAVOLA_I_1921,
Reggio nell' Emilia,1921,3836,35,Reggio nell'Emilia,TAVOLA_I_1921,
Roma,1921,16941,58,Roma,TAVOLA_I_1921,
Rovigo,1921,2926,29,Rovigo,TAVOLA_I_1921,
Salerno,1921,7061,65,Salerno,TAVOLA_I_1921,
Sassari,1921,3366,90,Sassari,TAVOLA_I_1921,
Siena,1921,3607,52,Siena,TAVOLA_I_1921,
Siracusa,1921,5502,89,Siracusa,TAVOLA_I_1921,
Sondrio,1921,1474,14,Sondrio,TAVOLA_I_1921,
Teramo,1921,3500,67,Teramo,TAVOLA_I_1921,
Torino,1921,14647,1,Torino,TAVOLA_I_1921,
Trapani,1921,3799,81,Trapani,TAVOLA_I_1921,
Treviso,1921,7306,26,Treviso,TAVOLA_I_1921,
Udine,1921,8727,30,Udine,TAVOLA_I_1921,
Venezia,1921,5457,27,Venezia,TAVOLA_I_1921,
Verona,1921,6396,23,Verona,TAVOLA_I_1921,
Vicenza,1921,7178,24,Vicenza,TAVOLA_I_1921,
Agrigento,1931,2706,84,Girgenti,TAVOLA_1931,
Alessandria,1931,5581,6,Alessandria,TAVOLA_1931,
Ancona,1931,2586,42,Ancona,TAVOLA_1931,
Aosta,1931,1526,,,TAVOLA_1931,
Aquila degli Abruzzi,1931,2364,66,Aquila degli Abruzzi,TAVOLA_1931,
Arezzo,1931,2198,51,Arezzo,TAVOLA_1931,
Ascoli Piceno,1931,1997,44,Ascoli Piceno,TAVOLA_1931,
Avellino,1931,3042,64,Avellino,TAVOLA_1931,
Barl,1931,6874,72,Bari delle Puglie,TAVOLA_1931,
Belluno,1931,1532,25,Belluno,TAVOLA_1931,
Benevento,1931,2271,62,Benevento,TAVOLA_1931,
Bergamo,1931,3820,16,Bergamo,TAVOLA_1931,
Bologna,1931,4587,37,Bologna,TAVOLA_1931,
Bolzano,1931,1499,,,TAVOLA_1931,
Brescia,1931,4639,17,Brescia,TAVOLA_1931,
Brindisi,1931,1438,,,TAVOLA_1931,
Cagliari,1931,2816,92,Cagliari,TAVOLA_1931,
Caltanissetta,1931,1712,85,Caltanissetta,TAVOLA_1931,
Campobasso,1931,2783,70,Campobasso,TAVOLA_1931,
Catania,1931,4649,87,Catania,TAVOLA_1931,
Catanzaro,1931,4004,79,Catanzaro,TAVOLA_1931,
Chieti,1931,2691,69,Chieti,TAVOLA_1931,
Como,1931,3172,13,Como,TAVOLA_1931,
Cosenza,1931,3944,78,Cosenza,TAVOLA_1931,
Cremona,1931,2354,19,Cremona,TAVOLA_1931,
Cuneo,1931,4158,4,Cuneo,TAVOLA_1931,
Enna,1931,1476,,,TAVOLA_1931,
Ferrara,1931,2791,38,Ferrara,TAVOLA_1931,
Firenze,1931,5708,48,Firenze,TAVOLA_1931,
Fiume,1931,671,,,TAVOLA_1931,
Foggia,1931,3266,71,Foggia,TAVOLA_1931,
Forlì,1931,2917,40,Forlì,TAVOLA_1931,
Frosinone,1931,3287,,,TAVOLA_1931,
Genova,1931,4892,10,Genova,TAVOLA_1931,
Gorizia,1931,1090,,,TAVOLA_1931,
Grosseto,1931,1339,53,Grosseto,TAVOLA_1931,
Imperia,1931,982,8,Porto Maurizio,TAVOLA_1931,
La Spezia,1931,1445,,,TAVOLA_1931,
Lecce,1931,3353,75,Lecce,TAVOLA_1931,
Livorno,1931,1610,49,Livorno,TAVOLA_1931,
Lucca,1931,2328,46,Lucca,TAVOLA_1931,
Macerata,1931,1933,43,Macerata,TAVOLA_1931,
Mantova,1931,3021,20,Mantova,TAVOLA_1931,
Massa e Carrara,1931,1424,45,Massa e Carrara,TAVOLA_1931,
Matera,1931,1189,,,TAVOLA_1931,
Messina,1931,3777,83,Messina,TAVOLA_1931,
Milano,1931,14201,15,Milano,TAVOLA_1931,
Modena,1931,3301,36,Modena,TAVOLA_1931,
Napoli,1931,12522,63,Napoli,TAVOLA_1931,
Novara,1931,2771,3,Novara,TAVOLA_1931,
Nuoro,1931,1091,,,TAVOLA_1931,
Padova,1931,3955,28,Padova,TAVOLA_1931,
Palermo,1931,5453,82,Palermo,TAVOLA_1931,
Parma,1931,2373,34,Parma,TAVOLA_1931,
Pavia,1931,3379,18,Pavia,TAVOLA_1931,
Perugia,1931,3786,54,Umbria,TAVOLA_1931,
Pesaro e Urbino,1931,2290,41,Pesaro e Urbino,TAVOLA_1931,
Pescara,1931,1338,,,TAVOLA_1931,
Piacenza,1931,1806,33,Piacenza,TAVOLA_1931,
Pisa,1931,2432,50,Pisa,TAVOLA_1931,
Pistoia,1931,1608,,,TAVOLA_1931,
Pola,1931,1905,,,TAVOLA_1931,
Potenza,1931,2635,76,Potenza,TAVOLA_1931,
Ragusa,1931,1523,,,TAVOLA_1931,
Ravenna,1931,1905,39,Ravenna,TAVOLA_1931,
Reggio di Calabria,1931,3460,80,Reggio di Calabria,TAVOLA_1931,
Reggio nell'Emilia,1931,2473,35,Reggio nell'Emilia,TAVOLA_1931,
Rieti,1931,1117,,,TAVOLA_1931,
Roma,1931,10654,58,Roma,TAVOLA_1931,
Rovigo,1931,2357,29,Rovigo,TAVOLA_1931,
Salerno,1931,4102,65,Salerno,TAVOLA_1931,
Sassari,1931,1693,90,Sassari,TAVOLA_1931,
Savona,1931,1425,,,TAVOLA_1931,
Siena,1931,1928,52,Siena,TAVOLA_1931,
Siracusa,1931,1774,89,Siracusa,TAVOLA_1931,
Sondrio,1931,919,14,Sondrio,TAVOLA_1931,
Taranto,1931,1763,,,TAVOLA_1931,
Teramo,1931,1613,67,Teramo,TAVOLA_1931,
Terni,1931,1230,,,TAVOLA_1931,
Torino,1931,7254,1,Torino,TAVOLA_1931,
Trapani,1931,2238,81,Trapani,TAVOLA_1931,
Trento,1931,2054,,,TAVOLA_1931,
Treviso,1931,3353,26,Treviso,TAVOLA_1931,
Trieste,1931,2491,,,TAVOLA_1931,
Udine,1931,5099,30,Udine,TAVOLA_1931,
Varese,1931,2554,,,TAVOLA_1931,
Venezia,1931,3768,27,Venezia,TAVOLA_1931,
Vercelli,1931,2524,,,TAVOLA_1931,
Verona,1931,3867,23,Verona,TAVOLA_1931,
Vicenza,1931,3315,24,Vicenza,TAVOLA_1931,
Viterbo,1931,1625,,,TAVOLA_1931,
Zara,1931,139,,,TAVOLA_1931,
