province,year,emigrants,emig_eur,emig_trans,COD_PROV,DEN_PROV,source,validated
Alessandria,1911,7212,2579,4633,6,Alessandria,ASI1912,OK
Ancona,1911,4587,2378,2209,42,Ancona,ASI1912,OK
Aquila degli Abruzzi,1911,9567,3182,6385,66,Aquila degli Abruzzi,ASI1912,OK
Arezzo,1911,5472,5130,342,51,Arezzo,ASI1912,OK
Ascoli Piceno,1911,3247,1111,2136,44,Ascoli Piceno,ASI1912,OK
Avellino,1911,11434,158,11276,64,Avellino,ASI1912,OK_corrected
Bari delle Puglie,1911,12351,1395,10956,72,Bari delle Puglie,ASI1912,OK
Belluno,1911,16811,15404,1407,25,Belluno,ASI1912,OK
Benevento,1911,5718,35,5683,62,Benevento,ASI1912,OK
Bergamo,1911,16847,14705,2142,16,Bergamo,ASI1912,OK
Bologna,1911,6312,5505,807,37,Bologna,ASI1912,OK
Brescia,1911,9497,8190,1307,17,Brescia,ASI1912,OK
Cagliari,1911,2700,2211,489,92,Cagliari,ASI1912,OK
Caltanissetta,1911,4945,197,4748,85,Caltanissetta,ASI1912,OK
Campobasso,1911,8791,198,8593,70,Campobasso,ASI1912,OK
Caserta,1911,16218,1334,14884,61,Caserta,ASI1912,OK
Catania,1911,8295,571,7724,87,Catania,ASI1912,OK
Catanzaro,1911,9616,128,9488,79,Catanzaro,ASI1912,OK
Chieti,1911,7279,276,7003,69,Chieti,ASI1912,OK
Como,1911,15244,13146,2098,13,Como,ASI1912,OK
Cosenza,1911,13819,276,13543,78,Cosenza,ASI1912,OK
Cremona,1911,2309,2003,306,19,Cremona,ASI1912,OK
Cuneo,1911,7767,4950,2817,4,Cuneo,ASI1912,OK
Ferrara,1911,1881,1483,398,38,Ferrara,ASI1912,OK
Firenze,1911,12883,11533,1350,48,Firenze,ASI1912,OK
Foggia,1911,5163,751,4412,71,Foggia,ASI1912,OK_corrected
Forlì,1911,6449,5634,815,40,Forlì,ASI1912,OK
Genova,1911,6093,1532,4561,10,Genova,ASI1912,OK_corrected
Girgenti,1911,7265,341,6924,84,Girgenti,ASI1912,OK
Grosseto,1911,736,459,277,53,Grosseto,ASI1912,OK
Lecce,1911,2804,1235,1569,75,Lecce,ASI1912,OK
Livorno,1911,1101,833,268,49,Livorno,ASI1912,OK
Lucca,1911,9130,3279,5851,46,Lucca,ASI1912,OK
Macerata,1911,3039,980,2059,43,Macerata,ASI1912,OK
Mantova,1911,3184,2433,751,20,Mantova,ASI1912,OK
Massa e Carrara,1911,4587,2512,2075,45,Massa e Carrara,ASI1912,OK
Messina,1911,8697,485,8212,83,Messina,ASI1912,OK
Milano,1911,8554,5859,2695,15,Milano,ASI1912,OK
Modena,1911,4074,3076,998,36,Modena,ASI1912,OK
Napoli,1911,8440,2075,6365,63,Napoli,ASI1912,OK
Novara,1911,18346,15447,2899,3,Novara,ASI1912,OK
Padova,1911,6548,5926,622,28,Padova,ASI1912,OK
Palermo,1911,10584,713,9871,82,Palermo,ASI1912,OK
Parma,1911,5359,3834,1525,34,Parma,ASI1912,OK
Pavia,1911,3428,1424,2004,18,Pavia,ASI1912,OK
Perugia,1911,12098,9123,2975,54,Umbria,ASI1912,OK
Pesaro e Urbino,1911,6359,4800,1559,41,Pesaro e Urbino,ASI1912,OK
Piacenza,1911,3498,2004,1494,33,Piacenza,ASI1912,OK
Pisa,1911,2574,1669,905,50,Pisa,ASI1912,OK
Porto Maurizio,1911,959,794,165,8,Porto Maurizio,ASI1912,OK
Potenza,1911,10426,351,10075,76,Potenza,ASI1912,OK_corrected
Ravenna,1911,1904,1728,176,39,Ravenna,ASI1912,OK
Reggio di Calabria,1911,6947,515,6432,80,Reggio di Calabria,ASI1912,OK
Reggio nell'Emilia,1911,2982,2441,541,35,Reggio nell'Emilia,ASI1912,OK
Roma,1911,9121,1651,7470,58,Roma,ASI1912,OK
Rovigo,1911,1818,1261,557,29,Rovigo,ASI1912,OK
Salerno,1911,12339,553,11786,65,Salerno,ASI1912,OK
Sassari,1911,2659,1829,830,90,Sassari,ASI1912,OK_corrected
Siena,1911,959,773,186,52,Siena,ASI1912,OK
Siracusa,1911,6409,1117,5292,89,Siracusa,ASI1912,OK
Sondrio,1911,6006,4912,1094,14,Sondrio,ASI1912,OK
Teramo,1911,6388,718,5670,67,Teramo,ASI1912,OK
Torino,1911,19010,12801,6209,1,Torino,ASI1912,OK
Trapani,1911,4594,780,3814,81,Trapani,ASI1912,OK
Treviso,1911,11109,9186,1923,26,Treviso,ASI1912,OK
Udine,1911,36494,33575,2919,30,Udine,ASI1912,OK
Venezia,1911,3993,3474,519,27,Venezia,ASI1912,OK
Verona,1911,9743,8548,1195,23,Verona,ASI1912,OK
Vicenza,1911,11072,9556,1516,24,Vicenza,ASI1912,OK
Alessandria,1912,11424,2367,9057,6,Alessandria,ASI1913,OK
Ancona,1912,7240,3553,3687,42,Ancona,ASI1913,OK
Aquila degli Abruzzi,1912,14471,4400,10071,66,Aquila degli Abruzzi,ASI1913,OK
Arezzo,1912,5576,5016,560,51,Arezzo,ASI1913,OK
Ascoli Piceno,1912,7206,1893,5313,44,Ascoli Piceno,ASI1913,OK
Avellino,1912,12202,241,11961,64,Avellino,ASI1913,OK
Bari delle Puglie,1912,16494,2462,14032,72,Bari delle Puglie,ASI1913,OK
Belluno,1912,17121,15652,1469,25,Belluno,ASI1913,OK
Benevento,1912,7443,50,7393,62,Benevento,ASI1913,OK
Bergamo,1912,15986,14953,1033,16,Bergamo,ASI1913,OK
Bologna,1912,5864,5101,763,37,Bologna,ASI1913,OK
Brescia,1912,10240,8960,1280,17,Brescia,ASI1913,OK
Cagliari,1912,3841,2630,1211,92,Cagliari,ASI1913,OK
Caltanissetta,1912,10625,439,10186,85,Caltanissetta,ASI1913,OK
Campobasso,1912,11010,249,10761,70,Campobasso,ASI1913,OK
Caserta,1912,24419,2485,21934,61,Caserta,ASI1913,OK
Catania,1912,15754,746,15008,87,Catania,ASI1913,OK
Catanzaro,1912,15885,266,15619,79,Catanzaro,ASI1913,OK
Chieti,1912,10830,253,10577,69,Chieti,ASI1913,OK
Como,1912,16412,13993,2419,13,Como,ASI1913,OK_corrected
Cosenza,1912,17076,252,16824,78,Cosenza,ASI1913,OK
Cremona,1912,3028,2663,365,19,Cremona,ASI1913,OK
Cuneo,1912,8782,4967,3815,4,Cuneo,ASI1913,OK
Ferrara,1912,1703,1290,413,38,Ferrara,ASI1913,OK
Firenze,1912,13191,11604,1587,48,Firenze,ASI1913,OK
Foggia,1912,9460,476,8984,71,Foggia,ASI1913,OK
Forlì,1912,8202,6401,1801,40,Forlì,ASI1913,OK
Genova,1912,7706,2192,5514,10,Genova,ASI1913,OK
Girgenti,1912,13312,901,12411,84,Girgenti,ASI1913,OK
Grosseto,1912,1188,526,662,53,Grosseto,ASI1913,OK
Lecce,1912,3235,1406,1829,75,Lecce,ASI1913,OK
Livorno,1912,1254,991,263,49,Livorno,ASI1913,OK
Lucca,1912,9850,3082,6768,46,Lucca,ASI1913,OK
Macerata,1912,8596,1849,6747,43,Macerata,ASI1913,OK_corrected
Mantova,1912,3571,2450,1121,20,Mantova,ASI1913,OK
Massa e Carrara,1912,4953,2669,2284,45,Massa e Carrara,ASI1913,OK
Messina,1912,14287,917,13370,83,Messina,ASI1913,OK
Milano,1912,12812,9216,3596,15,Milano,ASI1913,OK
Modena,1912,4505,3092,1413,36,Modena,ASI1913,OK
Napoli,1912,8274,2116,6158,63,Napoli,ASI1913,OK
Novara,1912,22796,17550,5246,3,Novara,ASI1913,OK
Padova,1912,8368,6072,2296,28,Padova,ASI1913,OK
Palermo,1912,14922,439,14483,82,Palermo,ASI1913,OK
Parma,1912,6262,4516,1746,34,Parma,ASI1913,OK
Pavia,1912,7162,1578,5584,18,Pavia,ASI1913,OK
Perugia,1912,14041,11063,2978,54,Umbria,ASI1913,OK
Pesaro e Urbino,1912,9385,6777,2608,41,Pesaro e Urbino,ASI1913,OK
Piacenza,1912,3970,2167,1803,33,Piacenza,ASI1913,OK
Pisa,1912,3685,2594,1091,50,Pisa,ASI1913,OK
Porto Maurizio,1912,1160,851,309,8,Porto Maurizio,ASI1913,OK
Potenza,1912,14868,546,14322,76,Potenza,ASI1913,OK
Ravenna,1912,2278,2099,179,39,Ravenna,ASI1913,OK_corrected
Reggio di Calabria,1912,14362,772,13590,80,Reggio di Calabria,ASI1913,OK
Reggio nell'Emilia,1912,2979,2487,492,35,Reggio nell'Emilia,ASI1913,OK_corrected
Roma,1912,17873,2688,15185,58,Roma,ASI1913,OK
Rovigo,1912,3018,1903,1115,29,Rovigo,ASI1913,OK
Salerno,1912,14601,599,14002,65,Salerno,ASI1913,OK
Sassari,1912,5290,2242,3048,90,Sassari,ASI1913,OK
Siena,1912,1242,1002,240,52,Siena,ASI1913,OK
Siracusa,1912,15308,1050,14258,89,Siracusa,ASI1913,OK
Sondrio,1912,6225,5246,979,14,Sondrio,ASI1913,OK
Teramo,1912,10191,1221,8970,67,Teramo,ASI1913,OK
Torino,1912,22242,13672,8570,1,Torino,ASI1913,OK
Trapani,1912,8580,1022,7558,81,Trapani,ASI1913,OK
Treviso,1912,12041,9939,2102,26,Treviso,ASI1913,OK
Udine,1912,42048,36008,6040,30,Udine,ASI1913,OK
Venezia,1912,3468,3173,295,27,Venezia,ASI1913,OK_corrected
Verona,1912,10675,9202,1473,23,Verona,ASI1913,OK
Vicenza,1912,17378,14893,2485,24,Vicenza,ASI1913,OK
Alessandria,1913,13653,2226,11427,6,Alessandria,ASI1914,OK
Ancona,1913,7361,3323,4038,42,Ancona,ASI1914,OK
Aquila degli Abruzzi,1913,20683,4339,16344,66,Aquila degli Abruzzi,ASI1914,OK
Arezzo,1913,6367,4698,1669,51,Arezzo,ASI1914,OK
Ascoli Piceno,1913,8200,896,7304,44,Ascoli Piceno,ASI1914,OK
Avellino,1913,13616,90,13526,64,Avellino,ASI1914,OK
Bari delle Puglie,1913,26197,2023,24174,72,Bari delle Puglie,ASI1914,OK
Belluno,1913,18790,16536,2254,25,Belluno,ASI1914,OK
Benevento,1913,9325,49,9276,62,Benevento,ASI1914,OK
Bergamo,1913,15647,13837,1810,16,Bergamo,ASI1914,OK
Bologna,1913,5901,4969,932,37,Bologna,ASI1914,OK
Brescia,1913,12252,10205,2047,17,Brescia,ASI1914,OK
Cagliari,1913,5403,2935,2468,92,Cagliari,ASI1914,OK
Caltanissetta,1913,15399,143,15256,85,Caltanissetta,ASI1914,OK
Campobasso,1913,13912,408,13504,70,Campobasso,ASI1914,OK
Caserta,1913,30544,2334,28210,61,Caserta,ASI1914,OK
Catania,1913,20145,880,19265,87,Catania,ASI1914,OK
Catanzaro,1913,20110,238,19872,79,Catanzaro,ASI1914,OK
Chieti,1913,13276,84,13192,69,Chieti,ASI1914,OK
Como,1913,19923,15647,4276,13,Como,ASI1914,OK
Cosenza,1913,18565,172,18393,78,Cosenza,ASI1914,OK
Cremona,1913,3491,2972,519,19,Cremona,ASI1914,OK
Cuneo,1913,12883,6446,6437,4,Cuneo,ASI1914,OK
Ferrara,1913,1795,1227,568,38,Ferrara,ASI1914,OK
Firenze,1913,14708,12343,2365,48,Firenze,ASI1914,OK
Foggia,1913,10886,319,10567,71,Foggia,ASI1914,OK
Forlì,1913,8895,6743,2152,40,Forlì,ASI1914,OK
Genova,1913,8152,1861,6291,10,Genova,ASI1914,OK
Girgenti,1913,19914,84,19830,84,Girgenti,ASI1914,OK
Grosseto,1913,1785,526,1259,53,Grosseto,ASI1914,OK
Lecce,1913,4754,1315,3439,75,Lecce,ASI1914,OK
Livorno,1913,1424,1155,269,49,Livorno,ASI1914,OK
Lucca,1913,10002,1153,8849,46,Lucca,ASI1914,OK
Macerata,1913,7241,1278,5963,43,Macerata,ASI1914,OK
Mantova,1913,5078,3446,1632,20,Mantova,ASI1914,OK_corrected
Massa e Carrara,1913,4969,2502,2467,45,Massa e Carrara,ASI1914,OK
Messina,1913,20744,492,20252,83,Messina,ASI1914,OK
Milano,1913,16022,11140,4882,15,Milano,ASI1914,OK
Modena,1913,4414,2733,1681,36,Modena,ASI1914,OK
Napoli,1913,8999,1306,7693,63,Napoli,ASI1914,OK_corrected
Novara,1913,24607,18839,5768,3,Novara,ASI1914,OK
Padova,1913,10535,8877,1658,28,Padova,ASI1914,OK
Palermo,1913,23522,1158,22364,82,Palermo,ASI1914,OK
Parma,1913,6747,4660,2087,34,Parma,ASI1914,OK
Pavia,1913,8059,1889,6170,18,Pavia,ASI1914,OK
Perugia,1913,17851,12469,5382,54,Umbria,ASI1914,OK_corrected
Pesaro e Urbino,1913,9267,5279,3988,41,Pesaro e Urbino,ASI1914,OK
Piacenza,1913,4630,2700,1930,33,Piacenza,ASI1914,OK
Pisa,1913,5096,2955,2141,50,Pisa,ASI1914,OK
Porto Maurizio,1913,1276,953,323,8,Porto Maurizio,ASI1914,OK
Potenza,1913,16153,429,15724,76,Potenza,ASI1914,OK
Ravenna,1913,2336,1993,343,39,Ravenna,ASI1914,OK
Reggio di Calabria,1913,17235,370,16865,80,Reggio di Calabria,ASI1914,OK
Reggio nell'Emilia,1913,4416,3321,1095,35,Reggio nell'Emilia,ASI1914,OK
Roma,1913,25962,1661,24301,58,Roma,ASI1914,OK
Rovigo,1913,3333,2265,1068,29,Rovigo,ASI1914,OK
Salerno,1913,16149,775,15374,65,Salerno,ASI1914,OK
Sassari,1913,6871,2136,4735,90,Sassari,ASI1914,OK
Siena,1913,1248,938,310,52,Siena,ASI1914,OK
Siracusa,1913,20781,694,20087,89,Siracusa,ASI1914,OK
Sondrio,1913,6661,5248,1413,14,Sondrio,ASI1914,OK
Teramo,1913,14167,790,13377,67,Teramo,ASI1914,OK
Torino,1913,27520,16053,11467,1,Torino,ASI1914,OK
Trapani,1913,25556,730,24826,81,Trapani,ASI1914,OK
Treviso,1913,11841,9750,2091,26,Treviso,ASI1914,OK
Udine,1913,44053,33708,10345,30,Udine,ASI1914,OK
Venezia,1913,3678,3149,529,27,Venezia,ASI1914,OK
Verona,1913,12210,9902,2308,23,Verona,ASI1914,OK
Vicenza,1913,19413,14268,5145,24,Vicenza,ASI1914,OK_corrected
Alessandria,1914,6119,2203,3916,6,Alessandria,ASI1914,OK
Ancona,1914,3144,1353,1791,42,Ancona,ASI1914,OK
Aquila degli Abruzzi,1914,8825,2055,6770,66,Aquila degli Abruzzi,ASI1914,OK
Arezzo,1914,4147,3312,835,51,Arezzo,ASI1914,OK
Ascoli Piceno,1914,2856,483,2373,44,Ascoli Piceno,ASI1914,OK
Avellino,1914,7197,55,7142,64,Avellino,ASI1914,OK
Bari delle Puglie,1914,10628,1076,9552,72,Bari delle Puglie,ASI1914,OK
Belluno,1914,16711,15332,1379,25,Belluno,ASI1914,OK
Benevento,1914,4899,21,4878,62,Benevento,ASI1914,OK
Bergamo,1914,13387,11271,2116,16,Bergamo,ASI1914,OK
Bologna,1914,3625,2960,665,37,Bologna,ASI1914,OK
Brescia,1914,9244,7518,1726,17,Brescia,ASI1914,OK
Cagliari,1914,2560,2001,559,92,Cagliari,ASI1914,OK
Caltanissetta,1914,4174,57,4117,85,Caltanissetta,ASI1914,OK
Campobasso,1914,5371,96,5275,70,Campobasso,ASI1914,OK
Caserta,1914,15146,1526,13620,61,Caserta,ASI1914,OK
Catania,1914,5856,451,5405,87,Catania,ASI1914,OK
Catanzaro,1914,8475,67,8408,79,Catanzaro,ASI1914,OK
Chieti,1914,5487,79,5408,69,Chieti,ASI1914,OK
Como,1914,15704,13676,2028,13,Como,ASI1914,OK
Cosenza,1914,8655,128,8527,78,Cosenza,ASI1914,OK
Cremona,1914,1949,1768,181,19,Cremona,ASI1914,OK
Cuneo,1914,7259,5015,2244,4,Cuneo,ASI1914,OK
Ferrara,1914,1063,695,368,38,Ferrara,ASI1914,OK
Firenze,1914,8915,7813,1102,48,Firenze,ASI1914,OK
Foggia,1914,3313,26,3287,71,Foggia,ASI1914,OK
Forlì,1914,4402,3614,788,40,Forlì,ASI1914,OK
Genova,1914,4819,1822,2997,10,Genova,ASI1914,OK
Girgenti,1914,6231,74,6157,84,Girgenti,ASI1914,OK
Grosseto,1914,785,303,482,53,Grosseto,ASI1914,OK
Lecce,1914,3038,1182,1856,75,Lecce,ASI1914,OK
Livorno,1914,882,750,132,49,Livorno,ASI1914,OK
Lucca,1914,5701,2021,3680,46,Lucca,ASI1914,OK
Macerata,1914,3064,620,2444,43,Macerata,ASI1914,OK
Mantova,1914,2821,2206,615,20,Mantova,ASI1914,OK
Massa e Carrara,1914,3603,2298,1305,45,Massa e Carrara,ASI1914,OK
Messina,1914,8535,280,8255,83,Messina,ASI1914,OK
Milano,1914,10199,7584,2615,15,Milano,ASI1914,OK
Modena,1914,3124,1936,1188,36,Modena,ASI1914,OK
Napoli,1914,6004,1021,4983,63,Napoli,ASI1914,OK
Novara,1914,19714,15902,3812,3,Novara,ASI1914,OK
Padova,1914,7613,6304,1309,28,Padova,ASI1914,OK
Palermo,1914,9215,268,8947,82,Palermo,ASI1914,OK
Parma,1914,3889,2873,1016,34,Parma,ASI1914,OK
Pavia,1914,2754,891,1863,18,Pavia,ASI1914,OK
Perugia,1914,8830,6435,2395,54,Umbria,ASI1914,OK
Pesaro e Urbino,1914,4420,2667,1753,41,Pesaro e Urbino,ASI1914,OK
Piacenza,1914,3567,2541,1026,33,Piacenza,ASI1914,OK
Pisa,1914,2718,1761,957,50,Pisa,ASI1914,OK
Porto Maurizio,1914,940,793,147,8,Porto Maurizio,ASI1914,OK
Potenza,1914,6563,150,6413,76,Potenza,ASI1914,OK
Ravenna,1914,1189,1028,161,39,Ravenna,ASI1914,OK
Reggio di Calabria,1914,7066,168,6898,80,Reggio di Calabria,ASI1914,OK
Reggio nell'Emilia,1914,1991,1600,391,35,Reggio nell'Emilia,ASI1914,OK
Roma,1914,9640,1470,8170,58,Roma,ASI1914,OK
Rovigo,1914,1761,1381,380,29,Rovigo,ASI1914,OK
Salerno,1914,7793,457,7336,65,Salerno,ASI1914,OK
Sassari,1914,2791,1350,1441,90,Sassari,ASI1914,OK
Siena,1914,999,789,210,52,Siena,ASI1914,OK
Siracusa,1914,6022,296,5726,89,Siracusa,ASI1914,OK
Sondrio,1914,4148,2672,1476,14,Sondrio,ASI1914,OK
Teramo,1914,4412,328,4084,67,Teramo,ASI1914,OK
Torino,1914,18633,14244,4389,1,Torino,ASI1914,OK
Trapani,1914,6577,499,6078,81,Trapani,ASI1914,OK
Treviso,1914,10506,8048,2458,26,Treviso,ASI1914,OK
Udine,1914,52114,42978,9136,30,Udine,ASI1914,OK
Venezia,1914,3134,2904,230,27,Venezia,ASI1914,OK
Verona,1914,7101,6406,695,23,Verona,ASI1914,OK
Vicenza,1914,15024,11946,3078,24,Vicenza,ASI1914,OK
Alessandria,1915,3085,1832,1253,6,Alessandria,ASI1916,OK_corrected
Ancona,1915,844,339,505,42,Ancona,ASI1916,OK
Aquila degli Abruzzi,1915,2781,190,2591,66,Aquila degli Abruzzi,ASI1916,OK
Arezzo,1915,517,427,90,51,Arezzo,ASI1916,OK
Ascoli Piceno,1915,866,74,792,44,Ascoli Piceno,ASI1916,OK
Avellino,1915,2429,76,2353,64,Avellino,ASI1916,OK
Bari delle Puglie,1915,3814,578,3236,72,Bari delle Puglie,ASI1916,OK
Belluno,1915,3126,2568,558,25,Belluno,ASI1916,OK
Benevento,1915,1477,50,1427,62,Benevento,ASI1916,OK
Bergamo,1915,4535,4149,386,16,Bergamo,ASI1916,OK
Bologna,1915,907,704,203,37,Bologna,ASI1916,OK
Brescia,1915,2005,1705,300,17,Brescia,ASI1916,OK
Cagliari,1915,457,384,73,92,Cagliari,ASI1916,OK
Caltanissetta,1915,1124,55,1069,85,Caltanissetta,ASI1916,OK
Campobasso,1915,2492,209,2283,70,Campobasso,ASI1916,OK
Caserta,1915,5102,1617,3485,61,Caserta,ASI1916,OK
Catania,1915,1790,212,1578,87,Catania,ASI1916,OK
Catanzaro,1915,2180,70,2110,79,Catanzaro,ASI1916,OK
Chieti,1915,2158,61,2097,69,Chieti,ASI1916,OK
Como,1915,7153,6691,462,13,Como,ASI1916,OK
Cosenza,1915,2710,86,2624,78,Cosenza,ASI1916,OK
Cremona,1915,461,411,50,19,Cremona,ASI1916,OK
Cuneo,1915,5129,4514,615,4,Cuneo,ASI1916,OK
Ferrara,1915,363,254,109,38,Ferrara,ASI1916,OK
Firenze,1915,2619,2238,381,48,Firenze,ASI1916,OK
Foggia,1915,1177,31,1146,71,Foggia,ASI1916,OK
Forlì,1915,1255,792,463,40,Forlì,ASI1916,OK
Genova,1915,3518,2330,1188,10,Genova,ASI1916,OK
Girgenti,1915,1549,206,1343,84,Girgenti,ASI1916,OK
Grosseto,1915,113,59,54,53,Grosseto,ASI1916,OK
Lecce,1915,310,130,180,75,Lecce,ASI1916,OK
Livorno,1915,488,416,72,49,Livorno,ASI1916,OK
Lucca,1915,2819,1274,1545,46,Lucca,ASI1916,OK
Macerata,1915,768,107,661,43,Macerata,ASI1916,OK
Mantova,1915,621,430,191,20,Mantova,ASI1916,OK
Massa e Carrara,1915,1707,1245,462,45,Massa e Carrara,ASI1916,OK
Messina,1915,2841,361,2480,83,Messina,ASI1916,OK
Milano,1915,3170,2646,524,15,Milano,ASI1916,OK
Modena,1915,1088,732,356,36,Modena,ASI1916,OK
Napoli,1915,2813,953,1860,63,Napoli,ASI1916,OK
Novara,1915,9866,9080,786,3,Novara,ASI1916,OK
Padova,1915,929,676,253,28,Padova,ASI1916,OK
Palermo,1915,3906,843,3063,82,Palermo,ASI1916,OK
Parma,1915,1626,1211,415,34,Parma,ASI1916,OK
Pavia,1915,887,378,509,18,Pavia,ASI1916,OK
Perugia,1915,1553,1035,518,54,Umbria,ASI1916,OK
Pesaro e Urbino,1915,898,360,538,41,Pesaro e Urbino,ASI1916,OK
Piacenza,1915,1621,1353,268,33,Piacenza,ASI1916,OK
Pisa,1915,914,717,197,50,Pisa,ASI1916,OK
Porto Maurizio,1915,1267,1219,48,8,Porto Maurizio,ASI1916,OK_corrected
Potenza,1915,2503,184,2319,76,Potenza,ASI1916,OK_corrected
Ravenna,1915,289,238,51,39,Ravenna,ASI1916,OK
Reggio di Calabria,1915,1599,102,1497,80,Reggio di Calabria,ASI1916,OK
Reggio nell'Emilia,1915,535,417,118,35,Reggio nell'Emilia,ASI1916,OK_corrected
Roma,1915,3761,2104,1657,58,Roma,ASI1916,OK
Rovigo,1915,160,108,52,29,Rovigo,ASI1916,OK
Salerno,1915,2721,338,2383,65,Salerno,ASI1916,OK
Sassari,1915,480,383,97,90,Sassari,ASI1916,OK
Siena,1915,124,93,31,52,Siena,ASI1916,OK
Siracusa,1915,1791,356,1435,89,Siracusa,ASI1916,OK
Sondrio,1915,3047,2674,373,14,Sondrio,ASI1916,OK
Teramo,1915,1893,55,1838,67,Teramo,ASI1916,OK
Torino,1915,8651,7348,1303,1,Torino,ASI1916,OK
Trapani,1915,3168,1581,1587,81,Trapani,ASI1916,OK
Treviso,1915,1084,626,458,26,Treviso,ASI1916,OK
Udine,1915,2231,1698,533,30,Udine,ASI1916,OK
Venezia,1915,1000,879,121,27,Venezia,ASI1916,OK
Verona,1915,1556,1261,295,23,Verona,ASI1916,OK
Vicenza,1915,1598,979,619,24,Vicenza,ASI1916,OK
Alessandria,1916,3091,2224,867,6,Alessandria,ASI1917_18,OK
Ancona,1916,589,241,348,42,Ancona,ASI1917_18,OK
Aquila degli Abruzzi,1916,3987,311,3676,66,Aquila degli Abruzzi,ASI1917_18,OK
Arezzo,1916,550,493,57,51,Arezzo,ASI1917_18,OK
Ascoli Piceno,1916,978,54,924,44,Ascoli Piceno,ASI1917_18,OK
Avellino,1916,3425,45,3380,64,Avellino,ASI1917_18,OK
Bari delle Puglie,1916,7181,1048,6133,72,Bari delle Puglie,ASI1917_18,OK
Belluno,1916,437,351,86,25,Belluno,ASI1917_18,OK
Benevento,1916,1216,13,1203,62,Benevento,ASI1917_18,OK
Bergamo,1916,3905,3725,180,16,Bergamo,ASI1917_18,OK
Bologna,1916,607,529,78,37,Bologna,ASI1917_18,OK
Brescia,1916,578,493,85,17,Brescia,ASI1917_18,OK
Cagliari,1916,465,446,19,92,Cagliari,ASI1917_18,OK
Caltanissetta,1916,1550,63,1487,85,Caltanissetta,ASI1917_18,OK
Campobasso,1916,5096,193,4903,70,Campobasso,ASI1917_18,OK
Caserta,1916,5256,1480,3776,61,Caserta,ASI1917_18,OK
Catania,1916,2366,385,1981,87,Catania,ASI1917_18,OK
Catanzaro,1916,1847,45,1802,79,Catanzaro,ASI1917_18,OK
Chieti,1916,2301,21,2280,69,Chieti,ASI1917_18,OK
Como,1916,6258,6058,200,13,Como,ASI1917_18,OK
Cosenza,1916,3123,185,2938,78,Cosenza,ASI1917_18,OK
Cremona,1916,269,254,15,19,Cremona,ASI1917_18,OK
Cuneo,1916,7887,7691,196,4,Cuneo,ASI1917_18,OK
Ferrara,1916,161,117,44,38,Ferrara,ASI1917_18,OK
Firenze,1916,2515,2283,232,48,Firenze,ASI1917_18,OK
Foggia,1916,3403,49,3354,71,Foggia,ASI1917_18,OK_corrected
Forlì,1916,542,338,204,40,Forlì,ASI1917_18,OK
Genova,1916,3073,2518,555,10,Genova,ASI1917_18,OK
Girgenti,1916,2590,86,2504,84,Girgenti,ASI1917_18,OK
Grosseto,1916,70,33,37,53,Grosseto,ASI1917_18,OK
Lecce,1916,339,129,210,75,Lecce,ASI1917_18,OK
Livorno,1916,441,406,35,49,Livorno,ASI1917_18,OK
Lucca,1916,2155,1439,716,46,Lucca,ASI1917_18,OK
Macerata,1916,435,102,333,43,Macerata,ASI1917_18,OK
Mantova,1916,419,318,101,20,Mantova,ASI1917_18,OK
Massa e Carrara,1916,1326,1130,196,45,Massa e Carrara,ASI1917_18,OK
Messina,1916,3509,214,3295,83,Messina,ASI1917_18,OK
Milano,1916,1743,1501,242,15,Milano,ASI1917_18,OK
Modena,1916,1017,820,197,36,Modena,ASI1917_18,OK
Napoli,1916,2108,690,1418,63,Napoli,ASI1917_18,OK
Novara,1916,7471,7060,411,3,Novara,ASI1917_18,OK
Padova,1916,247,173,74,28,Padova,ASI1917_18,OK
Palermo,1916,3528,616,2912,82,Palermo,ASI1917_18,OK
Parma,1916,1505,1245,260,34,Parma,ASI1917_18,OK
Pavia,1916,617,338,279,18,Pavia,ASI1917_18,OK
Perugia,1916,1745,1313,432,54,Umbria,ASI1917_18,OK
Pesaro e Urbino,1916,1005,333,672,41,Pesaro e Urbino,ASI1917_18,OK
Piacenza,1916,1157,1061,96,33,Piacenza,ASI1917_18,OK
Pisa,1916,1676,1554,122,50,Pisa,ASI1917_18,OK
Porto Maurizio,1916,2721,2707,14,8,Porto Maurizio,ASI1917_18,OK
Potenza,1916,3238,120,3118,76,Potenza,ASI1917_18,OK
Ravenna,1916,201,188,13,39,Ravenna,ASI1917_18,OK
Reggio di Calabria,1916,2116,125,1991,80,Reggio di Calabria,ASI1917_18,OK
Reggio nell'Emilia,1916,450,397,53,35,Reggio nell'Emilia,ASI1917_18,OK
Roma,1916,3480,1645,1835,58,Roma,ASI1917_18,OK
Rovigo,1916,118,60,58,29,Rovigo,ASI1917_18,OK
Salerno,1916,1620,350,1270,65,Salerno,ASI1917_18,OK
Sassari,1916,663,571,92,90,Sassari,ASI1917_18,OK
Siena,1916,150,123,27,52,Siena,ASI1917_18,OK
Siracusa,1916,3407,301,3106,89,Siracusa,ASI1917_18,OK
Sondrio,1916,716,632,84,14,Sondrio,ASI1917_18,OK
Teramo,1916,2913,22,2891,67,Teramo,ASI1917_18,OK
Torino,1916,7645,6702,943,1,Torino,ASI1917_18,OK
Trapani,1916,3123,770,2353,81,Trapani,ASI1917_18,OK
Treviso,1916,507,215,292,26,Treviso,ASI1917_18,OK
Udine,1916,518,304,214,30,Udine,ASI1917_18,OK
Venezia,1916,313,287,26,27,Venezia,ASI1917_18,OK
Verona,1916,341,256,85,23,Verona,ASI1917_18,OK
Vicenza,1916,365,235,130,24,Vicenza,ASI1917_18,OK
Alessandria,1919,4589,3164,1425,6,Alessandria,ASI1919_21,OK
Ancona,1919,1859,1086,773,42,Ancona,ASI1919_21,OK
Aquila degli Abruzzi,1919,3968,754,3214,66,Aquila degli Abruzzi,ASI1919_21,OK
Arezzo,1919,1413,1299,114,51,Arezzo,ASI1919_21,OK
Ascoli Piceno,1919,1090,102,988,44,Ascoli Piceno,ASI1919_21,OK
Avellino,1919,3130,144,2986,64,Avellino,ASI1919_21,OK
Bari delle Puglie,1919,6341,1495,4846,72,Bari delle Puglie,ASI1919_21,OK
Belluno,1919,2292,1748,544,25,Belluno,ASI1919_21,OK
Benevento,1919,1698,70,1628,62,Benevento,ASI1919_21,OK
Bergamo,1919,5097,4758,339,16,Bergamo,ASI1919_21,OK
Bologna,1919,1073,942,131,37,Bologna,ASI1919_21,OK
Brescia,1919,1349,1044,305,17,Brescia,ASI1919_21,OK
Cagliari,1919,1417,1223,194,92,Cagliari,ASI1919_21,OK
Caltanissetta,1919,2264,180,2084,85,Caltanissetta,ASI1919_21,OK
Campobasso,1919,2370,539,1831,70,Campobasso,ASI1919_21,OK
Caserta,1919,9293,4229,5064,61,Caserta,ASI1919_21,OK
Catania,1919,4619,481,4138,87,Catania,ASI1919_21,OK
Catanzaro,1919,3202,153,3049,79,Catanzaro,ASI1919_21,OK
Chieti,1919,2624,136,2488,69,Chieti,ASI1919_21,OK
Como,1919,10247,9618,629,13,Como,ASI1919_21,OK
Cosenza,1919,6088,377,5711,78,Cosenza,ASI1919_21,OK
Cremona,1919,1496,1374,122,19,Cremona,ASI1919_21,OK
Cuneo,1919,14946,14218,728,4,Cuneo,ASI1919_21,OK
Ferrara,1919,533,394,139,38,Ferrara,ASI1919_21,OK
Firenze,1919,6862,6399,463,48,Firenze,ASI1919_21,OK
Foggia,1919,1479,79,1400,71,Foggia,ASI1919_21,OK
Forlì,1919,1459,1198,261,40,Forlì,ASI1919_21,OK
Genova,1919,7962,5388,2574,10,Genova,ASI1919_21,OK
Girgenti,1919,4288,376,3912,84,Girgenti,ASI1919_21,OK
Grosseto,1919,233,107,126,53,Grosseto,ASI1919_21,OK
Lecce,1919,629,369,260,75,Lecce,ASI1919_21,OK
Livorno,1919,727,650,77,49,Livorno,ASI1919_21,OK
Lucca,1919,6282,3508,2774,46,Lucca,ASI1919_21,OK
Macerata,1919,1013,291,722,43,Macerata,ASI1919_21,OK
Mantova,1919,507,402,105,20,Mantova,ASI1919_21,OK
Massa e Carrara,1919,2645,2061,584,45,Massa e Carrara,ASI1919_21,OK
Messina,1919,4973,730,4243,83,Messina,ASI1919_21,OK
Milano,1919,4936,3865,1071,15,Milano,ASI1919_21,OK
Modena,1919,2348,1955,393,36,Modena,ASI1919_21,OK
Napoli,1919,10404,3560,6844,63,Napoli,ASI1919_21,OK
Novara,1919,14298,13198,1100,3,Novara,ASI1919_21,OK
Padova,1919,1464,1164,300,28,Padova,ASI1919_21,OK
Palermo,1919,8289,2550,5739,82,Palermo,ASI1919_21,OK
Parma,1919,3252,2762,490,34,Parma,ASI1919_21,OK
Pavia,1919,2224,981,1243,18,Pavia,ASI1919_21,OK
Perugia,1919,3627,3013,614,54,Umbria,ASI1919_21,OK
Pesaro e Urbino,1919,2143,1693,450,41,Pesaro e Urbino,ASI1919_21,OK
Piacenza,1919,2899,2524,375,33,Piacenza,ASI1919_21,OK
Pisa,1919,2412,2053,359,50,Pisa,ASI1919_21,OK
Porto Maurizio,1919,5933,5889,44,8,Porto Maurizio,ASI1919_21,OK
Potenza,1919,4047,437,3610,76,Potenza,ASI1919_21,OK_corrected
Ravenna,1919,497,426,71,39,Ravenna,ASI1919_21,OK
Reggio di Calabria,1919,2869,351,2518,80,Reggio di Calabria,ASI1919_21,OK
Reggio nell'Emilia,1919,1507,1332,175,35,Reggio nell'Emilia,ASI1919_21,OK
Roma,1919,2807,1053,1754,58,Roma,ASI1919_21,OK
Rovigo,1919,409,223,186,29,Rovigo,ASI1919_21,OK
Salerno,1919,4349,1277,3072,65,Salerno,ASI1919_21,OK
Sassari,1919,2156,1815,341,90,Sassari,ASI1919_21,OK
Siena,1919,165,136,29,52,Siena,ASI1919_21,OK
Siracusa,1919,5469,1002,4467,89,Siracusa,ASI1919_21,OK
Sondrio,1919,1932,1683,249,14,Sondrio,ASI1919_21,OK
Teramo,1919,1324,104,1220,67,Teramo,ASI1919_21,OK
Torino,1919,11615,10157,1458,1,Torino,ASI1919_21,OK
Trapani,1919,6574,3207,3367,81,Trapani,ASI1919_21,OK
Treviso,1919,2201,1458,743,26,Treviso,ASI1919_21,OK
Udine,1919,4531,3052,1479,30,Udine,ASI1919_21,OK
Venezia,1919,389,300,89,27,Venezia,ASI1919_21,OK
Verona,1919,1880,1513,367,23,Verona,ASI1919_21,OK
Vicenza,1919,2217,1572,645,24,Vicenza,ASI1919_21,OK
Alessandria,1920,7843,3695,4148,6,Alessandria,ASI1919_21,OK
Ancona,1920,4765,2325,2440,42,Ancona,ASI1919_21,OK
Aquila degli Abruzzi,1920,15777,1370,14407,66,Aquila degli Abruzzi,ASI1919_21,OK
Arezzo,1920,1560,1176,384,51,Arezzo,ASI1919_21,OK
Ascoli Piceno,1920,5372,125,5247,44,Ascoli Piceno,ASI1919_21,OK
Avellino,1920,14101,203,13898,64,Avellino,ASI1919_21,OK
Bari delle Puglie,1920,28940,2514,26426,72,Bari delle Puglie,ASI1919_21,OK
Belluno,1920,7141,5239,1902,25,Belluno,ASI1919_21,OK
Benevento,1920,7723,63,7660,62,Benevento,ASI1919_21,OK
Bergamo,1920,13292,12149,1143,16,Bergamo,ASI1919_21,OK
Bologna,1920,1752,1356,396,37,Bologna,ASI1919_21,OK
Brescia,1920,3674,2745,929,17,Brescia,ASI1919_21,OK
Cagliari,1920,3307,2938,369,92,Cagliari,ASI1919_21,OK
Caltanissetta,1920,9993,211,9782,85,Caltanissetta,ASI1919_21,OK
Campobasso,1920,11457,545,10912,70,Campobasso,ASI1919_21,OK
Caserta,1920,29436,5283,24153,61,Caserta,ASI1919_21,OK
Catania,1920,14699,750,13949,87,Catania,ASI1919_21,OK
Catanzaro,1920,15926,95,15831,79,Catanzaro,ASI1919_21,OK
Chieti,1920,12566,128,12438,69,Chieti,ASI1919_21,OK
Como,1920,15085,13965,1120,13,Como,ASI1919_21,OK
Cosenza,1920,21996,449,21547,78,Cosenza,ASI1919_21,OK
Cremona,1920,999,887,112,19,Cremona,ASI1919_21,OK
Cuneo,1920,15501,13521,1980,4,Cuneo,ASI1919_21,OK
Ferrara,1920,522,272,250,38,Ferrara,ASI1919_21,OK
Firenze,1920,5461,4567,894,48,Firenze,ASI1919_21,OK
Foggia,1920,9298,108,9190,71,Foggia,ASI1919_21,OK
Forlì,1920,2631,1791,840,40,Forlì,ASI1919_21,OK
Genova,1920,9515,5235,4280,10,Genova,ASI1919_21,OK
Girgenti,1920,15257,472,14785,84,Girgenti,ASI1919_21,OK
Grosseto,1920,461,171,290,53,Grosseto,ASI1919_21,OK
Lecce,1920,2123,260,1863,75,Lecce,ASI1919_21,OK
Livorno,1920,811,652,159,49,Livorno,ASI1919_21,OK
Lucca,1920,9576,3255,6321,46,Lucca,ASI1919_21,OK
Macerata,1920,4250,937,3313,43,Macerata,ASI1919_21,OK
Mantova,1920,1009,747,262,20,Mantova,ASI1919_21,OK
Massa e Carrara,1920,5346,3551,1795,45,Massa e Carrara,ASI1919_21,OK
Messina,1920,15608,444,15164,83,Messina,ASI1919_21,OK
Milano,1920,7121,4851,2270,15,Milano,ASI1919_21,OK
Modena,1920,2733,1862,871,36,Modena,ASI1919_21,OK
Napoli,1920,18913,2292,16621,63,Napoli,ASI1919_21,OK
Novara,1920,19170,17071,2099,3,Novara,ASI1919_21,OK
Padova,1920,4556,3924,632,28,Padova,ASI1919_21,OK
Palermo,1920,25658,1429,24229,82,Palermo,ASI1919_21,OK
Parma,1920,4407,2860,1547,34,Parma,ASI1919_21,OK
Pavia,1920,3301,1197,2104,18,Pavia,ASI1919_21,OK_corrected
Perugia,1920,5439,2956,2483,54,Umbria,ASI1919_21,OK
Pesaro e Urbino,1920,5732,3264,2468,41,Pesaro e Urbino,ASI1919_21,OK
Piacenza,1920,3547,2522,1025,33,Piacenza,ASI1919_21,OK
Pisa,1920,2685,2232,453,50,Pisa,ASI1919_21,OK
Porto Maurizio,1920,3496,3431,65,8,Porto Maurizio,ASI1919_21,OK
Potenza,1920,12324,461,11863,76,Potenza,ASI1919_21,OK
Ravenna,1920,402,320,82,39,Ravenna,ASI1919_21,OK
Reggio di Calabria,1920,13744,450,13294,80,Reggio di Calabria,ASI1919_21,OK
Reggio nell'Emilia,1920,1725,1425,300,35,Reggio nell'Emilia,ASI1919_21,OK
Roma,1920,11109,1405,9704,58,Roma,ASI1919_21,OK
Rovigo,1920,710,475,235,29,Rovigo,ASI1919_21,OK
Salerno,1920,12606,1273,11333,65,Salerno,ASI1919_21,OK
Sassari,1920,3314,2139,1175,90,Sassari,ASI1919_21,OK
Siena,1920,308,227,81,52,Siena,ASI1919_21,OK
Siracusa,1920,15277,699,14578,89,Siracusa,ASI1919_21,OK
Sondrio,1920,3355,2648,707,14,Sondrio,ASI1919_21,OK
Teramo,1920,9995,228,9767,67,Teramo,ASI1919_21,OK
Torino,1920,18025,13713,4312,1,Torino,ASI1919_21,OK
Trapani,1920,12226,1540,10686,81,Trapani,ASI1919_21,OK
Treviso,1920,6361,3529,2832,26,Treviso,ASI1919_21,OK
Udine,1920,26587,20986,5601,30,Udine,ASI1919_21,OK
Venezia,1920,1255,952,303,27,Venezia,ASI1919_21,OK
Verona,1920,4676,3249,1427,23,Verona,ASI1919_21,OK_corrected
Vicenza,1920,9081,5568,3513,24,Vicenza,ASI1919_21,OK
Alessandria,1921,3721,1228,2493,6,Alessandria,ASI1919_21,OK
Ancona,1921,1528,239,1289,42,Ancona,ASI1919_21,OK
Aquila degli Abruzzi,1921,1825,330,1495,66,Aquila degli Abruzzi,ASI1919_21,OK
Arezzo,1921,377,294,83,51,Arezzo,ASI1919_21,OK
Ascoli Piceno,1921,1259,28,1231,44,Ascoli Piceno,ASI1919_21,OK
Avellino,1921,2939,70,2869,64,Avellino,ASI1919_21,OK
Bari delle Puglie,1921,4502,632,3870,72,Bari delle Puglie,ASI1919_21,OK
Belluno,1921,2180,1127,1053,25,Belluno,ASI1919_21,OK
Benevento,1921,1698,20,1678,62,Benevento,ASI1919_21,OK
Bergamo,1921,5282,5057,225,16,Bergamo,ASI1919_21,OK
Bologna,1921,581,464,117,37,Bologna,ASI1919_21,OK
Brescia,1921,1051,661,390,17,Brescia,ASI1919_21,OK
Cagliari,1921,672,602,70,92,Cagliari,ASI1919_21,OK
Caltanissetta,1921,1177,157,1020,85,Caltanissetta,ASI1919_21,OK
Campobasso,1921,2844,150,2694,70,Campobasso,ASI1919_21,OK
Caserta,1921,5176,1042,4134,61,Caserta,ASI1919_21,OK
Catania,1921,4161,295,3866,87,Catania,ASI1919_21,OK
Catanzaro,1921,5695,46,5649,79,Catanzaro,ASI1919_21,OK
Chieti,1921,3926,40,3886,69,Chieti,ASI1919_21,OK
Como,1921,7509,6681,828,13,Como,ASI1919_21,OK_corrected
Cosenza,1921,8147,120,8027,78,Cosenza,ASI1919_21,OK
Cremona,1921,251,191,60,19,Cremona,ASI1919_21,OK
Cuneo,1921,6856,4951,1905,4,Cuneo,ASI1919_21,OK
Ferrara,1921,315,138,177,38,Ferrara,ASI1919_21,OK
Firenze,1921,3381,2978,403,48,Firenze,ASI1919_21,OK
Foggia,1921,1087,18,1069,71,Foggia,ASI1919_21,OK
Forlì,1921,397,220,177,40,Forlì,ASI1919_21,OK
Genova,1921,3751,1646,2105,10,Genova,ASI1919_21,OK
Girgenti,1921,3148,157,2991,84,Girgenti,ASI1919_21,OK
Grosseto,1921,54,33,21,53,Grosseto,ASI1919_21,OK
Lecce,1921,564,190,374,75,Lecce,ASI1919_21,OK
Livorno,1921,304,210,94,49,Livorno,ASI1919_21,OK
Lucca,1921,3754,1524,2230,46,Lucca,ASI1919_21,OK
Macerata,1921,2961,121,2840,43,Macerata,ASI1919_21,OK
Mantova,1921,383,211,172,20,Mantova,ASI1919_21,OK
Massa e Carrara,1921,1433,961,472,45,Massa e Carrara,ASI1919_21,OK
Messina,1921,4086,145,3941,83,Messina,ASI1919_21,OK
Milano,1921,3158,2107,1051,15,Milano,ASI1919_21,OK
Modena,1921,1289,855,434,36,Modena,ASI1919_21,OK
Napoli,1921,2874,886,1988,63,Napoli,ASI1919_21,OK
Novara,1921,9470,8011,1459,3,Novara,ASI1919_21,OK
Padova,1921,1010,335,675,28,Padova,ASI1919_21,OK
Palermo,1921,5143,389,4754,82,Palermo,ASI1919_21,OK
Parma,1921,1569,877,692,34,Parma,ASI1919_21,OK
Pavia,1921,1939,424,1515,18,Pavia,ASI1919_21,OK
Perugia,1921,1448,680,768,54,Umbria,ASI1919_21,OK
Pesaro e Urbino,1921,953,296,657,41,Pesaro e Urbino,ASI1919_21,OK
Piacenza,1921,958,658,300,33,Piacenza,ASI1919_21,OK
Pisa,1921,742,574,168,50,Pisa,ASI1919_21,OK
Porto Maurizio,1921,410,388,22,8,Porto Maurizio,ASI1919_21,OK
Potenza,1921,5594,126,5468,76,Potenza,ASI1919_21,OK
Ravenna,1921,80,51,29,39,Ravenna,ASI1919_21,OK
Reggio di Calabria,1921,3195,74,3121,80,Reggio di Calabria,ASI1919_21,OK
Reggio nell'Emilia,1921,403,310,93,35,Reggio nell'Emilia,ASI1919_21,OK
Roma,1921,2124,679,1445,58,Roma,ASI1919_21,OK
Rovigo,1921,206,84,122,29,Rovigo,ASI1919_21,OK
Salerno,1921,4534,511,4023,65,Salerno,ASI1919_21,OK
Sassari,1921,430,327,103,90,Sassari,ASI1919_21,OK_corrected
Siena,1921,112,82,30,52,Siena,ASI1919_21,OK
Siracusa,1921,2376,270,2106,89,Siracusa,ASI1919_21,OK
Sondrio,1921,2477,1818,659,14,Sondrio,ASI1919_21,OK
Teramo,1921,1904,33,1871,67,Teramo,ASI1919_21,OK
Torino,1921,10344,7384,2960,1,Torino,ASI1919_21,OK
Trapani,1921,2991,1218,1773,81,Trapani,ASI1919_21,OK
Treviso,1921,4130,870,3260,26,Treviso,ASI1919_21,OK
Udine,1921,15649,11293,4356,30,Udine,ASI1919_21,OK
Venezia,1921,339,160,179,27,Venezia,ASI1919_21,OK
Venezia Giulia e Zara,1921,8949,7069,1880,,,ASI1919_21,OK
Venezia Tridentina,1921,3026,1473,1553,,,ASI1919_21,OK
Verona,1921,722,390,332,23,Verona,ASI1919_21,OK
Vicenza,1921,1768,649,1119,24,Vicenza,ASI1919_21,OK
