severity,dataset,where,check,detail
ERROR,census,Palermo 1861->1871,intercensal_jump,"384,526 -> 617,618 (x1.61)"
ERROR,census,AscoliPiceno 1931,t_0!=m+f,"7,641 != 3,765+3,696 (off 180)"
ERROR,census,Piacenza 1921,t_10_14!=m+f,"32,152 != 16,871+15,881 (off 600)"
ERROR,census,Venezia 1921,t_10_14!=m+f,"58,411 != 29,590+29,181 (off 360)"
ERROR,census,Vicenza 1921,t_10_14!=m+f,"66,074 != 33,580+32,994 (off 500)"
ERROR,census,Rovigo 1921,t_15_19!=m+f,"30,248 != 15,184+14,884 (off 180)"
ERROR,census,AscoliPiceno 1931,t_1_4!=m+f,"27,610 != 14,286+13,504 (off 180)"
ERROR,census,Catania 1936,t_1_4!=m+f,"63,096 != 24,025+30,869 (off 8,202)"
ERROR,census,Terni 1936,t_30_34!=m+f,"13,024 != 6,708+6,816 (off 500)"
ERROR,census,Cosenza 1936,t_35_39!=m+f,"25,459 != 13,311+18,278 (off 6,130)"
ERROR,census,ReggioCalabria 1911,t_40_44!=m+f,"22,375 != 10,818+12,557 (off 1,000)"
ERROR,census,Enna 1936,t_55_59!=m+f,"7,278 != 4,422+3,728 (off 872)"
ERROR,census,Massa e Carrara 1921,t_5_9!=m+f,"25,559 != 13,271+12,888 (off 600)"
ERROR,census,PrincipatoUlteriore 1871,t_5_9!=m+f,"40,436 != 13,687+19,929 (off 6,820)"
ERROR,census,Siracusa 1921,t_70_74!=m+f,"9,870 != 5,028+4,942 (off 100)"
ERROR,census,Catania 1936,total!=M+F,"713,108 != 343,463+361,443 (off 8,202)"
ERROR,census,Cosenza 1936,total!=M+F,"580,763 != 280,256+306,637 (off 6,130)"
ERROR,census,Enna 1936,total!=M+F,"216,240 != 110,509+106,603 (off 872)"
ERROR,census,Massa e Carrara 1921,total!=M+F,"223,346 != 110,053+113,893 (off 600)"
ERROR,census,Piacenza 1921,total!=M+F,"280,483 != 142,209+138,864 (off 590)"
ERROR,census,PrincipatoUlteriore 1871,total!=M+F,"377,207 != 179,187+191,200 (off 6,820)"
ERROR,census,ReggioCalabria 1911,total!=M+F,"443,611 != 212,964+231,647 (off 1,000)"
ERROR,census,Terni 1936,total!=M+F,"191,547 != 97,260+94,787 (off 500)"
ERROR,fertility,Fiume 1931,cbr_implausible,cbr=5.8
ERROR,fertility,Mantova 1865,cbr_implausible,cbr=5.16
ERROR,marriages,Ferrara 1866,nuptiality_implausible,nuptiality=1.68
ERROR,marriages,Fiume 1931,nuptiality_implausible,nuptiality=1.93
ERROR,marriages,Girgenti 1866,nuptiality_implausible,nuptiality=2.53
ERROR,marriages,Mantova 1865,nuptiality_implausible,nuptiality=1.2
ERROR,marriages,Pesaro e Urbino 1866,nuptiality_implausible,nuptiality=2.94
ERROR,marriages,Roma 1872,nuptiality_implausible,nuptiality=2.98
ERROR,migration,Belluno 1911,emig_rate_implausible,emig_rate=87.24
ERROR,migration,Belluno 1912,emig_rate_implausible,emig_rate=87.25
ERROR,migration,Belluno 1913,emig_rate_implausible,emig_rate=94.07
ERROR,migration,Belluno 1914,emig_rate_implausible,emig_rate=82.21
ERROR,mortality,Trapani 1881,cdr_implausible,cdr=0.95
WARNING,census,Catania 1921->1931,intercensal_growth,"-2.35%/yr (869,684 -> 685,369)"
WARNING,census,Como 1921->1931,intercensal_growth,"-2.52%/yr (628,980 -> 487,186)"
WARNING,census,Cremona 1931->1936,intercensal_growth,"-1.62%/yr (400,834 -> 369,466)"
WARNING,census,Firenze 1921->1931,intercensal_growth,"-2.07%/yr (1,035,968 -> 840,043)"
WARNING,census,Genova 1921->1931,intercensal_growth,"-3.38%/yr (1,171,838 -> 831,269)"
WARNING,census,Girgenti 1861->1871,intercensal_growth,"-2.66%/yr (376,957 -> 287,763)"
WARNING,census,MassaCarrara 1921->1931,intercensal_growth,"-1.62%/yr (223,346 -> 189,622)"
WARNING,census,Napoli 1921->1931,intercensal_growth,"+3.56%/yr (1,461,112 -> 2,073,825)"
WARNING,census,Perugia 1921->1931,intercensal_growth,"-3.48%/yr (733,696 -> 514,830)"
WARNING,census,Potenza 1921->1931,intercensal_growth,"-2.83%/yr (467,098 -> 350,618)"
WARNING,census,Teramo 1921->1931,intercensal_growth,"-3.40%/yr (319,988 -> 226,401)"
WARNING,census,Trieste 1931->1936,intercensal_growth,"+5.74%/yr (348,405 -> 460,596)"
WARNING,census,Alessandria 1931->1936,intercensal_jump,"755,968 -> 494,688 (x0.65) (possible 1927/1935 boundary change)"
WARNING,census,Caltanissetta 1921->1931,intercensal_jump,"382,444 -> 245,476 (x0.64) (possible 1927/1935 boundary change)"
WARNING,census,Firenze 1931->1936,intercensal_jump,"840,043 -> 322,526 (x0.38) (possible 1927/1935 boundary change)"
WARNING,census,Lecce 1921->1931,intercensal_jump,"877,583 -> 487,029 (x0.55) (possible 1927/1935 boundary change)"
WARNING,census,Livorno 1921->1931,intercensal_jump,"143,190 -> 245,707 (x1.72) (possible 1927/1935 boundary change)"
WARNING,census,Novara 1921->1931,intercensal_jump,"723,269 -> 389,312 (x0.54) (possible 1927/1935 boundary change)"
WARNING,census,Siracusa 1921->1931,intercensal_jump,"526,953 -> 284,193 (x0.54) (possible 1927/1935 boundary change)"
WARNING,census,Girgenti 1861,mean_age,42.7
WARNING,census,COD_PROV 14 1881,province_missing,"present in 1871 and 1901, absent in 1881 (Sondrio)"
WARNING,census,Aquila 1881,sex_ratio,M/F = 87.0 per 100
WARNING,census,Aquila 1901,sex_ratio,M/F = 87.9 per 100
WARNING,census,Aquila 1911,sex_ratio,M/F = 86.9 per 100
WARNING,census,AquiladegliAbruzzi 1871,sex_ratio,M/F = 87.8 per 100
WARNING,census,Belluno 1911,sex_ratio,M/F = 81.8 per 100
WARNING,census,Belluno 1931,sex_ratio,M/F = 86.9 per 100
WARNING,census,Caltanissetta 1861,sex_ratio,M/F = 113.0 per 100
WARNING,census,Campobasso 1901,sex_ratio,M/F = 88.0 per 100
WARNING,census,Campobasso 1911,sex_ratio,M/F = 83.8 per 100
WARNING,census,Campobasso 1931,sex_ratio,M/F = 87.5 per 100
WARNING,census,Catanzaro 1911,sex_ratio,M/F = 85.3 per 100
WARNING,census,Chieti 1911,sex_ratio,M/F = 85.5 per 100
WARNING,census,Chieti 1931,sex_ratio,M/F = 83.9 per 100
WARNING,census,Cosenza 1901,sex_ratio,M/F = 84.8 per 100
WARNING,census,Cosenza 1911,sex_ratio,M/F = 84.1 per 100
WARNING,census,Cosenza 1931,sex_ratio,M/F = 87.8 per 100
WARNING,census,Cremona 1931,sex_ratio,M/F = 80.9 per 100
WARNING,census,Firenze 1936,sex_ratio,M/F = 85.4 per 100
WARNING,census,Girgenti 1861,sex_ratio,M/F = 153.8 per 100
WARNING,census,Grosseto 1861,sex_ratio,M/F = 135.4 per 100
WARNING,census,Grosseto 1871,sex_ratio,M/F = 130.3 per 100
WARNING,census,Grosseto 1881,sex_ratio,M/F = 129.0 per 100
WARNING,census,Grosseto 1901,sex_ratio,M/F = 120.1 per 100
WARNING,census,Lucca 1911,sex_ratio,M/F = 87.6 per 100
WARNING,census,Lucca 1931,sex_ratio,M/F = 87.8 per 100
WARNING,census,Novara 1911,sex_ratio,M/F = 85.9 per 100
WARNING,census,Palermo 1861,sex_ratio,M/F = 298.5 per 100
WARNING,census,Roma 1871,sex_ratio,M/F = 115.9 per 100
WARNING,census,Roma 1881,sex_ratio,M/F = 113.6 per 100
WARNING,census,Udine 1911,sex_ratio,M/F = 83.0 per 100
WARNING,census,Girgenti 1861,share_50_54,17.0% in one 5-year group
WARNING,census,Campobasso 1936,share_age0,5.02% of population aged 0
WARNING,census,Firenze 1936,share_age0,1.20% of population aged 0
WARNING,fertility,Alessandria 1931,cbr_range,cbr=15.21
WARNING,fertility,Aosta 1931,cbr_range,cbr=17.81
WARNING,fertility,Bologna 1931,cbr_range,cbr=18.51
WARNING,fertility,Firenze 1931,cbr_range,cbr=16.76
WARNING,fertility,Genova 1931,cbr_range,cbr=14.61
WARNING,fertility,La Spezia 1931,cbr_range,cbr=18.31
WARNING,fertility,Livorno 1931,cbr_range,cbr=18.01
WARNING,fertility,Lucca 1931,cbr_range,cbr=19.59
WARNING,fertility,Milano 1931,cbr_range,cbr=19.68
WARNING,fertility,Novara 1921,cbr_range,cbr=18.76
WARNING,fertility,Novara 1931,cbr_range,cbr=16.54
WARNING,fertility,Parma 1931,cbr_range,cbr=19.45
WARNING,fertility,Pavia 1921,cbr_range,cbr=19.68
WARNING,fertility,Pavia 1931,cbr_range,cbr=16.12
WARNING,fertility,Pisa 1931,cbr_range,cbr=18.44
WARNING,fertility,Pistoia 1931,cbr_range,cbr=18.79
WARNING,fertility,Porto Maurizio 1921,cbr_range,cbr=19.04
WARNING,fertility,Porto Maurizio 1931,cbr_range,cbr=15.78
WARNING,fertility,Ravenna 1931,cbr_range,cbr=15.84
WARNING,fertility,Savona 1931,cbr_range,cbr=16.71
WARNING,fertility,Sondrio 1881,cbr_range,cbr=19.67
WARNING,fertility,Torino 1921,cbr_range,cbr=18.62
WARNING,fertility,Torino 1931,cbr_range,cbr=15.07
WARNING,fertility,Varese 1931,cbr_range,cbr=17.87
WARNING,fertility,Vercelli 1931,cbr_range,cbr=14.63
WARNING,fertility,Benevento 1880->1881,yoy_jump,cbr 30.49 -> 41.87
WARNING,fertility,Mantova 1864->1865,yoy_jump,cbr 20.44 -> 5.16
WARNING,fertility,Mantova 1865->1866,yoy_jump,cbr 5.16 -> 21.35
WARNING,fertility,Mantova 1868->1869,yoy_jump,cbr 21.8 -> 37.53
WARNING,fertility,Sondrio 1880->1881,yoy_jump,cbr 36.82 -> 19.67
WARNING,marriages,Alessandria 1921,nuptiality_range,nuptiality=13.45
WARNING,marriages,Ancona 1866,nuptiality_range,nuptiality=4.1
WARNING,marriages,Ancona 1868,nuptiality_range,nuptiality=4.19
WARNING,marriages,Ancona 1921,nuptiality_range,nuptiality=12.26
WARNING,marriages,Arezzo 1866,nuptiality_range,nuptiality=3.76
WARNING,marriages,Arezzo 1921,nuptiality_range,nuptiality=13.39
WARNING,marriages,Ascoli Piceno 1866,nuptiality_range,nuptiality=3.33
WARNING,marriages,Ascoli Piceno 1867,nuptiality_range,nuptiality=3.87
WARNING,marriages,Ascoli Piceno 1868,nuptiality_range,nuptiality=3.77
WARNING,marriages,Ascoli Piceno 1870,nuptiality_range,nuptiality=3.78
WARNING,marriages,Ascoli Piceno 1871,nuptiality_range,nuptiality=3.33
WARNING,marriages,Avellino 1921,nuptiality_range,nuptiality=12.18
WARNING,marriages,Belluno 1921,nuptiality_range,nuptiality=13.12
WARNING,marriages,Benevento 1921,nuptiality_range,nuptiality=12.24
WARNING,marriages,Bergamo 1921,nuptiality_range,nuptiality=12.77
WARNING,marriages,Bologna 1866,nuptiality_range,nuptiality=4.49
WARNING,marriages,Brescia 1921,nuptiality_range,nuptiality=12.34
WARNING,marriages,Cagliari 1866,nuptiality_range,nuptiality=3.63
WARNING,marriages,Caltanissetta 1866,nuptiality_range,nuptiality=3.86
WARNING,marriages,Campobasso 1921,nuptiality_range,nuptiality=12.27
WARNING,marriages,Catania 1866,nuptiality_range,nuptiality=3.37
WARNING,marriages,Catania 1867,nuptiality_range,nuptiality=3.74
WARNING,marriages,Como 1921,nuptiality_range,nuptiality=12.48
WARNING,marriages,Cosenza 1921,nuptiality_range,nuptiality=14.16
WARNING,marriages,Cremona 1921,nuptiality_range,nuptiality=12.43
WARNING,marriages,Cuneo 1921,nuptiality_range,nuptiality=12.38
WARNING,marriages,Firenze 1921,nuptiality_range,nuptiality=12.5
WARNING,marriages,Forlì 1866,nuptiality_range,nuptiality=3.13
WARNING,marriages,Forlì 1867,nuptiality_range,nuptiality=3.67
WARNING,marriages,Forlì 1868,nuptiality_range,nuptiality=4.35
WARNING,marriages,Forlì 1871,nuptiality_range,nuptiality=4.33
WARNING,marriages,Girgenti 1867,nuptiality_range,nuptiality=3.92
WARNING,marriages,Grosseto 1866,nuptiality_range,nuptiality=3.36
WARNING,marriages,Grosseto 1921,nuptiality_range,nuptiality=13.15
WARNING,marriages,Lucca 1866,nuptiality_range,nuptiality=3.77
WARNING,marriages,Lucca 1921,nuptiality_range,nuptiality=12.07
WARNING,marriages,Macerata 1870,nuptiality_range,nuptiality=4.42
WARNING,marriages,Macerata 1921,nuptiality_range,nuptiality=12.59
WARNING,marriages,Massa e Carrara 1866,nuptiality_range,nuptiality=3.85
WARNING,marriages,Massa e Carrara 1921,nuptiality_range,nuptiality=12.95
WARNING,marriages,Novara 1921,nuptiality_range,nuptiality=13.49
WARNING,marriages,Palermo 1866,nuptiality_range,nuptiality=3.76
WARNING,marriages,Pavia 1921,nuptiality_range,nuptiality=12.9
WARNING,marriages,Pesaro e Urbino 1867,nuptiality_range,nuptiality=3.25
WARNING,marriages,Pesaro e Urbino 1868,nuptiality_range,nuptiality=3.23
WARNING,marriages,Pesaro e Urbino 1869,nuptiality_range,nuptiality=3.83
WARNING,marriages,Pesaro e Urbino 1870,nuptiality_range,nuptiality=4.02
WARNING,marriages,Pesaro e Urbino 1871,nuptiality_range,nuptiality=4.09
WARNING,marriages,Pesaro e Urbino 1921,nuptiality_range,nuptiality=12.75
WARNING,marriages,Pisa 1866,nuptiality_range,nuptiality=4.37
WARNING,marriages,Pisa 1921,nuptiality_range,nuptiality=12.74
WARNING,marriages,Potenza 1921,nuptiality_range,nuptiality=12.6
WARNING,marriages,Ravenna 1866,nuptiality_range,nuptiality=3.53
WARNING,marriages,Ravenna 1867,nuptiality_range,nuptiality=4.03
WARNING,marriages,Ravenna 1868,nuptiality_range,nuptiality=4.44
WARNING,marriages,Roma 1873,nuptiality_range,nuptiality=3.72
WARNING,marriages,Roma 1874,nuptiality_range,nuptiality=4.45
WARNING,marriages,Salerno 1921,nuptiality_range,nuptiality=12.23
WARNING,marriages,Sassari 1866,nuptiality_range,nuptiality=3.63
WARNING,marriages,Siena 1921,nuptiality_range,nuptiality=14.62
WARNING,marriages,Siracusa 1866,nuptiality_range,nuptiality=3.97
WARNING,marriages,Siracusa 1867,nuptiality_range,nuptiality=3.47
WARNING,marriages,Trapani 1866,nuptiality_range,nuptiality=3.88
WARNING,marriages,Treviso 1921,nuptiality_range,nuptiality=13.35
WARNING,marriages,Udine 1921,nuptiality_range,nuptiality=12.16
WARNING,marriages,Umbria 1921,nuptiality_range,nuptiality=13.04
WARNING,marriages,Verona 1921,nuptiality_range,nuptiality=12.37
WARNING,marriages,Vicenza 1921,nuptiality_range,nuptiality=13.15
WARNING,marriages,Alessandria 1865->1866,yoy_jump,nuptiality 10.68 -> 5.93
WARNING,marriages,Ancona 1865->1866,yoy_jump,nuptiality 8.12 -> 4.1
WARNING,marriages,Aquila degli Abruzzi 1865->1866,yoy_jump,nuptiality 8.35 -> 5.18
WARNING,marriages,Arezzo 1865->1866,yoy_jump,nuptiality 9.19 -> 3.76
WARNING,marriages,Ascoli Piceno 1865->1866,yoy_jump,nuptiality 7.32 -> 3.33
WARNING,marriages,Ascoli Piceno 1871->1872,yoy_jump,nuptiality 3.33 -> 4.84
WARNING,marriages,Benevento 1880->1881,yoy_jump,nuptiality 6.62 -> 10.57
WARNING,marriages,Bergamo 1865->1866,yoy_jump,nuptiality 9.54 -> 5.64
WARNING,marriages,Bologna 1865->1866,yoy_jump,nuptiality 7.97 -> 4.49
WARNING,marriages,Brescia 1865->1866,yoy_jump,nuptiality 10.17 -> 5.77
WARNING,marriages,Brescia 1866->1867,yoy_jump,nuptiality 5.77 -> 8.01
WARNING,marriages,Cagliari 1865->1866,yoy_jump,nuptiality 10.04 -> 3.63
WARNING,marriages,Caltanissetta 1865->1866,yoy_jump,nuptiality 7.93 -> 3.86
WARNING,marriages,Caltanissetta 1866->1867,yoy_jump,nuptiality 3.86 -> 5.64
WARNING,marriages,Caltanissetta 1867->1868,yoy_jump,nuptiality 5.64 -> 8.09
WARNING,marriages,Caltanissetta 1868->1869,yoy_jump,nuptiality 8.09 -> 11.09
WARNING,marriages,Campobasso 1880->1881,yoy_jump,nuptiality 8.0 -> 11.13
WARNING,marriages,Caserta 1865->1866,yoy_jump,nuptiality 9.36 -> 6.02
WARNING,marriages,Catania 1865->1866,yoy_jump,nuptiality 7.1 -> 3.37
WARNING,marriages,Catania 1867->1868,yoy_jump,nuptiality 3.74 -> 5.83
WARNING,marriages,Catania 1868->1869,yoy_jump,nuptiality 5.83 -> 8.62
WARNING,marriages,Catanzaro 1865->1866,yoy_jump,nuptiality 10.44 -> 6.14
WARNING,marriages,Catanzaro 1868->1869,yoy_jump,nuptiality 5.41 -> 8.98
WARNING,marriages,Catanzaro 1880->1881,yoy_jump,nuptiality 6.57 -> 8.99
WARNING,marriages,Como 1865->1866,yoy_jump,nuptiality 9.1 -> 5.39
WARNING,marriages,Cosenza 1865->1866,yoy_jump,nuptiality 10.13 -> 6.33
WARNING,marriages,Cosenza 1868->1869,yoy_jump,nuptiality 6.59 -> 9.11
WARNING,marriages,Cremona 1865->1866,yoy_jump,nuptiality 10.94 -> 6.46
WARNING,marriages,Cremona 1866->1867,yoy_jump,nuptiality 6.46 -> 9.36
WARNING,marriages,Cuneo 1865->1866,yoy_jump,nuptiality 10.16 -> 6.45
WARNING,marriages,Ferrara 1865->1866,yoy_jump,nuptiality 10.08 -> 1.68
WARNING,marriages,Ferrara 1866->1867,yoy_jump,nuptiality 1.68 -> 5.5
WARNING,marriages,Firenze 1865->1866,yoy_jump,nuptiality 10.21 -> 5.07
WARNING,marriages,Forlì 1865->1866,yoy_jump,nuptiality 7.27 -> 3.13
WARNING,marriages,Forlì 1878->1879,yoy_jump,nuptiality 5.22 -> 7.15
WARNING,marriages,Genova 1865->1866,yoy_jump,nuptiality 11.46 -> 4.82
WARNING,marriages,Genova 1866->1867,yoy_jump,nuptiality 4.82 -> 7.13
WARNING,marriages,Girgenti 1865->1866,yoy_jump,nuptiality 5.9 -> 2.53
WARNING,marriages,Girgenti 1866->1867,yoy_jump,nuptiality 2.53 -> 3.92
WARNING,marriages,Girgenti 1867->1868,yoy_jump,nuptiality 3.92 -> 6.74
WARNING,marriages,Girgenti 1868->1869,yoy_jump,nuptiality 6.74 -> 9.45
WARNING,marriages,Girgenti 1880->1881,yoy_jump,nuptiality 7.35 -> 9.94
WARNING,marriages,Grosseto 1865->1866,yoy_jump,nuptiality 9.25 -> 3.36
WARNING,marriages,Grosseto 1866->1867,yoy_jump,nuptiality 3.36 -> 5.5
WARNING,marriages,Lecce 1874->1875,yoy_jump,nuptiality 6.37 -> 9.92
WARNING,marriages,Livorno 1865->1866,yoy_jump,nuptiality 10.27 -> 6.26
WARNING,marriages,Lucca 1865->1866,yoy_jump,nuptiality 9.72 -> 3.77
WARNING,marriages,Lucca 1866->1867,yoy_jump,nuptiality 3.77 -> 5.21
WARNING,marriages,Macerata 1865->1866,yoy_jump,nuptiality 7.08 -> 4.58
WARNING,marriages,Mantova 1864->1865,yoy_jump,nuptiality 4.97 -> 1.2
WARNING,marriages,Mantova 1865->1866,yoy_jump,nuptiality 1.2 -> 4.81
WARNING,marriages,Mantova 1868->1869,yoy_jump,nuptiality 5.55 -> 8.91
WARNING,marriages,Mantova 1870->1871,yoy_jump,nuptiality 8.22 -> 4.75
WARNING,marriages,Mantova 1871->1872,yoy_jump,nuptiality 4.75 -> 7.36
WARNING,marriages,Massa e Carrara 1865->1866,yoy_jump,nuptiality 9.45 -> 3.85
WARNING,marriages,Massa e Carrara 1878->1879,yoy_jump,nuptiality 4.95 -> 6.82
WARNING,marriages,Messina 1865->1866,yoy_jump,nuptiality 7.44 -> 4.61
WARNING,marriages,Messina 1880->1881,yoy_jump,nuptiality 5.68 -> 8.01
WARNING,marriages,Milano 1865->1866,yoy_jump,nuptiality 9.13 -> 5.68
WARNING,marriages,Modena 1865->1866,yoy_jump,nuptiality 8.77 -> 4.9
WARNING,marriages,Napoli 1865->1866,yoy_jump,nuptiality 8.66 -> 5.38
WARNING,marriages,Novara 1865->1866,yoy_jump,nuptiality 11.01 -> 6.83
WARNING,marriages,Palermo 1865->1866,yoy_jump,nuptiality 8.54 -> 3.76
WARNING,marriages,Palermo 1866->1867,yoy_jump,nuptiality 3.76 -> 5.76
WARNING,marriages,Pavia 1865->1866,yoy_jump,nuptiality 10.16 -> 6.25
WARNING,marriages,Pesaro e Urbino 1865->1866,yoy_jump,nuptiality 7.25 -> 2.94
WARNING,marriages,Pisa 1865->1866,yoy_jump,nuptiality 9.64 -> 4.37
WARNING,marriages,Porto Maurizio 1865->1866,yoy_jump,nuptiality 10.93 -> 4.7
WARNING,marriages,Porto Maurizio 1866->1867,yoy_jump,nuptiality 4.7 -> 6.4
WARNING,marriages,Ravenna 1865->1866,yoy_jump,nuptiality 7.71 -> 3.53
WARNING,marriages,Reggio di Calabria 1865->1866,yoy_jump,nuptiality 8.89 -> 5.2
WARNING,marriages,Reggio di Calabria 1868->1869,yoy_jump,nuptiality 5.3 -> 8.56
WARNING,marriages,Reggio di Calabria 1872->1873,yoy_jump,nuptiality 7.09 -> 9.67
WARNING,marriages,Reggio di Calabria 1880->1881,yoy_jump,nuptiality 6.43 -> 8.97
WARNING,marriages,Reggio nell'Emilia 1865->1866,yoy_jump,nuptiality 7.96 -> 4.93
WARNING,marriages,Roma 1880->1881,yoy_jump,nuptiality 5.73 -> 7.77
WARNING,marriages,Salerno 1864->1865,yoy_jump,nuptiality 6.52 -> 9.2
WARNING,marriages,Sassari 1865->1866,yoy_jump,nuptiality 11.07 -> 3.63
WARNING,marriages,Sassari 1866->1867,yoy_jump,nuptiality 3.63 -> 5.9
WARNING,marriages,Sassari 1873->1874,yoy_jump,nuptiality 6.6 -> 9.13
WARNING,marriages,Siena 1865->1866,yoy_jump,nuptiality 9.95 -> 5.4
WARNING,marriages,Siena 1880->1881,yoy_jump,nuptiality 6.18 -> 8.49
WARNING,marriages,Siracusa 1865->1866,yoy_jump,nuptiality 7.6 -> 3.97
WARNING,marriages,Siracusa 1867->1868,yoy_jump,nuptiality 3.47 -> 5.6
WARNING,marriages,Siracusa 1868->1869,yoy_jump,nuptiality 5.6 -> 9.65
WARNING,marriages,Sondrio 1865->1866,yoy_jump,nuptiality 9.25 -> 5.92
WARNING,marriages,Torino 1865->1866,yoy_jump,nuptiality 9.6 -> 5.89
WARNING,marriages,Trapani 1865->1866,yoy_jump,nuptiality 7.46 -> 3.88
WARNING,marriages,Trapani 1867->1868,yoy_jump,nuptiality 4.73 -> 6.81
WARNING,marriages,Venezia 1866->1867,yoy_jump,nuptiality 6.38 -> 11.66
WARNING,migration,Aquila degli Abruzzi 1913,emig_rate_range,emig_rate=51.34
WARNING,migration,Aquila degli Abruzzi 1920,emig_rate_range,emig_rate=40.09
WARNING,migration,Caltanissetta 1913,emig_rate_range,emig_rate=44.35
WARNING,migration,Campobasso 1913,emig_rate_range,emig_rate=40.26
WARNING,migration,Catanzaro 1913,emig_rate_range,emig_rate=41.34
WARNING,migration,Cosenza 1920,emig_rate_range,emig_rate=44.98
WARNING,migration,Girgenti 1913,emig_rate_range,emig_rate=50.7
WARNING,migration,Siracusa 1913,emig_rate_range,emig_rate=43.27
WARNING,migration,Sondrio 1911,emig_rate_range,emig_rate=46.29
WARNING,migration,Sondrio 1912,emig_rate_range,emig_rate=47.94
WARNING,migration,Sondrio 1913,emig_rate_range,emig_rate=51.25
WARNING,migration,Teramo 1913,emig_rate_range,emig_rate=45.72
WARNING,migration,Trapani 1913,emig_rate_range,emig_rate=70.8
WARNING,migration,Udine 1911,emig_rate_range,emig_rate=58.17
WARNING,migration,Udine 1912,emig_rate_range,emig_rate=66.08
WARNING,migration,Udine 1913,emig_rate_range,emig_rate=68.26
WARNING,migration,Udine 1914,emig_rate_range,emig_rate=79.63
WARNING,migration,Alessandria 1911->1912,yoy_jump,emig_rate 9.05 -> 14.36
WARNING,migration,Alessandria 1920->1921,yoy_jump,emig_rate 10.05 -> 4.78
WARNING,migration,Ancona 1911->1912,yoy_jump,emig_rate 14.35 -> 22.55
WARNING,migration,Ancona 1920->1921,yoy_jump,emig_rate 14.34 -> 4.58
WARNING,migration,Aquila degli Abruzzi 1911->1912,yoy_jump,emig_rate 23.59 -> 35.8
WARNING,migration,Aquila degli Abruzzi 1912->1913,yoy_jump,emig_rate 35.8 -> 51.34
WARNING,migration,Aquila degli Abruzzi 1920->1921,yoy_jump,emig_rate 40.09 -> 4.65
WARNING,migration,Arezzo 1920->1921,yoy_jump,emig_rate 5.28 -> 1.27
WARNING,migration,Ascoli Piceno 1911->1912,yoy_jump,emig_rate 12.81 -> 28.31
WARNING,migration,Ascoli Piceno 1920->1921,yoy_jump,emig_rate 20.43 -> 4.77
WARNING,migration,Avellino 1920->1921,yoy_jump,emig_rate 35.24 -> 7.33
WARNING,migration,Bari delle Puglie 1912->1913,yoy_jump,emig_rate 18.41 -> 29.05
WARNING,migration,Bari delle Puglie 1920->1921,yoy_jump,emig_rate 30.78 -> 4.76
WARNING,migration,Belluno 1920->1921,yoy_jump,emig_rate 31.81 -> 9.56
WARNING,migration,Benevento 1920->1921,yoy_jump,emig_rate 29.19 -> 6.39
WARNING,migration,Bergamo 1920->1921,yoy_jump,emig_rate 24.17 -> 9.53
WARNING,migration,Bologna 1920->1921,yoy_jump,emig_rate 2.76 -> 0.91
WARNING,migration,Brescia 1920->1921,yoy_jump,emig_rate 5.7 -> 1.62
WARNING,migration,Cagliari 1911->1912,yoy_jump,emig_rate 5.2 -> 7.39
WARNING,migration,Cagliari 1912->1913,yoy_jump,emig_rate 7.39 -> 10.38
WARNING,migration,Cagliari 1920->1921,yoy_jump,emig_rate 6.3 -> 1.28
WARNING,migration,Caltanissetta 1911->1912,yoy_jump,emig_rate 14.61 -> 30.99
WARNING,migration,Caltanissetta 1912->1913,yoy_jump,emig_rate 30.99 -> 44.35
WARNING,migration,Caltanissetta 1920->1921,yoy_jump,emig_rate 26.43 -> 3.08
WARNING,migration,Campobasso 1920->1921,yoy_jump,emig_rate 33.73 -> 8.39
WARNING,migration,Caserta 1911->1912,yoy_jump,emig_rate 20.57 -> 30.87
WARNING,migration,Caserta 1920->1921,yoy_jump,emig_rate 36.18 -> 6.34
WARNING,migration,Catania 1911->1912,yoy_jump,emig_rate 10.59 -> 19.9
WARNING,migration,Catania 1920->1921,yoy_jump,emig_rate 17.07 -> 4.78
WARNING,migration,Catanzaro 1911->1912,yoy_jump,emig_rate 19.99 -> 32.84
WARNING,migration,Catanzaro 1920->1921,yoy_jump,emig_rate 31.51 -> 11.21
WARNING,migration,Chieti 1911->1912,yoy_jump,emig_rate 19.95 -> 29.6
WARNING,migration,Chieti 1920->1921,yoy_jump,emig_rate 33.65 -> 10.49
WARNING,migration,Como 1920->1921,yoy_jump,emig_rate 24.03 -> 11.94
WARNING,migration,Cosenza 1920->1921,yoy_jump,emig_rate 44.98 -> 16.57
WARNING,migration,Cremona 1920->1921,yoy_jump,emig_rate 2.81 -> 0.7
WARNING,migration,Cuneo 1912->1913,yoy_jump,emig_rate 13.64 -> 20.09
WARNING,migration,Cuneo 1920->1921,yoy_jump,emig_rate 24.83 -> 11.03
WARNING,migration,Ferrara 1920->1921,yoy_jump,emig_rate 1.53 -> 0.91
WARNING,migration,Firenze 1920->1921,yoy_jump,emig_rate 5.29 -> 3.26
WARNING,migration,Foggia 1911->1912,yoy_jump,emig_rate 11.07 -> 20.34
WARNING,migration,Foggia 1920->1921,yoy_jump,emig_rate 20.39 -> 2.39
WARNING,migration,Forlì 1920->1921,yoy_jump,emig_rate 8.06 -> 1.21
WARNING,migration,Genova 1920->1921,yoy_jump,emig_rate 8.21 -> 3.2
WARNING,migration,Girgenti 1911->1912,yoy_jump,emig_rate 18.69 -> 34.07
WARNING,migration,Girgenti 1912->1913,yoy_jump,emig_rate 34.07 -> 50.7
WARNING,migration,Girgenti 1920->1921,yoy_jump,emig_rate 37.46 -> 7.69
WARNING,migration,Grosseto 1911->1912,yoy_jump,emig_rate 5.02 -> 8.01
WARNING,migration,Grosseto 1912->1913,yoy_jump,emig_rate 8.01 -> 11.9
WARNING,migration,Grosseto 1920->1921,yoy_jump,emig_rate 2.85 -> 0.33
WARNING,migration,Lecce 1912->1913,yoy_jump,emig_rate 4.14 -> 6.0
WARNING,migration,Lecce 1920->1921,yoy_jump,emig_rate 2.45 -> 0.64
WARNING,migration,Livorno 1920->1921,yoy_jump,emig_rate 5.69 -> 2.12
WARNING,migration,Lucca 1920->1921,yoy_jump,emig_rate 27.88 -> 10.89
WARNING,migration,Macerata 1911->1912,yoy_jump,emig_rate 11.79 -> 33.24
WARNING,migration,Mantova 1912->1913,yoy_jump,emig_rate 10.15 -> 14.33
WARNING,migration,Mantova 1920->1921,yoy_jump,emig_rate 2.7 -> 1.02
WARNING,migration,Massa e Carrara 1920->1921,yoy_jump,emig_rate 24.06 -> 6.42
WARNING,migration,Messina 1911->1912,yoy_jump,emig_rate 16.94 -> 27.5
WARNING,migration,Messina 1912->1913,yoy_jump,emig_rate 27.5 -> 39.45
WARNING,migration,Messina 1920->1921,yoy_jump,emig_rate 27.4 -> 7.09
WARNING,migration,Milano 1911->1912,yoy_jump,emig_rate 4.96 -> 7.35
WARNING,migration,Milano 1920->1921,yoy_jump,emig_rate 3.78 -> 1.66
WARNING,migration,Modena 1920->1921,yoy_jump,emig_rate 7.0 -> 3.27
WARNING,migration,Napoli 1920->1921,yoy_jump,emig_rate 13.09 -> 1.97
WARNING,migration,Novara 1920->1921,yoy_jump,emig_rate 26.39 -> 13.09
WARNING,migration,Padova 1920->1921,yoy_jump,emig_rate 7.86 -> 1.72
WARNING,migration,Palermo 1911->1912,yoy_jump,emig_rate 13.33 -> 18.65
WARNING,migration,Palermo 1912->1913,yoy_jump,emig_rate 18.65 -> 29.18
WARNING,migration,Palermo 1920->1921,yoy_jump,emig_rate 30.27 -> 6.03
WARNING,migration,Parma 1920->1921,yoy_jump,emig_rate 12.9 -> 4.57
WARNING,migration,Pavia 1911->1912,yoy_jump,emig_rate 6.7 -> 14.06
WARNING,migration,Pavia 1920->1921,yoy_jump,emig_rate 6.69 -> 3.95
WARNING,migration,Pesaro e Urbino 1911->1912,yoy_jump,emig_rate 24.35 -> 35.68
WARNING,migration,Pesaro e Urbino 1920->1921,yoy_jump,emig_rate 20.65 -> 3.41
WARNING,migration,Piacenza 1920->1921,yoy_jump,emig_rate 12.76 -> 3.42
WARNING,migration,Pisa 1911->1912,yoy_jump,emig_rate 7.53 -> 10.72
WARNING,migration,Pisa 1912->1913,yoy_jump,emig_rate 10.72 -> 14.75
WARNING,migration,Pisa 1920->1921,yoy_jump,emig_rate 7.51 -> 2.07
WARNING,migration,Porto Maurizio 1920->1921,yoy_jump,emig_rate 23.37 -> 2.73
WARNING,migration,Potenza 1911->1912,yoy_jump,emig_rate 22.2 -> 31.67
WARNING,migration,Potenza 1920->1921,yoy_jump,emig_rate 26.37 -> 11.98
WARNING,migration,Ravenna 1920->1921,yoy_jump,emig_rate 1.57 -> 0.31
WARNING,migration,Reggio di Calabria 1911->1912,yoy_jump,emig_rate 15.66 -> 32.11
WARNING,migration,Reggio di Calabria 1920->1921,yoy_jump,emig_rate 28.86 -> 6.66
WARNING,migration,Reggio nell'Emilia 1912->1913,yoy_jump,emig_rate 9.5 -> 13.93
WARNING,migration,Reggio nell'Emilia 1920->1921,yoy_jump,emig_rate 5.06 -> 1.17
WARNING,migration,Roma 1911->1912,yoy_jump,emig_rate 6.96 -> 13.45
WARNING,migration,Roma 1912->1913,yoy_jump,emig_rate 13.45 -> 19.27
WARNING,migration,Roma 1920->1921,yoy_jump,emig_rate 7.5 -> 1.42
WARNING,migration,Rovigo 1911->1912,yoy_jump,emig_rate 7.05 -> 11.58
WARNING,migration,Rovigo 1920->1921,yoy_jump,emig_rate 2.5 -> 0.72
WARNING,migration,Salerno 1920->1921,yoy_jump,emig_rate 21.91 -> 7.85
WARNING,migration,Sassari 1911->1912,yoy_jump,emig_rate 8.02 -> 15.96
WARNING,migration,Sassari 1920->1921,yoy_jump,emig_rate 10.02 -> 1.3
WARNING,migration,Siena 1920->1921,yoy_jump,emig_rate 1.25 -> 0.45
WARNING,migration,Siracusa 1911->1912,yoy_jump,emig_rate 13.68 -> 32.27
WARNING,migration,Siracusa 1920->1921,yoy_jump,emig_rate 29.32 -> 4.51
WARNING,migration,Teramo 1911->1912,yoy_jump,emig_rate 20.78 -> 33.02
WARNING,migration,Teramo 1912->1913,yoy_jump,emig_rate 33.02 -> 45.72
WARNING,migration,Teramo 1920->1921,yoy_jump,emig_rate 31.36 -> 5.95
WARNING,migration,Torino 1920->1921,yoy_jump,emig_rate 14.46 -> 8.27
WARNING,migration,Trapani 1911->1912,yoy_jump,emig_rate 13.13 -> 24.14
WARNING,migration,Trapani 1912->1913,yoy_jump,emig_rate 24.14 -> 70.8
WARNING,migration,Trapani 1920->1921,yoy_jump,emig_rate 30.55 -> 7.37
WARNING,migration,Treviso 1920->1921,yoy_jump,emig_rate 11.74 -> 7.54
WARNING,migration,Udine 1920->1921,yoy_jump,emig_rate 37.52 -> 21.81
WARNING,migration,Umbria 1920->1921,yoy_jump,emig_rate 7.46 -> 1.97
WARNING,migration,Venezia 1920->1921,yoy_jump,emig_rate 2.45 -> 0.65
WARNING,migration,Verona 1920->1921,yoy_jump,emig_rate 9.12 -> 1.4
WARNING,migration,Vicenza 1911->1912,yoy_jump,emig_rate 22.31 -> 34.68
WARNING,migration,Vicenza 1920->1921,yoy_jump,emig_rate 16.79 -> 3.24
WARNING,mortality,Alessandria 1921,cdr_range,cdr=14.41
WARNING,mortality,Alessandria 1931,cdr_range,cdr=14.66
WARNING,mortality,Alessandria 1936,cdr_range,cdr=13.1
WARNING,mortality,Ancona 1931,cdr_range,cdr=11.63
WARNING,mortality,Ancona 1936,cdr_range,cdr=12.1
WARNING,mortality,Arezzo 1936,cdr_range,cdr=12.6
WARNING,mortality,Ascoli Piceno 1936,cdr_range,cdr=13.0
WARNING,mortality,Bologna 1921,cdr_range,cdr=14.9
WARNING,mortality,Bologna 1936,cdr_range,cdr=12.5
WARNING,mortality,Cagliari 1881,cdr_range,cdr=14.66
WARNING,mortality,Cagliari 1931,cdr_range,cdr=14.17
WARNING,mortality,Cagliari 1936,cdr_range,cdr=14.5
WARNING,mortality,Catania 1931,cdr_range,cdr=13.51
WARNING,mortality,Catania 1936,cdr_range,cdr=14.6
WARNING,mortality,Chieti 1931,cdr_range,cdr=14.0
WARNING,mortality,Como 1936,cdr_range,cdr=13.8
WARNING,mortality,Cosenza 1936,cdr_range,cdr=13.5
WARNING,mortality,Cremona 1936,cdr_range,cdr=14.3
WARNING,mortality,Cuneo 1936,cdr_range,cdr=14.4
WARNING,mortality,Ferrara 1936,cdr_range,cdr=12.4
WARNING,mortality,Firenze 1921,cdr_range,cdr=14.87
WARNING,mortality,Firenze 1936,cdr_range,cdr=11.9
WARNING,mortality,Forlì 1936,cdr_range,cdr=12.1
WARNING,mortality,Genova 1921,cdr_range,cdr=14.28
WARNING,mortality,Genova 1931,cdr_range,cdr=13.82
WARNING,mortality,Genova 1936,cdr_range,cdr=12.3
WARNING,mortality,Grosseto 1936,cdr_range,cdr=10.7
WARNING,mortality,Livorno 1936,cdr_range,cdr=11.9
WARNING,mortality,Lucca 1921,cdr_range,cdr=14.47
WARNING,mortality,Lucca 1936,cdr_range,cdr=12.3
WARNING,mortality,Macerata 1931,cdr_range,cdr=11.88
WARNING,mortality,Macerata 1936,cdr_range,cdr=13.1
WARNING,mortality,Mantova 1936,cdr_range,cdr=12.3
WARNING,mortality,Messina 1931,cdr_range,cdr=12.29
WARNING,mortality,Messina 1936,cdr_range,cdr=13.6
WARNING,mortality,Milano 1936,cdr_range,cdr=12.6
WARNING,mortality,Modena 1936,cdr_range,cdr=12.4
WARNING,mortality,Napoli 1931,cdr_range,cdr=14.67
WARNING,mortality,Novara 1921,cdr_range,cdr=14.88
WARNING,mortality,Novara 1936,cdr_range,cdr=13.9
WARNING,mortality,Padova 1936,cdr_range,cdr=11.1
WARNING,mortality,Palermo 1931,cdr_range,cdr=13.47
WARNING,mortality,Palermo 1936,cdr_range,cdr=14.6
WARNING,mortality,Parma 1936,cdr_range,cdr=12.9
WARNING,mortality,Pavia 1921,cdr_range,cdr=13.86
WARNING,mortality,Pavia 1936,cdr_range,cdr=12.8
WARNING,mortality,Pesaro e Urbino 1936,cdr_range,cdr=13.4
WARNING,mortality,Piacenza 1936,cdr_range,cdr=12.7
WARNING,mortality,Pisa 1871,cdr_range,cdr=13.14
WARNING,mortality,Pisa 1881,cdr_range,cdr=12.04
WARNING,mortality,Pisa 1921,cdr_range,cdr=14.36
WARNING,mortality,Pisa 1936,cdr_range,cdr=12.1
WARNING,mortality,Ravenna 1881,cdr_range,cdr=11.92
WARNING,mortality,Ravenna 1936,cdr_range,cdr=12.1
WARNING,mortality,Roma 1931,cdr_range,cdr=11.52
WARNING,mortality,Roma 1936,cdr_range,cdr=11.6
WARNING,mortality,Rovigo 1936,cdr_range,cdr=11.5
WARNING,mortality,Salerno 1936,cdr_range,cdr=14.5
WARNING,mortality,Sassari 1931,cdr_range,cdr=13.25
WARNING,mortality,Sassari 1936,cdr_range,cdr=14.0
WARNING,mortality,Siena 1936,cdr_range,cdr=12.7
WARNING,mortality,Siracusa 1931,cdr_range,cdr=12.3
WARNING,mortality,Siracusa 1936,cdr_range,cdr=13.9
WARNING,mortality,Sondrio 1936,cdr_range,cdr=14.9
WARNING,mortality,Teramo 1931,cdr_range,cdr=14.9
WARNING,mortality,Teramo 1936,cdr_range,cdr=14.4
WARNING,mortality,Torino 1931,cdr_range,cdr=14.43
WARNING,mortality,Torino 1936,cdr_range,cdr=13.3
WARNING,mortality,Trapani 1931,cdr_range,cdr=11.29
WARNING,mortality,Trapani 1936,cdr_range,cdr=13.3
WARNING,mortality,Treviso 1871,cdr_range,cdr=14.26
WARNING,mortality,Treviso 1881,cdr_range,cdr=12.33
WARNING,mortality,Treviso 1921,cdr_range,cdr=13.7
WARNING,mortality,Treviso 1936,cdr_range,cdr=11.1
WARNING,mortality,Udine 1871,cdr_range,cdr=13.47
WARNING,mortality,Udine 1881,cdr_range,cdr=12.17
WARNING,mortality,Udine 1936,cdr_range,cdr=12.9
WARNING,mortality,Umbria 1936,cdr_range,cdr=13.0
WARNING,mortality,Venezia 1881,cdr_range,cdr=12.73
WARNING,mortality,Venezia 1936,cdr_range,cdr=14.5
WARNING,mortality,Verona 1871,cdr_range,cdr=14.74
WARNING,mortality,Verona 1936,cdr_range,cdr=12.2
WARNING,mortality,Vicenza 1871,cdr_range,cdr=14.95
WARNING,mortality,Vicenza 1881,cdr_range,cdr=13.42
WARNING,mortality,Vicenza 1936,cdr_range,cdr=12.4
WARNING,mortality,Alessandria 1936,imr_range,imr=58.0
WARNING,mortality,Firenze 1936,imr_range,imr=55.0
WARNING,mortality,Genova 1936,imr_range,imr=59.0
WARNING,mortality,Livorno 1936,imr_range,imr=48.0
WARNING,mortality,Lucca 1936,imr_range,imr=56.0
WARNING,mortality,Pisa 1931,imr_range,imr=58.0
WARNING,mortality,Pisa 1936,imr_range,imr=54.0
WARNING,mortality,Ravenna 1936,imr_range,imr=56.0
WARNING,mortality,Sondrio 1881,imr_range,imr=370.0
INFO,census,Aquila 1881,t_0!=m+f,"10,107 != 5,180+4,972 (off 45)"
INFO,census,Cuneo 1931,t_0!=m+f,"12,733 != 6,436+6,267 (off 30)"
INFO,census,Como 1881,t_10_14!=m+f,"49,812 != 24,821+24,961 (off 30)"
INFO,census,Foggia 1936,t_10_14!=m+f,"59,166 != 29,827+29,348 (off 9)"
INFO,census,Reggionell'Emilia 1936,t_10_14!=m+f,"41,453 != 20,616+20,842 (off 5)"
INFO,census,Siena 1911,t_10_14!=m+f,"23,520 != 11,999+11,516 (off 5)"
INFO,census,Catanzaro 1936,t_15_19!=m+f,"48,611 != 24,870+23,738 (off 3)"
INFO,census,Trapani 1921,t_15_19!=m+f,"39,677 != 19,856+19,823 (off 2)"
INFO,census,Cuneo 1931,t_1_4!=m+f,"47,452 != 23,881+23,601 (off 30)"
INFO,census,Sassari 1921,t_20_24!=m+f,"27,315 != 12,877+14,538 (off 100)"
INFO,census,Ravenna 1931,t_30_34!=m+f,"18,595 != 9,387+9,207 (off 1)"
INFO,census,Grosseto 1881,t_35_39!=m+f,"7,641 != 4,615+2,996 (off 30)"
INFO,census,Piacenza 1921,t_35_39!=m+f,"15,900 != 7,586+8,304 (off 10)"
INFO,census,Ravenna 1931,t_35_39!=m+f,"17,112 != 8,571+8,540 (off 1)"
INFO,census,ReggiodiCalabria 1936,t_40_44!=m+f,"26,558 != 10,396+16,164 (off 2)"
INFO,census,Chieti 1936,t_45_49!=m+f,"16,665 != 6,643+10,016 (off 6)"
INFO,census,Foggia 1936,t_45_49!=m+f,"23,685 != 10,466+13,210 (off 9)"
INFO,census,Salerno 1881,t_45_49!=m+f,"24,360 != 11,259+13,111 (off 10)"
INFO,census,Asti 1936,t_50_54!=m+f,"14,209 != 6,903+7,305 (off 1)"
INFO,census,Ravenna 1931,t_50_54!=m+f,"13,475 != 6,802+6,672 (off 1)"
INFO,census,Sassari 1921,t_50_54!=m+f,"15,182 != 7,785+7,373 (off 24)"
INFO,census,Ancona 1936,t_55_59!=m+f,"14,313 != 6,754+7,564 (off 5)"
INFO,census,Grosseto 1936,t_55_59!=m+f,"7,205 != 3,871+3,333 (off 1)"
INFO,census,Firenze 1921,t_5_9!=m+f,"98,983 != 49,760+49,423 (off 200)"
INFO,census,Latina 1936,t_60_64!=m+f,"5,874 != 2,843+3,022 (off 9)"
INFO,census,Parma 1921,t_65_69!=m+f,"7,164 != 3,639+3,515 (off 10)"
INFO,census,Bergamo 1881,t_70_74!=m+f,"5,137 != 2,838+2,279 (off 20)"
INFO,census,Macerata 1881,t_70_74!=m+f,"5,775 != 2,846+2,925 (off 4)"
INFO,census,Napoli 1911,t_70_74!=m+f,"25,639 != 12,051+13,581 (off 7)"
INFO,census,Benevento 1936,t_75_79!=m+f,"5,288 != 2,475+2,808 (off 5)"
INFO,census,Forlì 1881,t_75_79!=m+f,"1,863 != 1,065+800 (off 2)"
INFO,census,Cuneo 1931,t_80_84!=m+f,"3,853 != 1,928+1,924 (off 1)"
INFO,census,Ravenna 1881,t_80_84!=m+f,773 != 384+385 (off 4)
INFO,census,Ancona 1881,t_85plus!=m+f,453 != 203+252 (off 2)
INFO,census,Benevento 1936,t_85plus!=m+f,"1,071 != 499+571 (off 1)"
INFO,census,Bergamo 1881,t_85plus!=m+f,171 != 110+63 (off 2)
INFO,census,Chieti 1936,t_85plus!=m+f,"1,364 != 633+725 (off 6)"
INFO,census,Cremona 1936,t_85plus!=m+f,597 != 249+352 (off 4)
INFO,census,Cuneo 1931,t_85plus!=m+f,"1,284 != 633+650 (off 1)"
INFO,census,Ferrara 1936,t_85plus!=m+f,121 != 43+81 (off 3)
INFO,census,Grosseto 1931,t_85plus!=m+f,248 != 97+153 (off 2)
INFO,census,Matera 1936,t_85plus!=m+f,330 != 139+194 (off 3)
INFO,census,Potenza 1936,t_85plus!=m+f,"1,044 != 460+589 (off 5)"
INFO,census,Reggio nell'Emilia 1921,t_85plus!=m+f,648 != 255+395 (off 2)
INFO,census,Ancona 1881,total!=M+F,"267,335 != 130,939+136,398 (off 2)"
INFO,census,Ancona 1936,total!=M+F,"372,226 != 180,621+191,610 (off 5)"
INFO,census,Aquila 1881,total!=M+F,"352,993 != 164,251+188,787 (off 45)"
INFO,census,Asti 1936,total!=M+F,"241,704 != 121,914+119,789 (off 1)"
INFO,census,Benevento 1936,total!=M+F,"349,695 != 169,769+179,920 (off 6)"
INFO,census,Bergamo 1881,total!=M+F,"390,768 != 196,889+193,861 (off 18)"
INFO,census,Catanzaro 1936,total!=M+F,"606,286 != 289,935+316,348 (off 3)"
INFO,census,Chieti 1936,total!=M+F,"374,719 != 178,414+196,293 (off 12)"
INFO,census,Como 1881,total!=M+F,"515,046 != 256,444+258,572 (off 30)"
INFO,census,Cremona 1936,total!=M+F,"369,466 != 182,999+186,471 (off 4)"
INFO,census,Cuneo 1931,total!=M+F,"619,708 != 314,804+304,902 (off 2)"
INFO,census,Ferrara 1936,total!=M+F,"381,293 != 190,014+191,282 (off 3)"
INFO,census,Firenze 1921,total!=M+F,"1,035,968 != 511,493+524,675 (off 200)"
INFO,census,Forlì 1881,total!=M+F,"251,081 != 128,609+122,474 (off 2)"
INFO,census,Grosseto 1881,total!=M+F,"114,289 != 64,367+49,892 (off 30)"
INFO,census,Grosseto 1931,total!=M+F,"176,975 != 91,567+85,410 (off 2)"
INFO,census,Grosseto 1936,total!=M+F,"185,799 != 96,145+89,653 (off 1)"
INFO,census,Latina 1936,total!=M+F,"227,158 != 114,802+112,347 (off 9)"
INFO,census,Macerata 1881,total!=M+F,"239,652 != 116,572+123,076 (off 4)"
INFO,census,Matera 1936,total!=M+F,"166,770 != 82,697+84,076 (off 3)"
INFO,census,Napoli 1911,total!=M+F,"1,302,007 != 641,314+660,686 (off 7)"
INFO,census,Parma 1921,total!=M+F,"343,394 != 172,295+171,089 (off 10)"
INFO,census,Potenza 1936,total!=M+F,"376,482 != 184,150+192,337 (off 5)"
INFO,census,Ravenna 1881,total!=M+F,"225,757 != 115,138+110,615 (off 4)"
INFO,census,Ravenna 1931,total!=M+F,"271,666 != 136,151+135,512 (off 3)"
INFO,census,Reggio nell'Emilia 1921,total!=M+F,"344,532 != 172,508+172,026 (off 2)"
INFO,census,ReggiodiCalabria 1936,total!=M+F,"578,127 != 278,686+299,443 (off 2)"
INFO,census,Reggionell'Emilia 1936,total!=M+F,"375,261 != 187,469+187,797 (off 5)"
INFO,census,Rovigo 1921,total!=M+F,"286,688 != 141,941+144,567 (off 180)"
INFO,census,Salerno 1881,total!=M+F,"550,157 != 266,129+284,038 (off 10)"
INFO,census,Sassari 1921,total!=M+F,"330,548 != 165,097+165,527 (off 76)"
INFO,census,Siena 1911,total!=M+F,"241,535 != 124,795+116,735 (off 5)"
INFO,census,Siracusa 1921,total!=M+F,"526,953 != 267,126+259,927 (off 100)"
INFO,census,Trapani 1921,total!=M+F,"405,743 != 200,457+205,288 (off 2)"
INFO,census,Venezia 1921,total!=M+F,"517,970 != 257,222+261,108 (off 360)"
INFO,census,Vicenza 1921,total!=M+F,"545,991 != 269,010+277,481 (off 500)"
INFO,cross,Cuneo 1931,cdr>cbr,deaths exceed births: CDR 20.85 > CBR 20.73
INFO,cross,Padova 1931,cdr>cbr,deaths exceed births: CDR 26.8 > CBR 20.85
INFO,cross,Ravenna 1931,cdr>cbr,deaths exceed births: CDR 16.46 > CBR 15.84
INFO,migration,Alessandria 1913->1914,yoy_jump,emig_rate 17.21 -> 7.73 (WWI disruption)
INFO,migration,Alessandria 1914->1915,yoy_jump,emig_rate 7.73 -> 3.91 (WWI disruption)
INFO,migration,Alessandria 1919->1920,yoy_jump,emig_rate 5.87 -> 10.05 (WWI disruption)
INFO,migration,Ancona 1913->1914,yoy_jump,emig_rate 22.82 -> 9.71 (WWI disruption)
INFO,migration,Ancona 1914->1915,yoy_jump,emig_rate 9.71 -> 2.59 (WWI disruption)
INFO,migration,Ancona 1919->1920,yoy_jump,emig_rate 5.62 -> 14.34 (WWI disruption)
INFO,migration,Aquila degli Abruzzi 1913->1914,yoy_jump,emig_rate 51.34 -> 21.98 (WWI disruption)
INFO,migration,Aquila degli Abruzzi 1914->1915,yoy_jump,emig_rate 21.98 -> 6.95 (WWI disruption)
INFO,migration,Aquila degli Abruzzi 1915->1916,yoy_jump,emig_rate 6.95 -> 10.0 (WWI disruption)
INFO,migration,Aquila degli Abruzzi 1919->1920,yoy_jump,emig_rate 10.05 -> 40.09 (WWI disruption)
INFO,migration,Arezzo 1913->1914,yoy_jump,emig_rate 22.26 -> 14.43 (WWI disruption)
INFO,migration,Arezzo 1914->1915,yoy_jump,emig_rate 14.43 -> 1.79 (WWI disruption)
INFO,migration,Ascoli Piceno 1913->1914,yoy_jump,emig_rate 32.08 -> 11.13 (WWI disruption)
INFO,migration,Ascoli Piceno 1914->1915,yoy_jump,emig_rate 11.13 -> 3.36 (WWI disruption)
INFO,migration,Ascoli Piceno 1919->1920,yoy_jump,emig_rate 4.16 -> 20.43 (WWI disruption)
INFO,migration,Avellino 1913->1914,yoy_jump,emig_rate 34.44 -> 18.17 (WWI disruption)
INFO,migration,Avellino 1914->1915,yoy_jump,emig_rate 18.17 -> 6.12 (WWI disruption)
INFO,migration,Avellino 1915->1916,yoy_jump,emig_rate 6.12 -> 8.62 (WWI disruption)
INFO,migration,Avellino 1919->1920,yoy_jump,emig_rate 7.84 -> 35.24 (WWI disruption)
INFO,migration,Bari delle Puglie 1913->1914,yoy_jump,emig_rate 29.05 -> 11.72 (WWI disruption)
INFO,migration,Bari delle Puglie 1914->1915,yoy_jump,emig_rate 11.72 -> 4.18 (WWI disruption)
INFO,migration,Bari delle Puglie 1915->1916,yoy_jump,emig_rate 4.18 -> 7.82 (WWI disruption)
INFO,migration,Bari delle Puglie 1919->1920,yoy_jump,emig_rate 6.78 -> 30.78 (WWI disruption)
INFO,migration,Belluno 1914->1915,yoy_jump,emig_rate 82.21 -> 15.12 (WWI disruption)
INFO,migration,Belluno 1915->1916,yoy_jump,emig_rate 15.12 -> 2.08 (WWI disruption)
INFO,migration,Belluno 1919->1920,yoy_jump,emig_rate 10.37 -> 31.81 (WWI disruption)
INFO,migration,Benevento 1913->1914,yoy_jump,emig_rate 36.52 -> 19.09 (WWI disruption)
INFO,migration,Benevento 1914->1915,yoy_jump,emig_rate 19.09 -> 5.72 (WWI disruption)
INFO,migration,Benevento 1919->1920,yoy_jump,emig_rate 6.45 -> 29.19 (WWI disruption)
INFO,migration,Bergamo 1914->1915,yoy_jump,emig_rate 25.54 -> 8.58 (WWI disruption)
INFO,migration,Bergamo 1919->1920,yoy_jump,emig_rate 9.34 -> 24.17 (WWI disruption)
INFO,migration,Bologna 1913->1914,yoy_jump,emig_rate 9.99 -> 6.07 (WWI disruption)
INFO,migration,Bologna 1914->1915,yoy_jump,emig_rate 6.07 -> 1.5 (WWI disruption)
INFO,migration,Bologna 1919->1920,yoy_jump,emig_rate 1.71 -> 2.76 (WWI disruption)
INFO,migration,Brescia 1914->1915,yoy_jump,emig_rate 15.15 -> 3.26 (WWI disruption)
INFO,migration,Brescia 1915->1916,yoy_jump,emig_rate 3.26 -> 0.93 (WWI disruption)
INFO,migration,Brescia 1919->1920,yoy_jump,emig_rate 2.11 -> 5.7 (WWI disruption)
INFO,migration,Cagliari 1913->1914,yoy_jump,emig_rate 10.38 -> 4.91 (WWI disruption)
INFO,migration,Cagliari 1914->1915,yoy_jump,emig_rate 4.91 -> 0.88 (WWI disruption)
INFO,migration,Cagliari 1919->1920,yoy_jump,emig_rate 2.7 -> 6.3 (WWI disruption)
INFO,migration,Caltanissetta 1913->1914,yoy_jump,emig_rate 44.35 -> 11.87 (WWI disruption)
INFO,migration,Caltanissetta 1914->1915,yoy_jump,emig_rate 11.87 -> 3.16 (WWI disruption)
INFO,migration,Caltanissetta 1915->1916,yoy_jump,emig_rate 3.16 -> 4.3 (WWI disruption)
INFO,migration,Caltanissetta 1919->1920,yoy_jump,emig_rate 6.06 -> 26.43 (WWI disruption)
INFO,migration,Campobasso 1913->1914,yoy_jump,emig_rate 40.26 -> 15.58 (WWI disruption)
INFO,migration,Campobasso 1914->1915,yoy_jump,emig_rate 15.58 -> 7.25 (WWI disruption)
INFO,migration,Campobasso 1915->1916,yoy_jump,emig_rate 7.25 -> 14.86 (WWI disruption)
INFO,migration,Campobasso 1919->1920,yoy_jump,emig_rate 6.96 -> 33.73 (WWI disruption)
INFO,migration,Caserta 1913->1914,yoy_jump,emig_rate 38.47 -> 19.01 (WWI disruption)
INFO,migration,Caserta 1914->1915,yoy_jump,emig_rate 19.01 -> 6.38 (WWI disruption)
INFO,migration,Caserta 1919->1920,yoy_jump,emig_rate 11.46 -> 36.18 (WWI disruption)
INFO,migration,Catania 1913->1914,yoy_jump,emig_rate 25.17 -> 7.24 (WWI disruption)
INFO,migration,Catania 1914->1915,yoy_jump,emig_rate 7.24 -> 2.19 (WWI disruption)
INFO,migration,Catania 1919->1920,yoy_jump,emig_rate 5.42 -> 17.07 (WWI disruption)
INFO,migration,Catanzaro 1913->1914,yoy_jump,emig_rate 41.34 -> 17.33 (WWI disruption)
INFO,migration,Catanzaro 1914->1915,yoy_jump,emig_rate 17.33 -> 4.43 (WWI disruption)
INFO,migration,Catanzaro 1919->1920,yoy_jump,emig_rate 6.37 -> 31.51 (WWI disruption)
INFO,migration,Chieti 1913->1914,yoy_jump,emig_rate 36.2 -> 14.92 (WWI disruption)
INFO,migration,Chieti 1914->1915,yoy_jump,emig_rate 14.92 -> 5.85 (WWI disruption)
INFO,migration,Chieti 1919->1920,yoy_jump,emig_rate 7.04 -> 33.65 (WWI disruption)
INFO,migration,Como 1914->1915,yoy_jump,emig_rate 25.34 -> 11.52 (WWI disruption)
INFO,migration,Como 1919->1920,yoy_jump,emig_rate 16.36 -> 24.03 (WWI disruption)
INFO,migration,Cosenza 1913->1914,yoy_jump,emig_rate 39.44 -> 18.28 (WWI disruption)
INFO,migration,Cosenza 1914->1915,yoy_jump,emig_rate 18.28 -> 5.69 (WWI disruption)
INFO,migration,Cosenza 1919->1920,yoy_jump,emig_rate 12.52 -> 44.98 (WWI disruption)
INFO,migration,Cremona 1913->1914,yoy_jump,emig_rate 9.96 -> 5.55 (WWI disruption)
INFO,migration,Cremona 1914->1915,yoy_jump,emig_rate 5.55 -> 1.31 (WWI disruption)
INFO,migration,Cremona 1915->1916,yoy_jump,emig_rate 1.31 -> 0.76 (WWI disruption)
INFO,migration,Cuneo 1913->1914,yoy_jump,emig_rate 20.09 -> 11.36 (WWI disruption)
INFO,migration,Cuneo 1915->1916,yoy_jump,emig_rate 8.06 -> 12.44 (WWI disruption)
INFO,migration,Ferrara 1913->1914,yoy_jump,emig_rate 5.69 -> 3.33 (WWI disruption)
INFO,migration,Ferrara 1914->1915,yoy_jump,emig_rate 3.33 -> 1.12 (WWI disruption)
INFO,migration,Ferrara 1915->1916,yoy_jump,emig_rate 1.12 -> 0.49 (WWI disruption)
INFO,migration,Firenze 1913->1914,yoy_jump,emig_rate 14.62 -> 8.83 (WWI disruption)
INFO,migration,Firenze 1914->1915,yoy_jump,emig_rate 8.83 -> 2.58 (WWI disruption)
INFO,migration,Foggia 1913->1914,yoy_jump,emig_rate 23.46 -> 7.16 (WWI disruption)
INFO,migration,Foggia 1914->1915,yoy_jump,emig_rate 7.16 -> 2.55 (WWI disruption)
INFO,migration,Foggia 1915->1916,yoy_jump,emig_rate 2.55 -> 7.39 (WWI disruption)
INFO,migration,Foggia 1919->1920,yoy_jump,emig_rate 3.24 -> 20.39 (WWI disruption)
INFO,migration,Forlì 1913->1914,yoy_jump,emig_rate 28.97 -> 14.21 (WWI disruption)
INFO,migration,Forlì 1914->1915,yoy_jump,emig_rate 14.21 -> 4.01 (WWI disruption)
INFO,migration,Forlì 1915->1916,yoy_jump,emig_rate 4.01 -> 1.72 (WWI disruption)
INFO,migration,Forlì 1919->1920,yoy_jump,emig_rate 4.51 -> 8.06 (WWI disruption)
INFO,migration,Genova 1913->1914,yoy_jump,emig_rate 7.6 -> 4.44 (WWI disruption)
INFO,migration,Girgenti 1913->1914,yoy_jump,emig_rate 50.7 -> 15.78 (WWI disruption)
INFO,migration,Girgenti 1914->1915,yoy_jump,emig_rate 15.78 -> 3.9 (WWI disruption)
INFO,migration,Girgenti 1915->1916,yoy_jump,emig_rate 3.9 -> 6.49 (WWI disruption)
INFO,migration,Girgenti 1919->1920,yoy_jump,emig_rate 10.58 -> 37.46 (WWI disruption)
INFO,migration,Grosseto 1913->1914,yoy_jump,emig_rate 11.9 -> 5.18 (WWI disruption)
INFO,migration,Grosseto 1914->1915,yoy_jump,emig_rate 5.18 -> 0.74 (WWI disruption)
INFO,migration,Grosseto 1915->1916,yoy_jump,emig_rate 0.74 -> 0.45 (WWI disruption)
INFO,migration,Grosseto 1919->1920,yoy_jump,emig_rate 1.46 -> 2.85 (WWI disruption)
INFO,migration,Lecce 1913->1914,yoy_jump,emig_rate 6.0 -> 3.78 (WWI disruption)
INFO,migration,Lecce 1914->1915,yoy_jump,emig_rate 3.78 -> 0.38 (WWI disruption)
INFO,migration,Lecce 1919->1920,yoy_jump,emig_rate 0.73 -> 2.45 (WWI disruption)
INFO,migration,Livorno 1913->1914,yoy_jump,emig_rate 10.38 -> 6.4 (WWI disruption)
INFO,migration,Livorno 1914->1915,yoy_jump,emig_rate 6.4 -> 3.52 (WWI disruption)
INFO,migration,Lucca 1913->1914,yoy_jump,emig_rate 29.83 -> 16.94 (WWI disruption)
INFO,migration,Lucca 1914->1915,yoy_jump,emig_rate 16.94 -> 8.35 (WWI disruption)
INFO,migration,Lucca 1919->1920,yoy_jump,emig_rate 18.35 -> 27.88 (WWI disruption)
INFO,migration,Macerata 1913->1914,yoy_jump,emig_rate 27.91 -> 11.77 (WWI disruption)
INFO,migration,Macerata 1914->1915,yoy_jump,emig_rate 11.77 -> 2.94 (WWI disruption)
INFO,migration,Macerata 1915->1916,yoy_jump,emig_rate 2.94 -> 1.66 (WWI disruption)
INFO,migration,Macerata 1919->1920,yoy_jump,emig_rate 3.83 -> 16.03 (WWI disruption)
INFO,migration,Mantova 1913->1914,yoy_jump,emig_rate 14.33 -> 7.9 (WWI disruption)
INFO,migration,Mantova 1914->1915,yoy_jump,emig_rate 7.9 -> 1.73 (WWI disruption)
INFO,migration,Mantova 1919->1920,yoy_jump,emig_rate 1.37 -> 2.7 (WWI disruption)
INFO,migration,Massa e Carrara 1914->1915,yoy_jump,emig_rate 16.71 -> 7.88 (WWI disruption)
INFO,migration,Massa e Carrara 1919->1920,yoy_jump,emig_rate 11.96 -> 24.06 (WWI disruption)
INFO,migration,Messina 1913->1914,yoy_jump,emig_rate 39.45 -> 16.04 (WWI disruption)
INFO,migration,Messina 1914->1915,yoy_jump,emig_rate 16.04 -> 5.28 (WWI disruption)
INFO,migration,Messina 1919->1920,yoy_jump,emig_rate 8.83 -> 27.4 (WWI disruption)
INFO,migration,Milano 1913->1914,yoy_jump,emig_rate 9.1 -> 5.73 (WWI disruption)
INFO,migration,Milano 1914->1915,yoy_jump,emig_rate 5.73 -> 1.76 (WWI disruption)
INFO,migration,Milano 1915->1916,yoy_jump,emig_rate 1.76 -> 0.96 (WWI disruption)
INFO,migration,Milano 1919->1920,yoy_jump,emig_rate 2.64 -> 3.78 (WWI disruption)
INFO,migration,Modena 1914->1915,yoy_jump,emig_rate 8.55 -> 2.94 (WWI disruption)
INFO,migration,Napoli 1914->1915,yoy_jump,emig_rate 4.45 -> 2.06 (WWI disruption)
INFO,migration,Napoli 1919->1920,yoy_jump,emig_rate 7.28 -> 13.09 (WWI disruption)
INFO,migration,Novara 1914->1915,yoy_jump,emig_rate 26.42 -> 13.28 (WWI disruption)
INFO,migration,Padova 1914->1915,yoy_jump,emig_rate 14.12 -> 1.7 (WWI disruption)
INFO,migration,Padova 1915->1916,yoy_jump,emig_rate 1.7 -> 0.45 (WWI disruption)
INFO,migration,Padova 1919->1920,yoy_jump,emig_rate 2.55 -> 7.86 (WWI disruption)
INFO,migration,Palermo 1913->1914,yoy_jump,emig_rate 29.18 -> 11.35 (WWI disruption)
INFO,migration,Palermo 1914->1915,yoy_jump,emig_rate 11.35 -> 4.78 (WWI disruption)
INFO,migration,Palermo 1919->1920,yoy_jump,emig_rate 9.85 -> 30.27 (WWI disruption)
INFO,migration,Parma 1913->1914,yoy_jump,emig_rate 20.49 -> 11.75 (WWI disruption)
INFO,migration,Parma 1914->1915,yoy_jump,emig_rate 11.75 -> 4.89 (WWI disruption)
INFO,migration,Pavia 1913->1914,yoy_jump,emig_rate 15.88 -> 5.45 (WWI disruption)
INFO,migration,Pavia 1914->1915,yoy_jump,emig_rate 5.45 -> 1.76 (WWI disruption)
INFO,migration,Pavia 1919->1920,yoy_jump,emig_rate 4.49 -> 6.69 (WWI disruption)
INFO,migration,Pesaro e Urbino 1913->1914,yoy_jump,emig_rate 34.99 -> 16.58 (WWI disruption)
INFO,migration,Pesaro e Urbino 1914->1915,yoy_jump,emig_rate 16.58 -> 3.34 (WWI disruption)
INFO,migration,Pesaro e Urbino 1919->1920,yoy_jump,emig_rate 7.77 -> 20.65 (WWI disruption)
INFO,migration,Piacenza 1914->1915,yoy_jump,emig_rate 13.57 -> 6.11 (WWI disruption)
INFO,migration,Pisa 1913->1914,yoy_jump,emig_rate 14.75 -> 7.83 (WWI disruption)
INFO,migration,Pisa 1914->1915,yoy_jump,emig_rate 7.83 -> 2.62 (WWI disruption)
INFO,migration,Pisa 1915->1916,yoy_jump,emig_rate 2.62 -> 4.78 (WWI disruption)
INFO,migration,Porto Maurizio 1915->1916,yoy_jump,emig_rate 8.58 -> 18.37 (WWI disruption)
INFO,migration,Porto Maurizio 1919->1920,yoy_jump,emig_rate 39.75 -> 23.37 (WWI disruption)
INFO,migration,Potenza 1913->1914,yoy_jump,emig_rate 34.43 -> 14.0 (WWI disruption)
INFO,migration,Potenza 1914->1915,yoy_jump,emig_rate 14.0 -> 5.34 (WWI disruption)
INFO,migration,Potenza 1919->1920,yoy_jump,emig_rate 8.65 -> 26.37 (WWI disruption)
INFO,migration,Ravenna 1913->1914,yoy_jump,emig_rate 9.35 -> 4.74 (WWI disruption)
INFO,migration,Ravenna 1914->1915,yoy_jump,emig_rate 4.74 -> 1.15 (WWI disruption)
INFO,migration,Reggio di Calabria 1913->1914,yoy_jump,emig_rate 38.23 -> 15.55 (WWI disruption)
INFO,migration,Reggio di Calabria 1914->1915,yoy_jump,emig_rate 15.55 -> 3.49 (WWI disruption)
INFO,migration,Reggio di Calabria 1919->1920,yoy_jump,emig_rate 6.07 -> 28.86 (WWI disruption)
INFO,migration,Reggio nell'Emilia 1913->1914,yoy_jump,emig_rate 13.93 -> 6.21 (WWI disruption)
INFO,migration,Reggio nell'Emilia 1914->1915,yoy_jump,emig_rate 6.21 -> 1.65 (WWI disruption)
INFO,migration,Roma 1913->1914,yoy_jump,emig_rate 19.27 -> 7.05 (WWI disruption)
INFO,migration,Roma 1914->1915,yoy_jump,emig_rate 7.05 -> 2.71 (WWI disruption)
INFO,migration,Roma 1919->1920,yoy_jump,emig_rate 1.92 -> 7.5 (WWI disruption)
INFO,migration,Rovigo 1913->1914,yoy_jump,emig_rate 12.65 -> 6.61 (WWI disruption)
INFO,migration,Rovigo 1914->1915,yoy_jump,emig_rate 6.61 -> 0.59 (WWI disruption)
INFO,migration,Rovigo 1919->1920,yoy_jump,emig_rate 1.46 -> 2.5 (WWI disruption)
INFO,migration,Salerno 1913->1914,yoy_jump,emig_rate 28.82 -> 13.85 (WWI disruption)
INFO,migration,Salerno 1914->1915,yoy_jump,emig_rate 13.85 -> 4.82 (WWI disruption)
INFO,migration,Salerno 1915->1916,yoy_jump,emig_rate 4.82 -> 2.86 (WWI disruption)
INFO,migration,Salerno 1919->1920,yoy_jump,emig_rate 7.59 -> 21.91 (WWI disruption)
INFO,migration,Sassari 1913->1914,yoy_jump,emig_rate 20.74 -> 8.43 (WWI disruption)
INFO,migration,Sassari 1914->1915,yoy_jump,emig_rate 8.43 -> 1.45 (WWI disruption)
INFO,migration,Sassari 1915->1916,yoy_jump,emig_rate 1.45 -> 2.0 (WWI disruption)
INFO,migration,Sassari 1919->1920,yoy_jump,emig_rate 6.52 -> 10.02 (WWI disruption)
INFO,migration,Siena 1914->1915,yoy_jump,emig_rate 4.11 -> 0.51 (WWI disruption)
INFO,migration,Siena 1919->1920,yoy_jump,emig_rate 0.67 -> 1.25 (WWI disruption)
INFO,migration,Siracusa 1913->1914,yoy_jump,emig_rate 43.27 -> 12.39 (WWI disruption)
INFO,migration,Siracusa 1914->1915,yoy_jump,emig_rate 12.39 -> 3.64 (WWI disruption)
INFO,migration,Siracusa 1915->1916,yoy_jump,emig_rate 3.64 -> 6.84 (WWI disruption)
INFO,migration,Siracusa 1919->1920,yoy_jump,emig_rate 10.61 -> 29.32 (WWI disruption)
INFO,migration,Sondrio 1913->1914,yoy_jump,emig_rate 51.25 -> 31.89 (WWI disruption)
INFO,migration,Sondrio 1915->1916,yoy_jump,emig_rate 23.4 -> 5.49 (WWI disruption)
INFO,migration,Sondrio 1919->1920,yoy_jump,emig_rate 14.79 -> 25.66 (WWI disruption)
INFO,migration,Teramo 1913->1914,yoy_jump,emig_rate 45.72 -> 14.18 (WWI disruption)
INFO,migration,Teramo 1914->1915,yoy_jump,emig_rate 14.18 -> 6.06 (WWI disruption)
INFO,migration,Teramo 1915->1916,yoy_jump,emig_rate 6.06 -> 9.29 (WWI disruption)
INFO,migration,Teramo 1919->1920,yoy_jump,emig_rate 4.17 -> 31.36 (WWI disruption)
INFO,migration,Torino 1914->1915,yoy_jump,emig_rate 15.23 -> 7.05 (WWI disruption)
INFO,migration,Torino 1919->1920,yoy_jump,emig_rate 9.35 -> 14.46 (WWI disruption)
INFO,migration,Trapani 1913->1914,yoy_jump,emig_rate 70.8 -> 17.94 (WWI disruption)
INFO,migration,Trapani 1914->1915,yoy_jump,emig_rate 17.94 -> 8.51 (WWI disruption)
INFO,migration,Trapani 1919->1920,yoy_jump,emig_rate 16.66 -> 30.55 (WWI disruption)
INFO,migration,Treviso 1914->1915,yoy_jump,emig_rate 20.68 -> 2.11 (WWI disruption)
INFO,migration,Treviso 1915->1916,yoy_jump,emig_rate 2.11 -> 0.98 (WWI disruption)
INFO,migration,Treviso 1919->1920,yoy_jump,emig_rate 4.11 -> 11.74 (WWI disruption)
INFO,migration,Udine 1914->1915,yoy_jump,emig_rate 79.63 -> 3.36 (WWI disruption)
INFO,migration,Udine 1915->1916,yoy_jump,emig_rate 3.36 -> 0.77 (WWI disruption)
INFO,migration,Udine 1919->1920,yoy_jump,emig_rate 6.48 -> 37.52 (WWI disruption)
INFO,migration,Umbria 1913->1914,yoy_jump,emig_rate 25.73 -> 12.64 (WWI disruption)
INFO,migration,Umbria 1914->1915,yoy_jump,emig_rate 12.64 -> 2.21 (WWI disruption)
INFO,migration,Umbria 1919->1920,yoy_jump,emig_rate 5.01 -> 7.46 (WWI disruption)
INFO,migration,Venezia 1914->1915,yoy_jump,emig_rate 6.5 -> 2.05 (WWI disruption)
INFO,migration,Venezia 1915->1916,yoy_jump,emig_rate 2.05 -> 0.64 (WWI disruption)
INFO,migration,Venezia 1919->1920,yoy_jump,emig_rate 0.77 -> 2.45 (WWI disruption)
INFO,migration,Verona 1913->1914,yoy_jump,emig_rate 25.27 -> 14.57 (WWI disruption)
INFO,migration,Verona 1914->1915,yoy_jump,emig_rate 14.57 -> 3.16 (WWI disruption)
INFO,migration,Verona 1915->1916,yoy_jump,emig_rate 3.16 -> 0.69 (WWI disruption)
INFO,migration,Verona 1919->1920,yoy_jump,emig_rate 3.7 -> 9.12 (WWI disruption)
INFO,migration,Vicenza 1914->1915,yoy_jump,emig_rate 29.39 -> 3.1 (WWI disruption)
INFO,migration,Vicenza 1915->1916,yoy_jump,emig_rate 3.1 -> 0.7 (WWI disruption)
INFO,migration,Vicenza 1919->1920,yoy_jump,emig_rate 4.14 -> 16.79 (WWI disruption)
INFO,mortality,Ascoli Piceno 1871,missing_rate,"deaths present, cdr empty"
INFO,mortality,Ascoli Piceno 1881,missing_rate,"deaths present, cdr empty"
INFO,mortality,Ascoli Piceno 1901,missing_rate,"deaths present, cdr empty"
INFO,mortality,Ascoli Piceno 1911,missing_rate,"deaths present, cdr empty"
INFO,mortality,Ascoli Piceno 1931,missing_rate,"deaths present, cdr empty"
INFO,mortality,Avellino 1871,missing_rate,"deaths present, cdr empty"
INFO,mortality,Campobasso 1871,missing_rate,"deaths present, cdr empty"
INFO,mortality,Campobasso 1931,missing_rate,"deaths present, cdr empty"
INFO,mortality,Caserta 1871,missing_rate,"deaths present, cdr empty"
INFO,mortality,Chieti 1871,missing_rate,"deaths present, cdr empty"
INFO,mortality,Cosenza 1871,missing_rate,"deaths present, cdr empty"
INFO,mortality,Foggia 1871,missing_rate,"deaths present, cdr empty"
INFO,mortality,Forlì 1881,missing_rate,"deaths present, cdr empty"
INFO,mortality,Forlì 1901,missing_rate,"deaths present, cdr empty"
INFO,mortality,Forlì 1911,missing_rate,"deaths present, cdr empty"
INFO,mortality,Forlì 1931,missing_rate,"deaths present, cdr empty"
INFO,mortality,Lecce 1871,missing_rate,"deaths present, cdr empty"
INFO,mortality,Pesaro e Urbino 1871,missing_rate,"deaths present, cdr empty"
INFO,mortality,Pesaro e Urbino 1881,missing_rate,"deaths present, cdr empty"
INFO,mortality,Pesaro e Urbino 1901,missing_rate,"deaths present, cdr empty"
INFO,mortality,Pesaro e Urbino 1911,missing_rate,"deaths present, cdr empty"
INFO,mortality,Pesaro e Urbino 1931,missing_rate,"deaths present, cdr empty"
INFO,mortality,Potenza 1871,missing_rate,"deaths present, cdr empty"
INFO,mortality,Salerno 1871,missing_rate,"deaths present, cdr empty"
INFO,mortality,Sondrio 1881,missing_rate,"deaths present, cdr empty"
INFO,mortality,Teramo 1871,missing_rate,"deaths present, cdr empty"
INFO,mortality,Umbria 1881,missing_rate,"deaths present, cdr empty"
INFO,mortality,Umbria 1901,missing_rate,"deaths present, cdr empty"
INFO,mortality,Umbria 1911,missing_rate,"deaths present, cdr empty"
INFO,mortality,Umbria 1931,missing_rate,"deaths present, cdr empty"
