province,year,births,COD_PROV,DEN_PROV,source,validated
Agrigento,1863,11642,84,Girgenti,TAVOLA_VI_1881,OK
Alessandria,1863,25069,6,Alessandria,TAVOLA_VI_1881,OK
Ancona,1863,9921,42,Ancona,TAVOLA_VI_1881,OK
Arezzo,1863,9497,51,Arezzo,TAVOLA_VI_1881,OK
Ascoli Piceno,1863,6653,44,Ascoli Piceno,TAVOLA_VI_1881,OK
Avellino,1863,14446,64,Avellino,TAVOLA_VI_1881,OK
Bari,1863,24508,72,Bari delle Puglie,TAVOLA_VI_1881,OK
Belluno,1863,6328,25,Belluno,TAVOLA_VI_1881,OK
Benevento,1863,8304,62,Benevento,TAVOLA_VI_1881,OK
Bergamo,1863,13096,16,Bergamo,TAVOLA_VI_1881,OK
Bologna,1863,15690,37,Bologna,TAVOLA_VI_1881,OK
Brescia,1863,17261,17,Brescia,TAVOLA_VI_1881,OK
Cagliari,1863,13201,92,Cagliari,TAVOLA_VI_1881,OK
Caltanissetta,1863,9944,85,Caltanissetta,TAVOLA_VI_1881,OK
Campobasso,1863,14849,70,Campobasso,TAVOLA_VI_1881,OK
Caserta,1863,23779,61,Caserta,TAVOLA_VI_1881,OK
Catania,1863,18871,87,Catania,TAVOLA_VI_1881,OK
Catanzaro,1863,15265,79,Catanzaro,TAVOLA_VI_1881,OK
Chieti,1863,12523,69,Chieti,TAVOLA_VI_1881,OK
Como,1863,17167,13,Como,TAVOLA_VI_1881,OK
Cosenza,1863,17608,78,Cosenza,TAVOLA_VI_1881,OK
Cremona,1863,13774,19,Cremona,TAVOLA_VI_1881,OK
Cuneo,1863,22095,4,Cuneo,TAVOLA_VI_1881,OK
Ferrara,1863,9271,38,Ferrara,TAVOLA_VI_1881,OK
Firenze,1863,32232,48,Firenze,TAVOLA_VI_1881,OK
Foggia,1863,13302,71,Foggia,TAVOLA_VI_1881,OK
Forlì,1863,9374,40,Forlì,TAVOLA_VI_1881,OK
Genova,1863,24620,10,Genova,TAVOLA_VI_1881,OK
Grosseto,1863,3919,53,Grosseto,TAVOLA_VI_1881,OK
Imperia,1863,4162,8,Porto Maurizio,TAVOLA_VI_1881,OK
L'Aquila,1863,11928,66,Aquila degli Abruzzi,TAVOLA_VI_1881,OK
Lecce,1863,17845,75,Lecce,TAVOLA_VI_1881,OK
Livorno,1863,4425,49,Livorno,TAVOLA_VI_1881,OK
Lucca,1863,10080,46,Lucca,TAVOLA_VI_1881,OK
Macerata,1863,8194,43,Macerata,TAVOLA_VI_1881,OK
Mantova,1863,6490,20,Mantova,TAVOLA_VI_1881,OK
Massa-Carrara,1863,5487,45,Massa e Carrara,TAVOLA_VI_1881,OK
Messina,1863,15042,83,Messina,TAVOLA_VI_1881,OK
Milano,1863,39810,15,Milano,TAVOLA_VI_1881,OK
Modena,1863,10868,36,Modena,TAVOLA_VI_1881,OK
Napoli,1863,34511,63,Napoli,TAVOLA_VI_1881,OK
Novara,1863,22135,3,Novara,TAVOLA_VI_1881,OK
Padova,1863,14117,28,Padova,TAVOLA_VI_1881,OK
Palermo,1863,22881,82,Palermo,TAVOLA_VI_1881,OK
Parma,1863,10091,34,Parma,TAVOLA_VI_1881,OK
Pavia,1863,17146,18,Pavia,TAVOLA_VI_1881,OK
Perugia,1863,18318,54,Umbria,TAVOLA_VI_1881,OK
Pesaro e Urbino,1863,7891,41,Pesaro e Urbino,TAVOLA_VI_1881,OK
Piacenza,1863,8488,33,Piacenza,TAVOLA_VI_1881,OK
Pisa,1863,9880,50,Pisa,TAVOLA_VI_1881,OK
Potenza,1863,21451,76,Potenza,TAVOLA_VI_1881,OK
Ravenna,1863,7448,39,Ravenna,TAVOLA_VI_1881,OK
Reggio Calabria,1863,12653,80,Reggio di Calabria,TAVOLA_VI_1881,OK
Reggio Emilia,1863,9729,35,Reggio nell'Emilia,TAVOLA_VI_1881,OK
Rovigo,1863,8579,29,Rovigo,TAVOLA_VI_1881,OK
Salerno,1863,20674,65,Salerno,TAVOLA_VI_1881,OK
Sassari,1863,8869,90,Sassari,TAVOLA_VI_1881,OK
Siena,1863,8146,52,Siena,TAVOLA_VI_1881,OK
Siracusa,1863,11600,89,Siracusa,TAVOLA_VI_1881,OK
Sondrio,1863,3882,14,Sondrio,TAVOLA_VI_1881,OK
Teramo,1863,7740,67,Teramo,TAVOLA_VI_1881,OK
Torino,1863,33474,1,Torino,TAVOLA_VI_1881,OK
Trapani,1863,9661,81,Trapani,TAVOLA_VI_1881,OK
Treviso,1863,12389,26,Treviso,TAVOLA_VI_1881,OK
Udine,1863,15882,30,Udine,TAVOLA_VI_1881,OK
Venezia,1863,12139,27,Venezia,TAVOLA_VI_1881,OK
Verona,1863,12779,23,Verona,TAVOLA_VI_1881,OK
Vicenza,1863,12844,24,Vicenza,TAVOLA_VI_1881,OK
Agrigento,1864,12006,84,Girgenti,TAVOLA_VI_1881,OK
Alessandria,1864,24703,6,Alessandria,TAVOLA_VI_1881,OK
Ancona,1864,9792,42,Ancona,TAVOLA_VI_1881,OK
Arezzo,1864,8590,51,Arezzo,TAVOLA_VI_1881,OK
Ascoli Piceno,1864,6983,44,Ascoli Piceno,TAVOLA_VI_1881,OK
Avellino,1864,14100,64,Avellino,TAVOLA_VI_1881,OK
Bari,1864,24565,72,Bari delle Puglie,TAVOLA_VI_1881,OK
Belluno,1864,6342,25,Belluno,TAVOLA_VI_1881,OK
Benevento,1864,8129,62,Benevento,TAVOLA_VI_1881,OK
Bergamo,1864,12965,16,Bergamo,TAVOLA_VI_1881,OK
Bologna,1864,14452,37,Bologna,TAVOLA_VI_1881,OK
Brescia,1864,17323,17,Brescia,TAVOLA_VI_1881,OK
Cagliari,1864,13594,92,Cagliari,TAVOLA_VI_1881,OK
Caltanissetta,1864,10059,85,Caltanissetta,TAVOLA_VI_1881,OK
Campobasso,1864,13992,70,Campobasso,TAVOLA_VI_1881,OK
Caserta,1864,24367,61,Caserta,TAVOLA_VI_1881,OK
Catania,1864,19573,87,Catania,TAVOLA_VI_1881,OK
Catanzaro,1864,14495,79,Catanzaro,TAVOLA_VI_1881,OK
Chieti,1864,11321,69,Chieti,TAVOLA_VI_1881,OK
Como,1864,16406,13,Como,TAVOLA_VI_1881,OK
Cosenza,1864,16675,78,Cosenza,TAVOLA_VI_1881,OK
Cremona,1864,12846,19,Cremona,TAVOLA_VI_1881,OK
Cuneo,1864,22260,4,Cuneo,TAVOLA_VI_1881,OK
Ferrara,1864,8197,38,Ferrara,TAVOLA_VI_1881,OK
Firenze,1864,29334,48,Firenze,TAVOLA_VI_1881,OK
Foggia,1864,12991,71,Foggia,TAVOLA_VI_1881,OK
Forlì,1864,8399,40,Forlì,TAVOLA_VI_1881,OK
Genova,1864,24775,10,Genova,TAVOLA_VI_1881,OK
Grosseto,1864,3956,53,Grosseto,TAVOLA_VI_1881,OK
Imperia,1864,4255,8,Porto Maurizio,TAVOLA_VI_1881,OK
L'Aquila,1864,12104,66,Aquila degli Abruzzi,TAVOLA_VI_1881,OK
Lecce,1864,17579,75,Lecce,TAVOLA_VI_1881,OK
Livorno,1864,4339,49,Livorno,TAVOLA_VI_1881,OK
Lucca,1864,10008,46,Lucca,TAVOLA_VI_1881,OK
Macerata,1864,7857,43,Macerata,TAVOLA_VI_1881,OK
Mantova,1864,5888,20,Mantova,TAVOLA_VI_1881,OK
Massa-Carrara,1864,5426,45,Massa e Carrara,TAVOLA_VI_1881,OK
Messina,1864,15012,83,Messina,TAVOLA_VI_1881,OK
Milano,1864,39075,15,Milano,TAVOLA_VI_1881,OK
Modena,1864,9986,36,Modena,TAVOLA_VI_1881,OK
Napoli,1864,34029,63,Napoli,TAVOLA_VI_1881,OK
Novara,1864,22292,3,Novara,TAVOLA_VI_1881,OK
Padova,1864,12443,28,Padova,TAVOLA_VI_1881,OK
Palermo,1864,22901,82,Palermo,TAVOLA_VI_1881,OK
Parma,1864,9166,34,Parma,TAVOLA_VI_1881,OK
Pavia,1864,16957,18,Pavia,TAVOLA_VI_1881,OK
Perugia,1864,18636,54,Umbria,TAVOLA_VI_1881,OK
Pesaro e Urbino,1864,7645,41,Pesaro e Urbino,TAVOLA_VI_1881,OK
Piacenza,1864,7731,33,Piacenza,TAVOLA_VI_1881,OK
Pisa,1864,8973,50,Pisa,TAVOLA_VI_1881,OK
Potenza,1864,20795,76,Potenza,TAVOLA_VI_1881,OK
Ravenna,1864,7464,39,Ravenna,TAVOLA_VI_1881,OK
Reggio Calabria,1864,12890,80,Reggio di Calabria,TAVOLA_VI_1881,OK
Reggio Emilia,1864,8842,35,Reggio nell'Emilia,TAVOLA_VI_1881,OK
Rovigo,1864,7487,29,Rovigo,TAVOLA_VI_1881,OK
Salerno,1864,20160,65,Salerno,TAVOLA_VI_1881,OK
Sassari,1864,9194,90,Sassari,TAVOLA_VI_1881,OK
Siena,1864,7462,52,Siena,TAVOLA_VI_1881,OK
Siracusa,1864,11908,89,Siracusa,TAVOLA_VI_1881,OK
Sondrio,1864,3963,14,Sondrio,TAVOLA_VI_1881,OK
Teramo,1864,7544,67,Teramo,TAVOLA_VI_1881,OK
Torino,1864,34610,1,Torino,TAVOLA_VI_1881,OK
Trapani,1864,9803,81,Trapani,TAVOLA_VI_1881,OK
Treviso,1864,11867,26,Treviso,TAVOLA_VI_1881,OK
Udine,1864,14476,30,Udine,TAVOLA_VI_1881,OK
Venezia,1864,11371,27,Venezia,TAVOLA_VI_1881,OK
Verona,1864,11279,23,Verona,TAVOLA_VI_1881,OK
Vicenza,1864,12188,24,Vicenza,TAVOLA_VI_1881,OK
Agrigento,1865,11945,84,Girgenti,TAVOLA_VI_1881,OK
Alessandria,1865,24403,6,Alessandria,TAVOLA_VI_1881,OK
Ancona,1865,9831,42,Ancona,TAVOLA_VI_1881,OK
Arezzo,1865,9147,51,Arezzo,TAVOLA_VI_1881,OK
Ascoli Piceno,1865,6456,44,Ascoli Piceno,TAVOLA_VI_1881,OK
Avellino,1865,14316,64,Avellino,TAVOLA_VI_1881,OK
Bari,1865,25063,72,Bari delle Puglie,TAVOLA_VI_1881,OK
Belluno,1865,6499,25,Belluno,TAVOLA_VI_1881,OK
Benevento,1865,8084,62,Benevento,TAVOLA_VI_1881,OK
Bergamo,1865,13166,16,Bergamo,TAVOLA_VI_1881,OK
Bologna,1865,14671,37,Bologna,TAVOLA_VI_1881,OK
Brescia,1865,17470,17,Brescia,TAVOLA_VI_1881,OK
Cagliari,1865,14026,92,Cagliari,TAVOLA_VI_1881,OK
Caltanissetta,1865,10252,85,Caltanissetta,TAVOLA_VI_1881,OK
Campobasso,1865,14826,70,Campobasso,TAVOLA_VI_1881,OK
Caserta,1865,25128,61,Caserta,TAVOLA_VI_1881,OK
Catania,1865,19168,87,Catania,TAVOLA_VI_1881,OK
Catanzaro,1865,15586,79,Catanzaro,TAVOLA_VI_1881,OK
Chieti,1865,12429,69,Chieti,TAVOLA_VI_1881,OK
Como,1865,17267,13,Como,TAVOLA_VI_1881,OK
Cosenza,1865,17348,78,Cosenza,TAVOLA_VI_1881,OK
Cremona,1865,13479,19,Cremona,TAVOLA_VI_1881,OK
Cuneo,1865,22550,4,Cuneo,TAVOLA_VI_1881,OK
Ferrara,1865,8680,38,Ferrara,TAVOLA_VI_1881,OK
Firenze,1865,31044,48,Firenze,TAVOLA_VI_1881,OK
Foggia,1865,12873,71,Foggia,TAVOLA_VI_1881,OK
Forlì,1865,8787,40,Forlì,TAVOLA_VI_1881,OK
Genova,1865,26596,10,Genova,TAVOLA_VI_1881,OK
Grosseto,1865,3994,53,Grosseto,TAVOLA_VI_1881,OK
Imperia,1865,4255,8,Porto Maurizio,TAVOLA_VI_1881,OK
L'Aquila,1865,11819,66,Aquila degli Abruzzi,TAVOLA_VI_1881,OK
Lecce,1865,18635,75,Lecce,TAVOLA_VI_1881,OK
Livorno,1865,4416,49,Livorno,TAVOLA_VI_1881,OK
Lucca,1865,10496,46,Lucca,TAVOLA_VI_1881,OK
Macerata,1865,7942,43,Macerata,TAVOLA_VI_1881,OK
Mantova,1865,1486,20,Mantova,TAVOLA_VI_1881,OK
Massa-Carrara,1865,5675,45,Massa e Carrara,TAVOLA_VI_1881,OK
Messina,1865,15494,83,Messina,TAVOLA_VI_1881,OK
Milano,1865,40353,15,Milano,TAVOLA_VI_1881,OK
Modena,1865,10592,36,Modena,TAVOLA_VI_1881,OK
Napoli,1865,34869,63,Napoli,TAVOLA_VI_1881,OK
Novara,1865,23634,3,Novara,TAVOLA_VI_1881,OK
Padova,1865,13738,28,Padova,TAVOLA_VI_1881,OK
Palermo,1865,23211,82,Palermo,TAVOLA_VI_1881,OK
Parma,1865,9239,34,Parma,TAVOLA_VI_1881,OK
Pavia,1865,17100,18,Pavia,TAVOLA_VI_1881,OK
Perugia,1865,17779,54,Umbria,TAVOLA_VI_1881,OK
Pesaro e Urbino,1865,7757,41,Pesaro e Urbino,TAVOLA_VI_1881,OK
Piacenza,1865,7672,33,Piacenza,TAVOLA_VI_1881,OK
Pisa,1865,9578,50,Pisa,TAVOLA_VI_1881,OK
Potenza,1865,21308,76,Potenza,TAVOLA_VI_1881,OK
Ravenna,1865,7641,39,Ravenna,TAVOLA_VI_1881,OK
Reggio Calabria,1865,12777,80,Reggio di Calabria,TAVOLA_VI_1881,OK
Reggio Emilia,1865,9200,35,Reggio nell'Emilia,TAVOLA_VI_1881,OK
Rovigo,1865,8034,29,Rovigo,TAVOLA_VI_1881,OK
Salerno,1865,20202,65,Salerno,TAVOLA_VI_1881,OK
Sassari,1865,9182,90,Sassari,TAVOLA_VI_1881,OK
Siena,1865,7893,52,Siena,TAVOLA_VI_1881,OK
Siracusa,1865,12117,89,Siracusa,TAVOLA_VI_1881,OK
Sondrio,1865,4230,14,Sondrio,TAVOLA_VI_1881,OK
Teramo,1865,7570,67,Teramo,TAVOLA_VI_1881,OK
Torino,1865,34509,1,Torino,TAVOLA_VI_1881,OK
Trapani,1865,9567,81,Trapani,TAVOLA_VI_1881,OK
Treviso,1865,12855,26,Treviso,TAVOLA_VI_1881,OK
Udine,1865,15819,30,Udine,TAVOLA_VI_1881,OK
Venezia,1865,11713,27,Venezia,TAVOLA_VI_1881,OK
Verona,1865,12479,23,Verona,TAVOLA_VI_1881,OK
Vicenza,1865,13224,24,Vicenza,TAVOLA_VI_1881,OK
Agrigento,1866,11876,84,Girgenti,TAVOLA_VI_1881,OK
Alessandria,1866,25192,6,Alessandria,TAVOLA_VI_1881,OK
Ancona,1866,10109,42,Ancona,TAVOLA_VI_1881,OK
Arezzo,1866,8717,51,Arezzo,TAVOLA_VI_1881,OK
Ascoli Piceno,1866,7288,44,Ascoli Piceno,TAVOLA_VI_1881,OK
Avellino,1866,14326,64,Avellino,TAVOLA_VI_1881,OK
Bari,1866,26632,72,Bari delle Puglie,TAVOLA_VI_1881,OK
Belluno,1866,6878,25,Belluno,TAVOLA_VI_1881,OK
Benevento,1866,8321,62,Benevento,TAVOLA_VI_1881,OK
Bergamo,1866,14477,16,Bergamo,TAVOLA_VI_1881,OK
Bologna,1866,15272,37,Bologna,TAVOLA_VI_1881,OK
Brescia,1866,18471,17,Brescia,TAVOLA_VI_1881,OK
Cagliari,1866,14404,92,Cagliari,TAVOLA_VI_1881,OK
Caltanissetta,1866,9640,85,Caltanissetta,TAVOLA_VI_1881,OK
Campobasso,1866,14048,70,Campobasso,TAVOLA_VI_1881,OK
Caserta,1866,24738,61,Caserta,TAVOLA_VI_1881,OK
Catania,1866,18198,87,Catania,TAVOLA_VI_1881,OK
Catanzaro,1866,15676,79,Catanzaro,TAVOLA_VI_1881,OK
Chieti,1866,12743,69,Chieti,TAVOLA_VI_1881,OK
Como,1866,17561,13,Como,TAVOLA_VI_1881,OK
Cosenza,1866,18339,78,Cosenza,TAVOLA_VI_1881,OK
Cremona,1866,13830,19,Cremona,TAVOLA_VI_1881,OK
Cuneo,1866,22723,4,Cuneo,TAVOLA_VI_1881,OK
Ferrara,1866,8939,38,Ferrara,TAVOLA_VI_1881,OK
Firenze,1866,31123,48,Firenze,TAVOLA_VI_1881,OK
Foggia,1866,12995,71,Foggia,TAVOLA_VI_1881,OK
Forlì,1866,8918,40,Forlì,TAVOLA_VI_1881,OK
Genova,1866,26695,10,Genova,TAVOLA_VI_1881,OK
Grosseto,1866,4147,53,Grosseto,TAVOLA_VI_1881,OK
Imperia,1866,4472,8,Porto Maurizio,TAVOLA_VI_1881,OK
L'Aquila,1866,11844,66,Aquila degli Abruzzi,TAVOLA_VI_1881,OK
Lecce,1866,19505,75,Lecce,TAVOLA_VI_1881,OK
Livorno,1866,4411,49,Livorno,TAVOLA_VI_1881,OK
Lucca,1866,10011,46,Lucca,TAVOLA_VI_1881,OK
Macerata,1866,8159,43,Macerata,TAVOLA_VI_1881,OK
Mantova,1866,6148,20,Mantova,TAVOLA_VI_1881,OK
Massa-Carrara,1866,6183,45,Massa e Carrara,TAVOLA_VI_1881,OK
Messina,1866,14524,83,Messina,TAVOLA_VI_1881,OK
Milano,1866,40251,15,Milano,TAVOLA_VI_1881,OK
Modena,1866,10433,36,Modena,TAVOLA_VI_1881,OK
Napoli,1866,34059,63,Napoli,TAVOLA_VI_1881,OK
Novara,1866,24614,3,Novara,TAVOLA_VI_1881,OK
Padova,1866,14307,28,Padova,TAVOLA_VI_1881,OK
Palermo,1866,22410,82,Palermo,TAVOLA_VI_1881,OK
Parma,1866,9487,34,Parma,TAVOLA_VI_1881,OK
Pavia,1866,17865,18,Pavia,TAVOLA_VI_1881,OK
Perugia,1866,19478,54,Umbria,TAVOLA_VI_1881,OK
Pesaro e Urbino,1866,8078,41,Pesaro e Urbino,TAVOLA_VI_1881,OK
Piacenza,1866,7886,33,Piacenza,TAVOLA_VI_1881,OK
Pisa,1866,9517,50,Pisa,TAVOLA_VI_1881,OK
Potenza,1866,22033,76,Potenza,TAVOLA_VI_1881,OK
Ravenna,1866,7689,39,Ravenna,TAVOLA_VI_1881,OK
Reggio Calabria,1866,13089,80,Reggio di Calabria,TAVOLA_VI_1881,OK
Reggio Emilia,1866,9268,35,Reggio nell'Emilia,TAVOLA_VI_1881,OK
Rovigo,1866,8391,29,Rovigo,TAVOLA_VI_1881,OK
Salerno,1866,20115,65,Salerno,TAVOLA_VI_1881,OK
Sassari,1866,9460,90,Sassari,TAVOLA_VI_1881,OK
Siena,1866,7866,52,Siena,TAVOLA_VI_1881,OK
Siracusa,1866,11760,89,Siracusa,TAVOLA_VI_1881,OK
Sondrio,1866,4103,14,Sondrio,TAVOLA_VI_1881,OK
Teramo,1866,7991,67,Teramo,TAVOLA_VI_1881,OK
Torino,1866,35178,1,Torino,TAVOLA_VI_1881,OK
Trapani,1866,9780,81,Trapani,TAVOLA_VI_1881,OK
Treviso,1866,13848,26,Treviso,TAVOLA_VI_1881,OK
Udine,1866,16667,30,Udine,TAVOLA_VI_1881,OK
Venezia,1866,11749,27,Venezia,TAVOLA_VI_1881,OK
Verona,1866,12287,23,Verona,TAVOLA_VI_1881,OK
Vicenza,1866,13008,24,Vicenza,TAVOLA_VI_1881,OK
Agrigento,1867,10256,84,Girgenti,TAVOLA_VI_1881,OK
Alessandria,1867,23630,6,Alessandria,TAVOLA_VI_1881,OK
Ancona,1867,9485,42,Ancona,TAVOLA_VI_1881,OK
Arezzo,1867,9130,51,Arezzo,TAVOLA_VI_1881,OK
Ascoli Piceno,1867,6616,44,Ascoli Piceno,TAVOLA_VI_1881,OK
Avellino,1867,13913,64,Avellino,TAVOLA_VI_1881,OK
Bari,1867,24131,72,Bari delle Puglie,TAVOLA_VI_1881,OK
Belluno,1867,6664,25,Belluno,TAVOLA_VI_1881,OK
Benevento,1867,8626,62,Benevento,TAVOLA_VI_1881,OK
Bergamo,1867,12808,16,Bergamo,TAVOLA_VI_1881,OK
Bologna,1867,14264,37,Bologna,TAVOLA_VI_1881,OK
Brescia,1867,16030,17,Brescia,TAVOLA_VI_1881,OK
Cagliari,1867,13871,92,Cagliari,TAVOLA_VI_1881,OK
Caltanissetta,1867,8653,85,Caltanissetta,TAVOLA_VI_1881,OK
Campobasso,1867,15172,70,Campobasso,TAVOLA_VI_1881,OK
Caserta,1867,24499,61,Caserta,TAVOLA_VI_1881,OK
Catania,1867,16636,87,Catania,TAVOLA_VI_1881,OK
Catanzaro,1867,15164,79,Catanzaro,TAVOLA_VI_1881,OK
Chieti,1867,13343,69,Chieti,TAVOLA_VI_1881,OK
Como,1867,16367,13,Como,TAVOLA_VI_1881,OK
Cosenza,1867,16828,78,Cosenza,TAVOLA_VI_1881,OK
Cremona,1867,12196,19,Cremona,TAVOLA_VI_1881,OK
Cuneo,1867,19853,4,Cuneo,TAVOLA_VI_1881,OK
Ferrara,1867,8114,38,Ferrara,TAVOLA_VI_1881,OK
Firenze,1867,31519,48,Firenze,TAVOLA_VI_1881,OK
Foggia,1867,12152,71,Foggia,TAVOLA_VI_1881,OK
Forlì,1867,7985,40,Forlì,TAVOLA_VI_1881,OK
Genova,1867,25183,10,Genova,TAVOLA_VI_1881,OK
Grosseto,1867,4054,53,Grosseto,TAVOLA_VI_1881,OK
Imperia,1867,4162,8,Porto Maurizio,TAVOLA_VI_1881,OK
L'Aquila,1867,11867,66,Aquila degli Abruzzi,TAVOLA_VI_1881,OK
Lecce,1867,17780,75,Lecce,TAVOLA_VI_1881,OK
Livorno,1867,4139,49,Livorno,TAVOLA_VI_1881,OK
Lucca,1867,10484,46,Lucca,TAVOLA_VI_1881,OK
Macerata,1867,7991,43,Macerata,TAVOLA_VI_1881,OK
Mantova,1867,5897,20,Mantova,TAVOLA_VI_1881,OK
Massa-Carrara,1867,6300,45,Massa e Carrara,TAVOLA_VI_1881,OK
Messina,1867,13715,83,Messina,TAVOLA_VI_1881,OK
Milano,1867,38612,15,Milano,TAVOLA_VI_1881,OK
Modena,1867,9837,36,Modena,TAVOLA_VI_1881,OK
Napoli,1867,33621,63,Napoli,TAVOLA_VI_1881,OK
Novara,1867,22243,3,Novara,TAVOLA_VI_1881,OK
Padova,1867,13159,28,Padova,TAVOLA_VI_1881,OK
Palermo,1867,20596,82,Palermo,TAVOLA_VI_1881,OK
Parma,1867,8804,34,Parma,TAVOLA_VI_1881,OK
Pavia,1867,16600,18,Pavia,TAVOLA_VI_1881,OK
Perugia,1867,19005,54,Umbria,TAVOLA_VI_1881,OK
Pesaro e Urbino,1867,7549,41,Pesaro e Urbino,TAVOLA_VI_1881,OK
Piacenza,1867,7666,33,Piacenza,TAVOLA_VI_1881,OK
Pisa,1867,9839,50,Pisa,TAVOLA_VI_1881,OK
Potenza,1867,22013,76,Potenza,TAVOLA_VI_1881,OK
Ravenna,1867,6947,39,Ravenna,TAVOLA_VI_1881,OK
Reggio Calabria,1867,11504,80,Reggio di Calabria,TAVOLA_VI_1881,OK
Reggio Emilia,1867,8473,35,Reggio nell'Emilia,TAVOLA_VI_1881,OK
Rovigo,1867,7963,29,Rovigo,TAVOLA_VI_1881,OK
Salerno,1867,19433,65,Salerno,TAVOLA_VI_1881,OK
Sassari,1867,9722,90,Sassari,TAVOLA_VI_1881,OK
Siena,1867,8119,52,Siena,TAVOLA_VI_1881,OK
Siracusa,1867,10716,89,Siracusa,TAVOLA_VI_1881,OK
Sondrio,1867,4175,14,Sondrio,TAVOLA_VI_1881,OK
Teramo,1867,7859,67,Teramo,TAVOLA_VI_1881,OK
Torino,1867,32532,1,Torino,TAVOLA_VI_1881,OK
Trapani,1867,8346,81,Trapani,TAVOLA_VI_1881,OK
Treviso,1867,12092,26,Treviso,TAVOLA_VI_1881,OK
Udine,1867,15845,30,Udine,TAVOLA_VI_1881,OK
Venezia,1867,11001,27,Venezia,TAVOLA_VI_1881,OK
Verona,1867,11464,23,Verona,TAVOLA_VI_1881,OK
Vicenza,1867,12294,24,Vicenza,TAVOLA_VI_1881,OK
Agrigento,1868,10331,84,Girgenti,TAVOLA_VI_1881,OK
Alessandria,1868,23358,6,Alessandria,TAVOLA_VI_1881,OK
Ancona,1868,9284,42,Ancona,TAVOLA_VI_1881,OK
Arezzo,1868,8259,51,Arezzo,TAVOLA_VI_1881,OK
Ascoli Piceno,1868,6104,44,Ascoli Piceno,TAVOLA_VI_1881,OK
Avellino,1868,13159,64,Avellino,TAVOLA_VI_1881,OK
Bari,1868,24720,72,Bari delle Puglie,TAVOLA_VI_1881,OK
Belluno,1868,6657,25,Belluno,TAVOLA_VI_1881,OK
Benevento,1868,7282,62,Benevento,TAVOLA_VI_1881,OK
Bergamo,1868,13737,16,Bergamo,TAVOLA_VI_1881,OK
Bologna,1868,14153,37,Bologna,TAVOLA_VI_1881,OK
Brescia,1868,17438,17,Brescia,TAVOLA_VI_1881,OK
Cagliari,1868,12444,92,Cagliari,TAVOLA_VI_1881,OK
Caltanissetta,1868,8186,85,Caltanissetta,TAVOLA_VI_1881,OK
Campobasso,1868,13310,70,Campobasso,TAVOLA_VI_1881,OK
Caserta,1868,22178,61,Caserta,TAVOLA_VI_1881,OK
Catania,1868,14353,87,Catania,TAVOLA_VI_1881,OK
Catanzaro,1868,13539,79,Catanzaro,TAVOLA_VI_1881,OK
Chieti,1868,11587,69,Chieti,TAVOLA_VI_1881,OK
Como,1868,16095,13,Como,TAVOLA_VI_1881,OK
Cosenza,1868,15799,78,Cosenza,TAVOLA_VI_1881,OK
Cremona,1868,13453,19,Cremona,TAVOLA_VI_1881,OK
Cuneo,1868,21147,4,Cuneo,TAVOLA_VI_1881,OK
Ferrara,1868,8515,38,Ferrara,TAVOLA_VI_1881,OK
Firenze,1868,30135,48,Firenze,TAVOLA_VI_1881,OK
Foggia,1868,12326,71,Foggia,TAVOLA_VI_1881,OK
Forlì,1868,8207,40,Forlì,TAVOLA_VI_1881,OK
Genova,1868,25112,10,Genova,TAVOLA_VI_1881,OK
Grosseto,1868,4008,53,Grosseto,TAVOLA_VI_1881,OK
Imperia,1868,3857,8,Porto Maurizio,TAVOLA_VI_1881,OK
L'Aquila,1868,11012,66,Aquila degli Abruzzi,TAVOLA_VI_1881,OK
Lecce,1868,17332,75,Lecce,TAVOLA_VI_1881,OK
Livorno,1868,3935,49,Livorno,TAVOLA_VI_1881,OK
Lucca,1868,9757,46,Lucca,TAVOLA_VI_1881,OK
Macerata,1868,7843,43,Macerata,TAVOLA_VI_1881,OK
Mantova,1868,6279,20,Mantova,TAVOLA_VI_1881,OK
Massa-Carrara,1868,6237,45,Massa e Carrara,TAVOLA_VI_1881,OK
Messina,1868,12085,83,Messina,TAVOLA_VI_1881,OK
Milano,1868,38045,15,Milano,TAVOLA_VI_1881,OK
Modena,1868,9791,36,Modena,TAVOLA_VI_1881,OK
Napoli,1868,30767,63,Napoli,TAVOLA_VI_1881,OK
Novara,1868,22432,3,Novara,TAVOLA_VI_1881,OK
Padova,1868,13954,28,Padova,TAVOLA_VI_1881,OK
Palermo,1868,20418,82,Palermo,TAVOLA_VI_1881,OK
Parma,1868,9166,34,Parma,TAVOLA_VI_1881,OK
Pavia,1868,16886,18,Pavia,TAVOLA_VI_1881,OK
Perugia,1868,17418,54,Umbria,TAVOLA_VI_1881,OK
Pesaro e Urbino,1868,7211,41,Pesaro e Urbino,TAVOLA_VI_1881,OK
Piacenza,1868,7627,33,Piacenza,TAVOLA_VI_1881,OK
Pisa,1868,8832,50,Pisa,TAVOLA_VI_1881,OK
Potenza,1868,20483,76,Potenza,TAVOLA_VI_1881,OK
Ravenna,1868,7186,39,Ravenna,TAVOLA_VI_1881,OK
Reggio Calabria,1868,11565,80,Reggio di Calabria,TAVOLA_VI_1881,OK
Reggio Emilia,1868,8591,35,Reggio nell'Emilia,TAVOLA_VI_1881,OK
Rovigo,1868,8296,29,Rovigo,TAVOLA_VI_1881,OK
Salerno,1868,17463,65,Salerno,TAVOLA_VI_1881,OK
Sassari,1868,9103,90,Sassari,TAVOLA_VI_1881,OK
Siena,1868,7275,52,Siena,TAVOLA_VI_1881,OK
Siracusa,1868,8793,89,Siracusa,TAVOLA_VI_1881,OK
Sondrio,1868,4089,14,Sondrio,TAVOLA_VI_1881,OK
Teramo,1868,7180,67,Teramo,TAVOLA_VI_1881,OK
Torino,1868,31951,1,Torino,TAVOLA_VI_1881,OK
Trapani,1868,8046,81,Trapani,TAVOLA_VI_1881,OK
Treviso,1868,13192,26,Treviso,TAVOLA_VI_1881,OK
Udine,1868,15846,30,Udine,TAVOLA_VI_1881,OK
Venezia,1868,11614,27,Venezia,TAVOLA_VI_1881,OK
Verona,1868,11860,23,Verona,TAVOLA_VI_1881,OK
Vicenza,1868,13043,24,Vicenza,TAVOLA_VI_1881,OK
Agrigento,1869,11327,84,Girgenti,TAVOLA_VI_1881,OK
Alessandria,1869,24034,6,Alessandria,TAVOLA_VI_1881,OK
Ancona,1869,9851,42,Ancona,TAVOLA_VI_1881,OK
Arezzo,1869,8900,51,Arezzo,TAVOLA_VI_1881,OK
Ascoli Piceno,1869,6631,44,Ascoli Piceno,TAVOLA_VI_1881,OK
Avellino,1869,13233,64,Avellino,TAVOLA_VI_1881,OK
Bari,1869,25631,72,Bari delle Puglie,TAVOLA_VI_1881,OK
Belluno,1869,6666,25,Belluno,TAVOLA_VI_1881,OK
Benevento,1869,8552,62,Benevento,TAVOLA_VI_1881,OK
Bergamo,1869,13891,16,Bergamo,TAVOLA_VI_1881,OK
Bologna,1869,14600,37,Bologna,TAVOLA_VI_1881,OK
Brescia,1869,15890,17,Brescia,TAVOLA_VI_1881,OK
Cagliari,1869,13988,92,Cagliari,TAVOLA_VI_1881,OK
Caltanissetta,1869,8777,85,Caltanissetta,TAVOLA_VI_1881,OK
Campobasso,1869,15117,70,Campobasso,TAVOLA_VI_1881,OK
Caserta,1869,25722,61,Caserta,TAVOLA_VI_1881,OK
Catania,1869,17492,87,Catania,TAVOLA_VI_1881,OK
Catanzaro,1869,14791,79,Catanzaro,TAVOLA_VI_1881,OK
Chieti,1869,12866,69,Chieti,TAVOLA_VI_1881,OK
Como,1869,16475,13,Como,TAVOLA_VI_1881,OK
Cosenza,1869,16562,78,Cosenza,TAVOLA_VI_1881,OK
Cremona,1869,10661,19,Cremona,TAVOLA_VI_1881,OK
Cuneo,1869,22252,4,Cuneo,TAVOLA_VI_1881,OK
Ferrara,1869,8496,38,Ferrara,TAVOLA_VI_1881,OK
Firenze,1869,31438,48,Firenze,TAVOLA_VI_1881,OK
Foggia,1869,12228,71,Foggia,TAVOLA_VI_1881,OK
Forlì,1869,8787,40,Forlì,TAVOLA_VI_1881,OK
Genova,1869,25436,10,Genova,TAVOLA_VI_1881,OK
Grosseto,1869,3917,53,Grosseto,TAVOLA_VI_1881,OK
Imperia,1869,4086,8,Porto Maurizio,TAVOLA_VI_1881,OK
L'Aquila,1869,11770,66,Aquila degli Abruzzi,TAVOLA_VI_1881,OK
Lecce,1869,19140,75,Lecce,TAVOLA_VI_1881,OK
Livorno,1869,3961,49,Livorno,TAVOLA_VI_1881,OK
Lucca,1869,9764,46,Lucca,TAVOLA_VI_1881,OK
Macerata,1869,8253,43,Macerata,TAVOLA_VI_1881,OK
Mantova,1869,10809,20,Mantova,TAVOLA_VI_1881,OK
Massa-Carrara,1869,6259,45,Massa e Carrara,TAVOLA_VI_1881,OK
Messina,1869,13906,83,Messina,TAVOLA_VI_1881,OK
Milano,1869,38071,15,Milano,TAVOLA_VI_1881,OK
Modena,1869,10017,36,Modena,TAVOLA_VI_1881,OK
Napoli,1869,33407,63,Napoli,TAVOLA_VI_1881,OK
Novara,1869,22498,3,Novara,TAVOLA_VI_1881,OK
Padova,1869,14540,28,Padova,TAVOLA_VI_1881,OK
Palermo,1869,23418,82,Palermo,TAVOLA_VI_1881,OK
Parma,1869,9061,34,Parma,TAVOLA_VI_1881,OK
Pavia,1869,16770,18,Pavia,TAVOLA_VI_1881,OK
Perugia,1869,19003,54,Umbria,TAVOLA_VI_1881,OK
Pesaro e Urbino,1869,7603,41,Pesaro e Urbino,TAVOLA_VI_1881,OK
Piacenza,1869,7601,33,Piacenza,TAVOLA_VI_1881,OK
Pisa,1869,9749,50,Pisa,TAVOLA_VI_1881,OK
Potenza,1869,20266,76,Potenza,TAVOLA_VI_1881,OK
Ravenna,1869,7177,39,Ravenna,TAVOLA_VI_1881,OK
Reggio Calabria,1869,12357,80,Reggio di Calabria,TAVOLA_VI_1881,OK
Reggio Emilia,1869,9074,35,Reggio nell'Emilia,TAVOLA_VI_1881,OK
Rovigo,1869,8373,29,Rovigo,TAVOLA_VI_1881,OK
Salerno,1869,19467,65,Salerno,TAVOLA_VI_1881,OK
Sassari,1869,9776,90,Sassari,TAVOLA_VI_1881,OK
Siena,1869,7874,52,Siena,TAVOLA_VI_1881,OK
Siracusa,1869,11063,89,Siracusa,TAVOLA_VI_1881,OK
Sondrio,1869,3667,14,Sondrio,TAVOLA_VI_1881,OK
Teramo,1869,8215,67,Teramo,TAVOLA_VI_1881,OK
Torino,1869,32544,1,Torino,TAVOLA_VI_1881,OK
Trapani,1869,8706,81,Trapani,TAVOLA_VI_1881,OK
Treviso,1869,14072,26,Treviso,TAVOLA_VI_1881,OK
Udine,1869,17106,30,Udine,TAVOLA_VI_1881,OK
Venezia,1869,11888,27,Venezia,TAVOLA_VI_1881,OK
Verona,1869,12741,23,Verona,TAVOLA_VI_1881,OK
Vicenza,1869,13871,24,Vicenza,TAVOLA_VI_1881,OK
Agrigento,1870,11886,84,Girgenti,TAVOLA_VI_1881,OK
Alessandria,1870,24017,6,Alessandria,TAVOLA_VI_1881,OK
Ancona,1870,9266,42,Ancona,TAVOLA_VI_1881,OK
Arezzo,1870,8744,51,Arezzo,TAVOLA_VI_1881,OK
Ascoli Piceno,1870,6385,44,Ascoli Piceno,TAVOLA_VI_1881,OK
Avellino,1870,14017,64,Avellino,TAVOLA_VI_1881,OK
Bari,1870,26119,72,Bari delle Puglie,TAVOLA_VI_1881,OK
Belluno,1870,6764,25,Belluno,TAVOLA_VI_1881,OK
Benevento,1870,8331,62,Benevento,TAVOLA_VI_1881,OK
Bergamo,1870,14100,16,Bergamo,TAVOLA_VI_1881,OK
Bologna,1870,14919,37,Bologna,TAVOLA_VI_1881,OK
Brescia,1870,15468,17,Brescia,TAVOLA_VI_1881,OK
Cagliari,1870,14428,92,Cagliari,TAVOLA_VI_1881,OK
Caltanissetta,1870,9322,85,Caltanissetta,TAVOLA_VI_1881,OK
Campobasso,1870,13844,70,Campobasso,TAVOLA_VI_1881,OK
Caserta,1870,24489,61,Caserta,TAVOLA_VI_1881,OK
Catania,1870,18437,87,Catania,TAVOLA_VI_1881,OK
Catanzaro,1870,16249,79,Catanzaro,TAVOLA_VI_1881,OK
Chieti,1870,12953,69,Chieti,TAVOLA_VI_1881,OK
Como,1870,16305,13,Como,TAVOLA_VI_1881,OK
Cosenza,1870,17421,78,Cosenza,TAVOLA_VI_1881,OK
Cremona,1870,11500,19,Cremona,TAVOLA_VI_1881,OK
Cuneo,1870,22128,4,Cuneo,TAVOLA_VI_1881,OK
Ferrara,1870,8575,38,Ferrara,TAVOLA_VI_1881,OK
Firenze,1870,30511,48,Firenze,TAVOLA_VI_1881,OK
Foggia,1870,12916,71,Foggia,TAVOLA_VI_1881,OK
Forlì,1870,8525,40,Forlì,TAVOLA_VI_1881,OK
Genova,1870,24794,10,Genova,TAVOLA_VI_1881,OK
Grosseto,1870,4104,53,Grosseto,TAVOLA_VI_1881,OK
Imperia,1870,4112,8,Porto Maurizio,TAVOLA_VI_1881,OK
L'Aquila,1870,12047,66,Aquila degli Abruzzi,TAVOLA_VI_1881,OK
Lecce,1870,18392,75,Lecce,TAVOLA_VI_1881,OK
Livorno,1870,3791,49,Livorno,TAVOLA_VI_1881,OK
Lucca,1870,10068,46,Lucca,TAVOLA_VI_1881,OK
Macerata,1870,7352,43,Macerata,TAVOLA_VI_1881,OK
Mantova,1870,10620,20,Mantova,TAVOLA_VI_1881,OK
Massa-Carrara,1870,6479,45,Massa e Carrara,TAVOLA_VI_1881,OK
Messina,1870,14229,83,Messina,TAVOLA_VI_1881,OK
Milano,1870,38337,15,Milano,TAVOLA_VI_1881,OK
Modena,1870,10091,36,Modena,TAVOLA_VI_1881,OK
Napoli,1870,34083,63,Napoli,TAVOLA_VI_1881,OK
Novara,1870,21183,3,Novara,TAVOLA_VI_1881,OK
Padova,1870,13685,28,Padova,TAVOLA_VI_1881,OK
Palermo,1870,23433,82,Palermo,TAVOLA_VI_1881,OK
Parma,1870,9414,34,Parma,TAVOLA_VI_1881,OK
Pavia,1870,17292,18,Pavia,TAVOLA_VI_1881,OK
Perugia,1870,18048,54,Umbria,TAVOLA_VI_1881,OK
Pesaro e Urbino,1870,7243,41,Pesaro e Urbino,TAVOLA_VI_1881,OK
Piacenza,1870,7945,33,Piacenza,TAVOLA_VI_1881,OK
Pisa,1870,9561,50,Pisa,TAVOLA_VI_1881,OK
Potenza,1870,20123,76,Potenza,TAVOLA_VI_1881,OK
Ravenna,1870,7169,39,Ravenna,TAVOLA_VI_1881,OK
Reggio Calabria,1870,13333,80,Reggio di Calabria,TAVOLA_VI_1881,OK
Reggio Emilia,1870,8921,35,Reggio nell'Emilia,TAVOLA_VI_1881,OK
Rovigo,1870,8273,29,Rovigo,TAVOLA_VI_1881,OK
Salerno,1870,19000,65,Salerno,TAVOLA_VI_1881,OK
Sassari,1870,9717,90,Sassari,TAVOLA_VI_1881,OK
Siena,1870,7416,52,Siena,TAVOLA_VI_1881,OK
Siracusa,1870,12234,89,Siracusa,TAVOLA_VI_1881,OK
Sondrio,1870,4213,14,Sondrio,TAVOLA_VI_1881,OK
Teramo,1870,7956,67,Teramo,TAVOLA_VI_1881,OK
Torino,1870,33130,1,Torino,TAVOLA_VI_1881,OK
Trapani,1870,9236,81,Trapani,TAVOLA_VI_1881,OK
Treviso,1870,13054,26,Treviso,TAVOLA_VI_1881,OK
Udine,1870,16039,30,Udine,TAVOLA_VI_1881,OK
Venezia,1870,11613,27,Venezia,TAVOLA_VI_1881,OK
Verona,1870,12336,23,Verona,TAVOLA_VI_1881,OK
Vicenza,1870,13820,24,Vicenza,TAVOLA_VI_1881,OK
Agrigento,1871,12063,84,Girgenti,TAVOLA_VI_1881,OK
Alessandria,1871,24944,6,Alessandria,TAVOLA_VI_1881,OK
Ancona,1871,9316,42,Ancona,TAVOLA_VI_1881,OK
Arezzo,1871,8782,51,Arezzo,TAVOLA_VI_1881,OK
Ascoli Piceno,1871,6190,44,Ascoli Piceno,TAVOLA_VI_1881,OK
Avellino,1871,13493,64,Avellino,TAVOLA_VI_1881,OK
Bari,1871,24654,72,Bari delle Puglie,TAVOLA_VI_1881,OK
Belluno,1871,7194,25,Belluno,TAVOLA_VI_1881,OK
Benevento,1871,8032,62,Benevento,TAVOLA_VI_1881,OK
Bergamo,1871,14780,16,Bergamo,TAVOLA_VI_1881,OK
Bologna,1871,14461,37,Bologna,TAVOLA_VI_1881,OK
Brescia,1871,16437,17,Brescia,TAVOLA_VI_1881,OK
Cagliari,1871,14076,92,Cagliari,TAVOLA_VI_1881,OK
Caltanissetta,1871,9959,85,Caltanissetta,TAVOLA_VI_1881,OK
Campobasso,1871,14100,70,Campobasso,TAVOLA_VI_1881,OK
Caserta,1871,24297,61,Caserta,TAVOLA_VI_1881,OK
Catania,1871,18760,87,Catania,TAVOLA_VI_1881,OK
Catanzaro,1871,14495,79,Catanzaro,TAVOLA_VI_1881,OK
Chieti,1871,12316,69,Chieti,TAVOLA_VI_1881,OK
Como,1871,17650,13,Como,TAVOLA_VI_1881,OK
Cosenza,1871,17365,78,Cosenza,TAVOLA_VI_1881,OK
Cremona,1871,10965,19,Cremona,TAVOLA_VI_1881,OK
Cuneo,1871,23301,4,Cuneo,TAVOLA_VI_1881,OK
Ferrara,1871,8803,38,Ferrara,TAVOLA_VI_1881,OK
Firenze,1871,32153,48,Firenze,TAVOLA_VI_1881,OK
Foggia,1871,11766,71,Foggia,TAVOLA_VI_1881,OK
Forlì,1871,8426,40,Forlì,TAVOLA_VI_1881,OK
Genova,1871,25093,10,Genova,TAVOLA_VI_1881,OK
Grosseto,1871,3870,53,Grosseto,TAVOLA_VI_1881,OK
Imperia,1871,4354,8,Porto Maurizio,TAVOLA_VI_1881,OK
L'Aquila,1871,12787,66,Aquila degli Abruzzi,TAVOLA_VI_1881,OK
Lecce,1871,17863,75,Lecce,TAVOLA_VI_1881,OK
Livorno,1871,3811,49,Livorno,TAVOLA_VI_1881,OK
Lucca,1871,10716,46,Lucca,TAVOLA_VI_1881,OK
Macerata,1871,8481,43,Macerata,TAVOLA_VI_1881,OK
Mantova,1871,10393,20,Mantova,TAVOLA_VI_1881,OK
Massa-Carrara,1871,6778,45,Massa e Carrara,TAVOLA_VI_1881,OK
Messina,1871,13551,83,Messina,TAVOLA_VI_1881,OK
Milano,1871,39690,15,Milano,TAVOLA_VI_1881,OK
Modena,1871,9468,36,Modena,TAVOLA_VI_1881,OK
Napoli,1871,34015,63,Napoli,TAVOLA_VI_1881,OK
Novara,1871,23673,3,Novara,TAVOLA_VI_1881,OK
Padova,1871,14716,28,Padova,TAVOLA_VI_1881,OK
Palermo,1871,23510,82,Palermo,TAVOLA_VI_1881,OK
Parma,1871,9135,34,Parma,TAVOLA_VI_1881,OK
Pavia,1871,16885,18,Pavia,TAVOLA_VI_1881,OK
Perugia,1871,18299,54,Umbria,TAVOLA_VI_1881,OK
Pesaro e Urbino,1871,7539,41,Pesaro e Urbino,TAVOLA_VI_1881,OK
Piacenza,1871,7535,33,Piacenza,TAVOLA_VI_1881,OK
Pisa,1871,9991,50,Pisa,TAVOLA_VI_1881,OK
Potenza,1871,18951,76,Potenza,TAVOLA_VI_1881,OK
Ravenna,1871,6829,39,Ravenna,TAVOLA_VI_1881,OK
Reggio Calabria,1871,12426,80,Reggio di Calabria,TAVOLA_VI_1881,OK
Reggio Emilia,1871,9095,35,Reggio nell'Emilia,TAVOLA_VI_1881,OK
Rovigo,1871,8653,29,Rovigo,TAVOLA_VI_1881,OK
Salerno,1871,18946,65,Salerno,TAVOLA_VI_1881,OK
Sassari,1871,9124,90,Sassari,TAVOLA_VI_1881,OK
Siena,1871,7497,52,Siena,TAVOLA_VI_1881,OK
Siracusa,1871,11969,89,Siracusa,TAVOLA_VI_1881,OK
Sondrio,1871,4193,14,Sondrio,TAVOLA_VI_1881,OK
Teramo,1871,7671,67,Teramo,TAVOLA_VI_1881,OK
Torino,1871,33788,1,Torino,TAVOLA_VI_1881,OK
Trapani,1871,9019,81,Trapani,TAVOLA_VI_1881,OK
Treviso,1871,14665,26,Treviso,TAVOLA_VI_1881,OK
Udine,1871,16969,30,Udine,TAVOLA_VI_1881,OK
Venezia,1871,12228,27,Venezia,TAVOLA_VI_1881,OK
Verona,1871,12680,23,Verona,TAVOLA_VI_1881,OK
Vicenza,1871,14456,24,Vicenza,TAVOLA_VI_1881,OK
Agrigento,1872,13587,84,Girgenti,TAVOLA_VI_1881,OK
Alessandria,1872,24699,6,Alessandria,TAVOLA_VI_1881,OK
Ancona,1872,9397,42,Ancona,TAVOLA_VI_1881,OK
Arezzo,1872,8467,51,Arezzo,TAVOLA_VI_1881,OK
Ascoli Piceno,1872,6331,44,Ascoli Piceno,TAVOLA_VI_1881,OK
Avellino,1872,14979,64,Avellino,TAVOLA_VI_1881,OK
Bari,1872,27600,72,Bari delle Puglie,TAVOLA_VI_1881,OK
Belluno,1872,7155,25,Belluno,TAVOLA_VI_1881,OK
Benevento,1872,9661,62,Benevento,TAVOLA_VI_1881,OK
Bergamo,1872,14509,16,Bergamo,TAVOLA_VI_1881,OK
Bologna,1872,14457,37,Bologna,TAVOLA_VI_1881,OK
Brescia,1872,15961,17,Brescia,TAVOLA_VI_1881,OK
Cagliari,1872,15162,92,Cagliari,TAVOLA_VI_1881,OK
Caltanissetta,1872,10638,85,Caltanissetta,TAVOLA_VI_1881,OK
Campobasso,1872,15351,70,Campobasso,TAVOLA_VI_1881,OK
Caserta,1872,26777,61,Caserta,TAVOLA_VI_1881,OK
Catania,1872,20550,87,Catania,TAVOLA_VI_1881,OK
Catanzaro,1872,16579,79,Catanzaro,TAVOLA_VI_1881,OK
Chieti,1872,12419,69,Chieti,TAVOLA_VI_1881,OK
Como,1872,17521,13,Como,TAVOLA_VI_1881,OK
Cosenza,1872,18217,78,Cosenza,TAVOLA_VI_1881,OK
Cremona,1872,11236,19,Cremona,TAVOLA_VI_1881,OK
Cuneo,1872,22177,4,Cuneo,TAVOLA_VI_1881,OK
Ferrara,1872,8996,38,Ferrara,TAVOLA_VI_1881,OK
Firenze,1872,30918,48,Firenze,TAVOLA_VI_1881,OK
Foggia,1872,13850,71,Foggia,TAVOLA_VI_1881,OK
Forlì,1872,8535,40,Forlì,TAVOLA_VI_1881,OK
Genova,1872,24807,10,Genova,TAVOLA_VI_1881,OK
Grosseto,1872,3982,53,Grosseto,TAVOLA_VI_1881,OK
Imperia,1872,4199,8,Porto Maurizio,TAVOLA_VI_1881,OK
L'Aquila,1872,12218,66,Aquila degli Abruzzi,TAVOLA_VI_1881,OK
Lecce,1872,20304,75,Lecce,TAVOLA_VI_1881,OK
Livorno,1872,3732,49,Livorno,TAVOLA_VI_1881,OK
Lucca,1872,10005,46,Lucca,TAVOLA_VI_1881,OK
Macerata,1872,6912,43,Macerata,TAVOLA_VI_1881,OK
Mantova,1872,10364,20,Mantova,TAVOLA_VI_1881,OK
Massa-Carrara,1872,6497,45,Massa e Carrara,TAVOLA_VI_1881,OK
Messina,1872,14814,83,Messina,TAVOLA_VI_1881,OK
Milano,1872,39824,15,Milano,TAVOLA_VI_1881,OK
Modena,1872,9623,36,Modena,TAVOLA_VI_1881,OK
Napoli,1872,35475,63,Napoli,TAVOLA_VI_1881,OK
Novara,1872,24225,3,Novara,TAVOLA_VI_1881,OK
Padova,1872,14977,28,Padova,TAVOLA_VI_1881,OK
Palermo,1872,25969,82,Palermo,TAVOLA_VI_1881,OK
Parma,1872,9233,34,Parma,TAVOLA_VI_1881,OK
Pavia,1872,17332,18,Pavia,TAVOLA_VI_1881,OK
Perugia,1872,19057,54,Umbria,TAVOLA_VI_1881,OK
Pesaro e Urbino,1872,7678,41,Pesaro e Urbino,TAVOLA_VI_1881,OK
Piacenza,1872,7713,33,Piacenza,TAVOLA_VI_1881,OK
Pisa,1872,9853,50,Pisa,TAVOLA_VI_1881,OK
Potenza,1872,22037,76,Potenza,TAVOLA_VI_1881,OK
Ravenna,1872,7016,39,Ravenna,TAVOLA_VI_1881,OK
Reggio Calabria,1872,13411,80,Reggio di Calabria,TAVOLA_VI_1881,OK
Reggio Emilia,1872,8422,35,Reggio nell'Emilia,TAVOLA_VI_1881,OK
Roma,1872,29611,58,Roma,TAVOLA_VI_1881,OK
Rovigo,1872,9087,29,Rovigo,TAVOLA_VI_1881,OK
Salerno,1872,20720,65,Salerno,TAVOLA_VI_1881,OK
Sassari,1872,9671,90,Sassari,TAVOLA_VI_1881,OK
Siena,1872,7699,52,Siena,TAVOLA_VI_1881,OK
Siracusa,1872,12755,89,Siracusa,TAVOLA_VI_1881,OK
Sondrio,1872,4378,14,Sondrio,TAVOLA_VI_1881,OK
Teramo,1872,7818,67,Teramo,TAVOLA_VI_1881,OK
Torino,1872,33242,1,Torino,TAVOLA_VI_1881,OK
Trapani,1872,10295,81,Trapani,TAVOLA_VI_1881,OK
Treviso,1872,13428,26,Treviso,TAVOLA_VI_1881,OK
Udine,1872,17270,30,Udine,TAVOLA_VI_1881,OK
Venezia,1872,12076,27,Venezia,TAVOLA_VI_1881,OK
Verona,1872,12624,23,Verona,TAVOLA_VI_1881,OK
Vicenza,1872,14600,24,Vicenza,TAVOLA_VI_1881,OK
Agrigento,1873,12998,84,Girgenti,TAVOLA_VI_1881,OK
Alessandria,1873,23422,6,Alessandria,TAVOLA_VI_1881,OK
Ancona,1873,9196,42,Ancona,TAVOLA_VI_1881,OK
Arezzo,1873,8524,51,Arezzo,TAVOLA_VI_1881,OK
Ascoli Piceno,1873,6333,44,Ascoli Piceno,TAVOLA_VI_1881,OK
Avellino,1873,14035,64,Avellino,TAVOLA_VI_1881,OK
Bari,1873,25532,72,Bari delle Puglie,TAVOLA_VI_1881,OK
Belluno,1873,6693,25,Belluno,TAVOLA_VI_1881,OK
Benevento,1873,8622,62,Benevento,TAVOLA_VI_1881,OK
Bergamo,1873,13890,16,Bergamo,TAVOLA_VI_1881,OK
Bologna,1873,14226,37,Bologna,TAVOLA_VI_1881,OK
Brescia,1873,14987,17,Brescia,TAVOLA_VI_1881,OK
Cagliari,1873,15090,92,Cagliari,TAVOLA_VI_1881,OK
Caltanissetta,1873,10637,85,Caltanissetta,TAVOLA_VI_1881,OK
Campobasso,1873,15242,70,Campobasso,TAVOLA_VI_1881,OK
Caserta,1873,24817,61,Caserta,TAVOLA_VI_1881,OK
Catania,1873,19725,87,Catania,TAVOLA_VI_1881,OK
Catanzaro,1873,16960,79,Catanzaro,TAVOLA_VI_1881,OK
Chieti,1873,13728,69,Chieti,TAVOLA_VI_1881,OK
Como,1873,17320,13,Como,TAVOLA_VI_1881,OK
Cosenza,1873,16649,78,Cosenza,TAVOLA_VI_1881,OK
Cremona,1873,10321,19,Cremona,TAVOLA_VI_1881,OK
Cuneo,1873,21668,4,Cuneo,TAVOLA_VI_1881,OK
Ferrara,1873,8516,38,Ferrara,TAVOLA_VI_1881,OK
Firenze,1873,29873,48,Firenze,TAVOLA_VI_1881,OK
Foggia,1873,13040,71,Foggia,TAVOLA_VI_1881,OK
Forlì,1873,8902,40,Forlì,TAVOLA_VI_1881,OK
Genova,1873,24199,10,Genova,TAVOLA_VI_1881,OK
Grosseto,1873,3792,53,Grosseto,TAVOLA_VI_1881,OK
Imperia,1873,3891,8,Porto Maurizio,TAVOLA_VI_1881,OK
L'Aquila,1873,12570,66,Aquila degli Abruzzi,TAVOLA_VI_1881,OK
Lecce,1873,19212,75,Lecce,TAVOLA_VI_1881,OK
Livorno,1873,3670,49,Livorno,TAVOLA_VI_1881,OK
Lucca,1873,9599,46,Lucca,TAVOLA_VI_1881,OK
Macerata,1873,7926,43,Macerata,TAVOLA_VI_1881,OK
Mantova,1873,9964,20,Mantova,TAVOLA_VI_1881,OK
Massa-Carrara,1873,5812,45,Massa e Carrara,TAVOLA_VI_1881,OK
Messina,1873,15084,83,Messina,TAVOLA_VI_1881,OK
Milano,1873,40205,15,Milano,TAVOLA_VI_1881,OK
Modena,1873,9354,36,Modena,TAVOLA_VI_1881,OK
Napoli,1873,33367,63,Napoli,TAVOLA_VI_1881,OK
Novara,1873,22406,3,Novara,TAVOLA_VI_1881,OK
Padova,1873,14739,28,Padova,TAVOLA_VI_1881,OK
Palermo,1873,24409,82,Palermo,TAVOLA_VI_1881,OK
Parma,1873,8849,34,Parma,TAVOLA_VI_1881,OK
Pavia,1873,17306,18,Pavia,TAVOLA_VI_1881,OK
Perugia,1873,17984,54,Umbria,TAVOLA_VI_1881,OK
Pesaro e Urbino,1873,7621,41,Pesaro e Urbino,TAVOLA_VI_1881,OK
Piacenza,1873,7381,33,Piacenza,TAVOLA_VI_1881,OK
Pisa,1873,9845,50,Pisa,TAVOLA_VI_1881,OK
Potenza,1873,20868,76,Potenza,TAVOLA_VI_1881,OK
Ravenna,1873,6902,39,Ravenna,TAVOLA_VI_1881,OK
Reggio Calabria,1873,13497,80,Reggio di Calabria,TAVOLA_VI_1881,OK
Reggio Emilia,1873,8809,35,Reggio nell'Emilia,TAVOLA_VI_1881,OK
Roma,1873,28342,58,Roma,TAVOLA_VI_1881,OK
Rovigo,1873,8936,29,Rovigo,TAVOLA_VI_1881,OK
Salerno,1873,19298,65,Salerno,TAVOLA_VI_1881,OK
Sassari,1873,9517,90,Sassari,TAVOLA_VI_1881,OK
Siena,1873,7054,52,Siena,TAVOLA_VI_1881,OK
Siracusa,1873,12325,89,Siracusa,TAVOLA_VI_1881,OK
Sondrio,1873,4024,14,Sondrio,TAVOLA_VI_1881,OK
Teramo,1873,8329,67,Teramo,TAVOLA_VI_1881,OK
Torino,1873,31065,1,Torino,TAVOLA_VI_1881,OK
Trapani,1873,10450,81,Trapani,TAVOLA_VI_1881,OK
Treviso,1873,13034,26,Treviso,TAVOLA_VI_1881,OK
Udine,1873,16188,30,Udine,TAVOLA_VI_1881,OK
Venezia,1873,11612,27,Venezia,TAVOLA_VI_1881,OK
Verona,1873,12565,23,Verona,TAVOLA_VI_1881,OK
Vicenza,1873,13441,24,Vicenza,TAVOLA_VI_1881,OK
Agrigento,1874,12900,84,Girgenti,TAVOLA_VI_1881,OK
Alessandria,1874,22775,6,Alessandria,TAVOLA_VI_1881,OK
Ancona,1874,8654,42,Ancona,TAVOLA_VI_1881,OK
Arezzo,1874,8112,51,Arezzo,TAVOLA_VI_1881,OK
Ascoli Piceno,1874,5933,44,Ascoli Piceno,TAVOLA_VI_1881,OK
Avellino,1874,13511,64,Avellino,TAVOLA_VI_1881,OK
Bari,1874,24144,72,Bari delle Puglie,TAVOLA_VI_1881,OK
Belluno,1874,6860,25,Belluno,TAVOLA_VI_1881,OK
Benevento,1874,7986,62,Benevento,TAVOLA_VI_1881,OK
Bergamo,1874,13338,16,Bergamo,TAVOLA_VI_1881,OK
Bologna,1874,13878,37,Bologna,TAVOLA_VI_1881,OK
Brescia,1874,14305,17,Brescia,TAVOLA_VI_1881,OK
Cagliari,1874,14787,92,Cagliari,TAVOLA_VI_1881,OK
Caltanissetta,1874,10551,85,Caltanissetta,TAVOLA_VI_1881,OK
Campobasso,1874,14348,70,Campobasso,TAVOLA_VI_1881,OK
Caserta,1874,24168,61,Caserta,TAVOLA_VI_1881,OK
Catania,1874,19350,87,Catania,TAVOLA_VI_1881,OK
Catanzaro,1874,15437,79,Catanzaro,TAVOLA_VI_1881,OK
Chieti,1874,11686,69,Chieti,TAVOLA_VI_1881,OK
Como,1874,17604,13,Como,TAVOLA_VI_1881,OK
Cosenza,1874,17174,78,Cosenza,TAVOLA_VI_1881,OK
Cremona,1874,10072,19,Cremona,TAVOLA_VI_1881,OK
Cuneo,1874,21009,4,Cuneo,TAVOLA_VI_1881,OK
Ferrara,1874,8138,38,Ferrara,TAVOLA_VI_1881,OK
Firenze,1874,29134,48,Firenze,TAVOLA_VI_1881,OK
Foggia,1874,12565,71,Foggia,TAVOLA_VI_1881,OK
Forlì,1874,7971,40,Forlì,TAVOLA_VI_1881,OK
Genova,1874,24426,10,Genova,TAVOLA_VI_1881,OK
Grosseto,1874,4063,53,Grosseto,TAVOLA_VI_1881,OK
Imperia,1874,3998,8,Porto Maurizio,TAVOLA_VI_1881,OK
L'Aquila,1874,12620,66,Aquila degli Abruzzi,TAVOLA_VI_1881,OK
Lecce,1874,17209,75,Lecce,TAVOLA_VI_1881,OK
Livorno,1874,3457,49,Livorno,TAVOLA_VI_1881,OK
Lucca,1874,9735,46,Lucca,TAVOLA_VI_1881,OK
Macerata,1874,6946,43,Macerata,TAVOLA_VI_1881,OK
Mantova,1874,9367,20,Mantova,TAVOLA_VI_1881,OK
Massa-Carrara,1874,6394,45,Massa e Carrara,TAVOLA_VI_1881,OK
Messina,1874,14032,83,Messina,TAVOLA_VI_1881,OK
Milano,1874,39265,15,Milano,TAVOLA_VI_1881,OK
Modena,1874,9071,36,Modena,TAVOLA_VI_1881,OK
Napoli,1874,31809,63,Napoli,TAVOLA_VI_1881,OK
Novara,1874,22191,3,Novara,TAVOLA_VI_1881,OK
Padova,1874,12729,28,Padova,TAVOLA_VI_1881,OK
Palermo,1874,23471,82,Palermo,TAVOLA_VI_1881,OK
Parma,1874,8361,34,Parma,TAVOLA_VI_1881,OK
Pavia,1874,16241,18,Pavia,TAVOLA_VI_1881,OK
Perugia,1874,18041,54,Umbria,TAVOLA_VI_1881,OK
Pesaro e Urbino,1874,7184,41,Pesaro e Urbino,TAVOLA_VI_1881,OK
Piacenza,1874,7240,33,Piacenza,TAVOLA_VI_1881,OK
Pisa,1874,9559,50,Pisa,TAVOLA_VI_1881,OK
Potenza,1874,19374,76,Potenza,TAVOLA_VI_1881,OK
Ravenna,1874,6507,39,Ravenna,TAVOLA_VI_1881,OK
Reggio Calabria,1874,12416,80,Reggio di Calabria,TAVOLA_VI_1881,OK
Reggio Emilia,1874,7967,35,Reggio nell'Emilia,TAVOLA_VI_1881,OK
Roma,1874,28921,58,Roma,TAVOLA_VI_1881,OK
Rovigo,1874,7631,29,Rovigo,TAVOLA_VI_1881,OK
Salerno,1874,17921,65,Salerno,TAVOLA_VI_1881,OK
Sassari,1874,9971,90,Sassari,TAVOLA_VI_1881,OK
Siena,1874,7152,52,Siena,TAVOLA_VI_1881,OK
Siracusa,1874,12439,89,Siracusa,TAVOLA_VI_1881,OK
Sondrio,1874,4163,14,Sondrio,TAVOLA_VI_1881,OK
Teramo,1874,7523,67,Teramo,TAVOLA_VI_1881,OK
Torino,1874,32023,1,Torino,TAVOLA_VI_1881,OK
Trapani,1874,9232,81,Trapani,TAVOLA_VI_1881,OK
Treviso,1874,12809,26,Treviso,TAVOLA_VI_1881,OK
Udine,1874,15936,30,Udine,TAVOLA_VI_1881,OK
Venezia,1874,10923,27,Venezia,TAVOLA_VI_1881,OK
Verona,1874,11429,23,Verona,TAVOLA_VI_1881,OK
Vicenza,1874,13472,24,Vicenza,TAVOLA_VI_1881,OK
Agrigento,1875,13413,84,Girgenti,TAVOLA_VI_1881,OK
Alessandria,1875,26077,6,Alessandria,TAVOLA_VI_1881,OK
Ancona,1875,9226,42,Ancona,TAVOLA_VI_1881,OK
Arezzo,1875,8946,51,Arezzo,TAVOLA_VI_1881,OK
Ascoli Piceno,1875,6240,44,Ascoli Piceno,TAVOLA_VI_1881,OK
Avellino,1875,16152,64,Avellino,TAVOLA_VI_1881,OK
Bari,1875,27549,72,Bari delle Puglie,TAVOLA_VI_1881,OK
Belluno,1875,7301,25,Belluno,TAVOLA_VI_1881,OK
Benevento,1875,9419,62,Benevento,TAVOLA_VI_1881,OK
Bergamo,1875,15585,16,Bergamo,TAVOLA_VI_1881,OK
Bologna,1875,15142,37,Bologna,TAVOLA_VI_1881,OK
Brescia,1875,16145,17,Brescia,TAVOLA_VI_1881,OK
Cagliari,1875,15074,92,Cagliari,TAVOLA_VI_1881,OK
Caltanissetta,1875,11151,85,Caltanissetta,TAVOLA_VI_1881,OK
Campobasso,1875,15059,70,Campobasso,TAVOLA_VI_1881,OK
Caserta,1875,26472,61,Caserta,TAVOLA_VI_1881,OK
Catania,1875,20985,87,Catania,TAVOLA_VI_1881,OK
Catanzaro,1875,15724,79,Catanzaro,TAVOLA_VI_1881,OK
Chieti,1875,13140,69,Chieti,TAVOLA_VI_1881,OK
Como,1875,18882,13,Como,TAVOLA_VI_1881,OK
Cosenza,1875,16716,78,Cosenza,TAVOLA_VI_1881,OK
Cremona,1875,10592,19,Cremona,TAVOLA_VI_1881,OK
Cuneo,1875,23493,4,Cuneo,TAVOLA_VI_1881,OK
Ferrara,1875,9254,38,Ferrara,TAVOLA_VI_1881,OK
Firenze,1875,31220,48,Firenze,TAVOLA_VI_1881,OK
Foggia,1875,14402,71,Foggia,TAVOLA_VI_1881,OK
Forlì,1875,9358,40,Forlì,TAVOLA_VI_1881,OK
Genova,1875,26082,10,Genova,TAVOLA_VI_1881,OK
Grosseto,1875,4027,53,Grosseto,TAVOLA_VI_1881,OK
Imperia,1875,4218,8,Porto Maurizio,TAVOLA_VI_1881,OK
L'Aquila,1875,12996,66,Aquila degli Abruzzi,TAVOLA_VI_1881,OK
Lecce,1875,18736,75,Lecce,TAVOLA_VI_1881,OK
Livorno,1875,3691,49,Livorno,TAVOLA_VI_1881,OK
Lucca,1875,10243,46,Lucca,TAVOLA_VI_1881,OK
Macerata,1875,7021,43,Macerata,TAVOLA_VI_1881,OK
Mantova,1875,10674,20,Mantova,TAVOLA_VI_1881,OK
Massa-Carrara,1875,6557,45,Massa e Carrara,TAVOLA_VI_1881,OK
Messina,1875,15667,83,Messina,TAVOLA_VI_1881,OK
Milano,1875,42416,15,Milano,TAVOLA_VI_1881,OK
Modena,1875,9920,36,Modena,TAVOLA_VI_1881,OK
Napoli,1875,34168,63,Napoli,TAVOLA_VI_1881,OK
Novara,1875,25259,3,Novara,TAVOLA_VI_1881,OK
Padova,1875,15376,28,Padova,TAVOLA_VI_1881,OK
Palermo,1875,25581,82,Palermo,TAVOLA_VI_1881,OK
Parma,1875,9417,34,Parma,TAVOLA_VI_1881,OK
Pavia,1875,17284,18,Pavia,TAVOLA_VI_1881,OK
Perugia,1875,18770,54,Umbria,TAVOLA_VI_1881,OK
Pesaro e Urbino,1875,7817,41,Pesaro e Urbino,TAVOLA_VI_1881,OK
Piacenza,1875,7756,33,Piacenza,TAVOLA_VI_1881,OK
Pisa,1875,10367,50,Pisa,TAVOLA_VI_1881,OK
Potenza,1875,20942,76,Potenza,TAVOLA_VI_1881,OK
Ravenna,1875,7229,39,Ravenna,TAVOLA_VI_1881,OK
Reggio Calabria,1875,12994,80,Reggio di Calabria,TAVOLA_VI_1881,OK
Reggio Emilia,1875,9051,35,Reggio nell'Emilia,TAVOLA_VI_1881,OK
Roma,1875,29962,58,Roma,TAVOLA_VI_1881,OK
Rovigo,1875,8888,29,Rovigo,TAVOLA_VI_1881,OK
Salerno,1875,19754,65,Salerno,TAVOLA_VI_1881,OK
Sassari,1875,9840,90,Sassari,TAVOLA_VI_1881,OK
Siena,1875,7439,52,Siena,TAVOLA_VI_1881,OK
Siracusa,1875,12949,89,Siracusa,TAVOLA_VI_1881,OK
Sondrio,1875,4113,14,Sondrio,TAVOLA_VI_1881,OK
Teramo,1875,7730,67,Teramo,TAVOLA_VI_1881,OK
Torino,1875,33947,1,Torino,TAVOLA_VI_1881,OK
Trapani,1875,10186,81,Trapani,TAVOLA_VI_1881,OK
Treviso,1875,14796,26,Treviso,TAVOLA_VI_1881,OK
Udine,1875,17773,30,Udine,TAVOLA_VI_1881,OK
Venezia,1875,12432,27,Venezia,TAVOLA_VI_1881,OK
Verona,1875,12898,23,Verona,TAVOLA_VI_1881,OK
Vicenza,1875,15694,24,Vicenza,TAVOLA_VI_1881,OK
Agrigento,1876,13512,84,Girgenti,TAVOLA_VI_1881,OK
Alessandria,1876,27536,6,Alessandria,TAVOLA_VI_1881,OK
Ancona,1876,9788,42,Ancona,TAVOLA_VI_1881,OK
Arezzo,1876,9331,51,Arezzo,TAVOLA_VI_1881,OK
Ascoli Piceno,1876,7003,44,Ascoli Piceno,TAVOLA_VI_1881,OK
Avellino,1876,16322,64,Avellino,TAVOLA_VI_1881,OK
Bari,1876,28482,72,Bari delle Puglie,TAVOLA_VI_1881,OK
Belluno,1876,7365,25,Belluno,TAVOLA_VI_1881,OK
Benevento,1876,9284,62,Benevento,TAVOLA_VI_1881,OK
Bergamo,1876,15651,16,Bergamo,TAVOLA_VI_1881,OK
Bologna,1876,15984,37,Bologna,TAVOLA_VI_1881,OK
Brescia,1876,16457,17,Brescia,TAVOLA_VI_1881,OK
Cagliari,1876,15261,92,Cagliari,TAVOLA_VI_1881,OK
Caltanissetta,1876,10794,85,Caltanissetta,TAVOLA_VI_1881,OK
Campobasso,1876,15157,70,Campobasso,TAVOLA_VI_1881,OK
Caserta,1876,27926,61,Caserta,TAVOLA_VI_1881,OK
Catania,1876,21782,87,Catania,TAVOLA_VI_1881,OK
Catanzaro,1876,17377,79,Catanzaro,TAVOLA_VI_1881,OK
Chieti,1876,13362,69,Chieti,TAVOLA_VI_1881,OK
Como,1876,19525,13,Como,TAVOLA_VI_1881,OK
Cosenza,1876,17661,78,Cosenza,TAVOLA_VI_1881,OK
Cremona,1876,11217,19,Cremona,TAVOLA_VI_1881,OK
Cuneo,1876,23913,4,Cuneo,TAVOLA_VI_1881,OK
Ferrara,1876,10226,38,Ferrara,TAVOLA_VI_1881,OK
Firenze,1876,30328,48,Firenze,TAVOLA_VI_1881,OK
Foggia,1876,13566,71,Foggia,TAVOLA_VI_1881,OK
Forlì,1876,9870,40,Forlì,TAVOLA_VI_1881,OK
Genova,1876,26678,10,Genova,TAVOLA_VI_1881,OK
Grosseto,1876,4174,53,Grosseto,TAVOLA_VI_1881,OK
Imperia,1876,4501,8,Porto Maurizio,TAVOLA_VI_1881,OK
L'Aquila,1876,13831,66,Aquila degli Abruzzi,TAVOLA_VI_1881,OK
Lecce,1876,22570,75,Lecce,TAVOLA_VI_1881,OK
Livorno,1876,3670,49,Livorno,TAVOLA_VI_1881,OK
Lucca,1876,10600,46,Lucca,TAVOLA_VI_1881,OK
Macerata,1876,8046,43,Macerata,TAVOLA_VI_1881,OK
Mantova,1876,11104,20,Mantova,TAVOLA_VI_1881,OK
Massa-Carrara,1876,7075,45,Massa e Carrara,TAVOLA_VI_1881,OK
Messina,1876,17119,83,Messina,TAVOLA_VI_1881,OK
Milano,1876,44797,15,Milano,TAVOLA_VI_1881,OK
Modena,1876,11372,36,Modena,TAVOLA_VI_1881,OK
Napoli,1876,35895,63,Napoli,TAVOLA_VI_1881,OK
Novara,1876,25275,3,Novara,TAVOLA_VI_1881,OK
Padova,1876,17194,28,Padova,TAVOLA_VI_1881,OK
Palermo,1876,27164,82,Palermo,TAVOLA_VI_1881,OK
Parma,1876,9815,34,Parma,TAVOLA_VI_1881,OK
Pavia,1876,19084,18,Pavia,TAVOLA_VI_1881,OK
Perugia,1876,19811,54,Umbria,TAVOLA_VI_1881,OK
Pesaro e Urbino,1876,8334,41,Pesaro e Urbino,TAVOLA_VI_1881,OK
Piacenza,1876,8203,33,Piacenza,TAVOLA_VI_1881,OK
Pisa,1876,10259,50,Pisa,TAVOLA_VI_1881,OK
Potenza,1876,21632,76,Potenza,TAVOLA_VI_1881,OK
Ravenna,1876,7741,39,Ravenna,TAVOLA_VI_1881,OK
Reggio Calabria,1876,14518,80,Reggio di Calabria,TAVOLA_VI_1881,OK
Reggio Emilia,1876,9964,35,Reggio nell'Emilia,TAVOLA_VI_1881,OK
Roma,1876,30388,58,Roma,TAVOLA_VI_1881,OK
Rovigo,1876,10017,29,Rovigo,TAVOLA_VI_1881,OK
Salerno,1876,20473,65,Salerno,TAVOLA_VI_1881,OK
Sassari,1876,9672,90,Sassari,TAVOLA_VI_1881,OK
Siena,1876,7364,52,Siena,TAVOLA_VI_1881,OK
Siracusa,1876,13982,89,Siracusa,TAVOLA_VI_1881,OK
Sondrio,1876,4445,14,Sondrio,TAVOLA_VI_1881,OK
Teramo,1876,8883,67,Teramo,TAVOLA_VI_1881,OK
Torino,1876,34147,1,Torino,TAVOLA_VI_1881,OK
Trapani,1876,10748,81,Trapani,TAVOLA_VI_1881,OK
Treviso,1876,15743,26,Treviso,TAVOLA_VI_1881,OK
Udine,1876,18978,30,Udine,TAVOLA_VI_1881,OK
Venezia,1876,13385,27,Venezia,TAVOLA_VI_1881,OK
Verona,1876,14165,23,Verona,TAVOLA_VI_1881,OK
Vicenza,1876,16227,24,Vicenza,TAVOLA_VI_1881,OK
Agrigento,1877,13804,84,Girgenti,TAVOLA_VI_1881,OK
Alessandria,1877,24740,6,Alessandria,TAVOLA_VI_1881,OK
Ancona,1877,9443,42,Ancona,TAVOLA_VI_1881,OK
Arezzo,1877,8446,51,Arezzo,TAVOLA_VI_1881,OK
Ascoli Piceno,1877,6678,44,Ascoli Piceno,TAVOLA_VI_1881,OK
Avellino,1877,16053,64,Avellino,TAVOLA_VI_1881,OK
Bari,1877,26667,72,Bari delle Puglie,TAVOLA_VI_1881,OK
Belluno,1877,6895,25,Belluno,TAVOLA_VI_1881,OK
Benevento,1877,9567,62,Benevento,TAVOLA_VI_1881,OK
Bergamo,1877,14989,16,Bergamo,TAVOLA_VI_1881,OK
Bologna,1877,15021,37,Bologna,TAVOLA_VI_1881,OK
Brescia,1877,14666,17,Brescia,TAVOLA_VI_1881,OK
Cagliari,1877,15258,92,Cagliari,TAVOLA_VI_1881,OK
Caltanissetta,1877,11223,85,Caltanissetta,TAVOLA_VI_1881,OK
Campobasso,1877,15897,70,Campobasso,TAVOLA_VI_1881,OK
Caserta,1877,27005,61,Caserta,TAVOLA_VI_1881,OK
Catania,1877,21466,87,Catania,TAVOLA_VI_1881,OK
Catanzaro,1877,16721,79,Catanzaro,TAVOLA_VI_1881,OK
Chieti,1877,13238,69,Chieti,TAVOLA_VI_1881,OK
Como,1877,19616,13,Como,TAVOLA_VI_1881,OK
Cosenza,1877,18168,78,Cosenza,TAVOLA_VI_1881,OK
Cremona,1877,9962,19,Cremona,TAVOLA_VI_1881,OK
Cuneo,1877,22380,4,Cuneo,TAVOLA_VI_1881,OK
Ferrara,1877,8922,38,Ferrara,TAVOLA_VI_1881,OK
Firenze,1877,28914,48,Firenze,TAVOLA_VI_1881,OK
Foggia,1877,14046,71,Foggia,TAVOLA_VI_1881,OK
Forlì,1877,9296,40,Forlì,TAVOLA_VI_1881,OK
Genova,1877,25175,10,Genova,TAVOLA_VI_1881,OK
Grosseto,1877,3714,53,Grosseto,TAVOLA_VI_1881,OK
Imperia,1877,4081,8,Porto Maurizio,TAVOLA_VI_1881,OK
L'Aquila,1877,13941,66,Aquila degli Abruzzi,TAVOLA_VI_1881,OK
Lecce,1877,19578,75,Lecce,TAVOLA_VI_1881,OK
Livorno,1877,3580,49,Livorno,TAVOLA_VI_1881,OK
Lucca,1877,9840,46,Lucca,TAVOLA_VI_1881,OK
Macerata,1877,7771,43,Macerata,TAVOLA_VI_1881,OK
Mantova,1877,9745,20,Mantova,TAVOLA_VI_1881,OK
Massa-Carrara,1877,6232,45,Massa e Carrara,TAVOLA_VI_1881,OK
Messina,1877,16261,83,Messina,TAVOLA_VI_1881,OK
Milano,1877,43965,15,Milano,TAVOLA_VI_1881,OK
Modena,1877,10007,36,Modena,TAVOLA_VI_1881,OK
Napoli,1877,34714,63,Napoli,TAVOLA_VI_1881,OK
Novara,1877,24659,3,Novara,TAVOLA_VI_1881,OK
Padova,1877,13851,28,Padova,TAVOLA_VI_1881,OK
Palermo,1877,25913,82,Palermo,TAVOLA_VI_1881,OK
Parma,1877,9085,34,Parma,TAVOLA_VI_1881,OK
Pavia,1877,17231,18,Pavia,TAVOLA_VI_1881,OK
Perugia,1877,18324,54,Umbria,TAVOLA_VI_1881,OK
Pesaro e Urbino,1877,7909,41,Pesaro e Urbino,TAVOLA_VI_1881,OK
Piacenza,1877,7967,33,Piacenza,TAVOLA_VI_1881,OK
Pisa,1877,9876,50,Pisa,TAVOLA_VI_1881,OK
Potenza,1877,22584,76,Potenza,TAVOLA_VI_1881,OK
Ravenna,1877,7190,39,Ravenna,TAVOLA_VI_1881,OK
Reggio Calabria,1877,13786,80,Reggio di Calabria,TAVOLA_VI_1881,OK
Reggio Emilia,1877,8588,35,Reggio nell'Emilia,TAVOLA_VI_1881,OK
Roma,1877,29658,58,Roma,TAVOLA_VI_1881,OK
Rovigo,1877,8190,29,Rovigo,TAVOLA_VI_1881,OK
Salerno,1877,21491,65,Salerno,TAVOLA_VI_1881,OK
Sassari,1877,9718,90,Sassari,TAVOLA_VI_1881,OK
Siena,1877,7221,52,Siena,TAVOLA_VI_1881,OK
Siracusa,1877,13973,89,Siracusa,TAVOLA_VI_1881,OK
Sondrio,1877,4359,14,Sondrio,TAVOLA_VI_1881,OK
Teramo,1877,8635,67,Teramo,TAVOLA_VI_1881,OK
Torino,1877,33909,1,Torino,TAVOLA_VI_1881,OK
Trapani,1877,10279,81,Trapani,TAVOLA_VI_1881,OK
Treviso,1877,13164,26,Treviso,TAVOLA_VI_1881,OK
Udine,1877,16628,30,Udine,TAVOLA_VI_1881,OK
Venezia,1877,11602,27,Venezia,TAVOLA_VI_1881,OK
Verona,1877,12331,23,Verona,TAVOLA_VI_1881,OK
Vicenza,1877,14601,24,Vicenza,TAVOLA_VI_1881,OK
Agrigento,1878,13404,84,Girgenti,TAVOLA_VI_1881,OK
Alessandria,1878,25416,6,Alessandria,TAVOLA_VI_1881,OK
Ancona,1878,9752,42,Ancona,TAVOLA_VI_1881,OK
Arezzo,1878,7948,51,Arezzo,TAVOLA_VI_1881,OK
Ascoli Piceno,1878,6608,44,Ascoli Piceno,TAVOLA_VI_1881,OK
Avellino,1878,14301,64,Avellino,TAVOLA_VI_1881,OK
Bari,1878,27632,72,Bari delle Puglie,TAVOLA_VI_1881,OK
Belluno,1878,6694,25,Belluno,TAVOLA_VI_1881,OK
Benevento,1878,8842,62,Benevento,TAVOLA_VI_1881,OK
Bergamo,1878,15759,16,Bergamo,TAVOLA_VI_1881,OK
Bologna,1878,14372,37,Bologna,TAVOLA_VI_1881,OK
Brescia,1878,15744,17,Brescia,TAVOLA_VI_1881,OK
Cagliari,1878,14659,92,Cagliari,TAVOLA_VI_1881,OK
Caltanissetta,1878,10877,85,Caltanissetta,TAVOLA_VI_1881,OK
Campobasso,1878,14607,70,Campobasso,TAVOLA_VI_1881,OK
Caserta,1878,25500,61,Caserta,TAVOLA_VI_1881,OK
Catania,1878,20457,87,Catania,TAVOLA_VI_1881,OK
Catanzaro,1878,14832,79,Catanzaro,TAVOLA_VI_1881,OK
Chieti,1878,12822,69,Chieti,TAVOLA_VI_1881,OK
Como,1878,19595,13,Como,TAVOLA_VI_1881,OK
Cosenza,1878,16730,78,Cosenza,TAVOLA_VI_1881,OK
Cremona,1878,10108,19,Cremona,TAVOLA_VI_1881,OK
Cuneo,1878,23278,4,Cuneo,TAVOLA_VI_1881,OK
Ferrara,1878,8426,38,Ferrara,TAVOLA_VI_1881,OK
Firenze,1878,26802,48,Firenze,TAVOLA_VI_1881,OK
Foggia,1878,14173,71,Foggia,TAVOLA_VI_1881,OK
Forlì,1878,9185,40,Forlì,TAVOLA_VI_1881,OK
Genova,1878,25075,10,Genova,TAVOLA_VI_1881,OK
Grosseto,1878,3890,53,Grosseto,TAVOLA_VI_1881,OK
Imperia,1878,4230,8,Porto Maurizio,TAVOLA_VI_1881,OK
L'Aquila,1878,13949,66,Aquila degli Abruzzi,TAVOLA_VI_1881,OK
Lecce,1878,21303,75,Lecce,TAVOLA_VI_1881,OK
Livorno,1878,3408,49,Livorno,TAVOLA_VI_1881,OK
Lucca,1878,9445,46,Lucca,TAVOLA_VI_1881,OK
Macerata,1878,7883,43,Macerata,TAVOLA_VI_1881,OK
Mantova,1878,9877,20,Mantova,TAVOLA_VI_1881,OK
Massa-Carrara,1878,5921,45,Massa e Carrara,TAVOLA_VI_1881,OK
Messina,1878,15980,83,Messina,TAVOLA_VI_1881,OK
Milano,1878,44337,15,Milano,TAVOLA_VI_1881,OK
Modena,1878,9513,36,Modena,TAVOLA_VI_1881,OK
Napoli,1878,32691,63,Napoli,TAVOLA_VI_1881,OK
Novara,1878,24614,3,Novara,TAVOLA_VI_1881,OK
Padova,1878,13969,28,Padova,TAVOLA_VI_1881,OK
Palermo,1878,26383,82,Palermo,TAVOLA_VI_1881,OK
Parma,1878,8775,34,Parma,TAVOLA_VI_1881,OK
Pavia,1878,17546,18,Pavia,TAVOLA_VI_1881,OK
Perugia,1878,17839,54,Umbria,TAVOLA_VI_1881,OK
Pesaro e Urbino,1878,8096,41,Pesaro e Urbino,TAVOLA_VI_1881,OK
Piacenza,1878,7336,33,Piacenza,TAVOLA_VI_1881,OK
Pisa,1878,9211,50,Pisa,TAVOLA_VI_1881,OK
Potenza,1878,21982,76,Potenza,TAVOLA_VI_1881,OK
Ravenna,1878,6812,39,Ravenna,TAVOLA_VI_1881,OK
Reggio Calabria,1878,12250,80,Reggio di Calabria,TAVOLA_VI_1881,OK
Reggio Emilia,1878,8490,35,Reggio nell'Emilia,TAVOLA_VI_1881,OK
Roma,1878,29367,58,Roma,TAVOLA_VI_1881,OK
Rovigo,1878,8042,29,Rovigo,TAVOLA_VI_1881,OK
Salerno,1878,19237,65,Salerno,TAVOLA_VI_1881,OK
Sassari,1878,9252,90,Sassari,TAVOLA_VI_1881,OK
Siena,1878,6891,52,Siena,TAVOLA_VI_1881,OK
Siracusa,1878,13037,89,Siracusa,TAVOLA_VI_1881,OK
Sondrio,1878,4476,14,Sondrio,TAVOLA_VI_1881,OK
Teramo,1878,8408,67,Teramo,TAVOLA_VI_1881,OK
Torino,1878,34089,1,Torino,TAVOLA_VI_1881,OK
Trapani,1878,10802,81,Trapani,TAVOLA_VI_1881,OK
Treviso,1878,13684,26,Treviso,TAVOLA_VI_1881,OK
Udine,1878,17902,30,Udine,TAVOLA_VI_1881,OK
Venezia,1878,11411,27,Venezia,TAVOLA_VI_1881,OK
Verona,1878,12340,23,Verona,TAVOLA_VI_1881,OK
Vicenza,1878,15109,24,Vicenza,TAVOLA_VI_1881,OK
Agrigento,1879,13747,84,Girgenti,TAVOLA_VI_1881,OK
Alessandria,1879,26653,6,Alessandria,TAVOLA_VI_1881,OK
Ancona,1879,9793,42,Ancona,TAVOLA_VI_1881,OK
Arezzo,1879,9336,51,Arezzo,TAVOLA_VI_1881,OK
Ascoli Piceno,1879,7064,44,Ascoli Piceno,TAVOLA_VI_1881,OK
Avellino,1879,16200,64,Avellino,TAVOLA_VI_1881,OK
Bari,1879,29044,72,Bari delle Puglie,TAVOLA_VI_1881,OK
Belluno,1879,6344,25,Belluno,TAVOLA_VI_1881,OK
Benevento,1879,9846,62,Benevento,TAVOLA_VI_1881,OK
Bergamo,1879,15062,16,Bergamo,TAVOLA_VI_1881,OK
Bologna,1879,15979,37,Bologna,TAVOLA_VI_1881,OK
Brescia,1879,15462,17,Brescia,TAVOLA_VI_1881,OK
Cagliari,1879,14776,92,Cagliari,TAVOLA_VI_1881,OK
Caltanissetta,1879,11214,85,Caltanissetta,TAVOLA_VI_1881,OK
Campobasso,1879,16534,70,Campobasso,TAVOLA_VI_1881,OK
Caserta,1879,26619,61,Caserta,TAVOLA_VI_1881,OK
Catania,1879,21502,87,Catania,TAVOLA_VI_1881,OK
Catanzaro,1879,16404,79,Catanzaro,TAVOLA_VI_1881,OK
Chieti,1879,14501,69,Chieti,TAVOLA_VI_1881,OK
Como,1879,19071,13,Como,TAVOLA_VI_1881,OK
Cosenza,1879,17920,78,Cosenza,TAVOLA_VI_1881,OK
Cremona,1879,10411,19,Cremona,TAVOLA_VI_1881,OK
Cuneo,1879,23725,4,Cuneo,TAVOLA_VI_1881,OK
Ferrara,1879,9535,38,Ferrara,TAVOLA_VI_1881,OK
Firenze,1879,29379,48,Firenze,TAVOLA_VI_1881,OK
Foggia,1879,14829,71,Foggia,TAVOLA_VI_1881,OK
Forlì,1879,9984,40,Forlì,TAVOLA_VI_1881,OK
Genova,1879,26038,10,Genova,TAVOLA_VI_1881,OK
Grosseto,1879,4106,53,Grosseto,TAVOLA_VI_1881,OK
Imperia,1879,4228,8,Porto Maurizio,TAVOLA_VI_1881,OK
L'Aquila,1879,13775,66,Aquila degli Abruzzi,TAVOLA_VI_1881,OK
Lecce,1879,21056,75,Lecce,TAVOLA_VI_1881,OK
Livorno,1879,3457,49,Livorno,TAVOLA_VI_1881,OK
Lucca,1879,10457,46,Lucca,TAVOLA_VI_1881,OK
Macerata,1879,8375,43,Macerata,TAVOLA_VI_1881,OK
Mantova,1879,10518,20,Mantova,TAVOLA_VI_1881,OK
Massa-Carrara,1879,6752,45,Massa e Carrara,TAVOLA_VI_1881,OK
Messina,1879,16725,83,Messina,TAVOLA_VI_1881,OK
Milano,1879,44560,15,Milano,TAVOLA_VI_1881,OK
Modena,1879,10593,36,Modena,TAVOLA_VI_1881,OK
Napoli,1879,36185,63,Napoli,TAVOLA_VI_1881,OK
Novara,1879,25066,3,Novara,TAVOLA_VI_1881,OK
Padova,1879,15930,28,Padova,TAVOLA_VI_1881,OK
Palermo,1879,27260,82,Palermo,TAVOLA_VI_1881,OK
Parma,1879,9495,34,Parma,TAVOLA_VI_1881,OK
Pavia,1879,17960,18,Pavia,TAVOLA_VI_1881,OK
Perugia,1879,19483,54,Umbria,TAVOLA_VI_1881,OK
Pesaro e Urbino,1879,8067,41,Pesaro e Urbino,TAVOLA_VI_1881,OK
Piacenza,1879,7949,33,Piacenza,TAVOLA_VI_1881,OK
Pisa,1879,10149,50,Pisa,TAVOLA_VI_1881,OK
Potenza,1879,22587,76,Potenza,TAVOLA_VI_1881,OK
Ravenna,1879,7246,39,Ravenna,TAVOLA_VI_1881,OK
Reggio Calabria,1879,12754,80,Reggio di Calabria,TAVOLA_VI_1881,OK
Reggio Emilia,1879,9405,35,Reggio nell'Emilia,TAVOLA_VI_1881,OK
Roma,1879,30298,58,Roma,TAVOLA_VI_1881,OK
Rovigo,1879,9638,29,Rovigo,TAVOLA_VI_1881,OK
Salerno,1879,20293,65,Salerno,TAVOLA_VI_1881,OK
Sassari,1879,9869,90,Sassari,TAVOLA_VI_1881,OK
Siena,1879,7418,52,Siena,TAVOLA_VI_1881,OK
Siracusa,1879,14126,89,Siracusa,TAVOLA_VI_1881,OK
Sondrio,1879,4477,14,Sondrio,TAVOLA_VI_1881,OK
Teramo,1879,9271,67,Teramo,TAVOLA_VI_1881,OK
Torino,1879,34484,1,Torino,TAVOLA_VI_1881,OK
Trapani,1879,10796,81,Trapani,TAVOLA_VI_1881,OK
Treviso,1879,13616,26,Treviso,TAVOLA_VI_1881,OK
Udine,1879,16740,30,Udine,TAVOLA_VI_1881,OK
Venezia,1879,12179,27,Venezia,TAVOLA_VI_1881,OK
Verona,1879,13779,23,Verona,TAVOLA_VI_1881,OK
Vicenza,1879,15729,24,Vicenza,TAVOLA_VI_1881,OK
Agrigento,1880,12419,84,Girgenti,TAVOLA_VI_1881,OK
Alessandria,1880,24567,6,Alessandria,TAVOLA_VI_1881,OK
Ancona,1880,8854,42,Ancona,TAVOLA_VI_1881,OK
Arezzo,1880,7175,51,Arezzo,TAVOLA_VI_1881,OK
Ascoli Piceno,1880,6506,44,Ascoli Piceno,TAVOLA_VI_1881,OK
Avellino,1880,17019,64,Avellino,TAVOLA_VI_1881,OK
Bari,1880,28902,72,Bari delle Puglie,TAVOLA_VI_1881,OK
Belluno,1880,6479,25,Belluno,TAVOLA_VI_1881,OK
Benevento,1880,7250,62,Benevento,TAVOLA_VI_1881,OK
Bergamo,1880,14828,16,Bergamo,TAVOLA_VI_1881,OK
Bologna,1880,13907,37,Bologna,TAVOLA_VI_1881,OK
Brescia,1880,14157,17,Brescia,TAVOLA_VI_1881,OK
Cagliari,1880,14131,92,Cagliari,TAVOLA_VI_1881,OK
Caltanissetta,1880,10849,85,Caltanissetta,TAVOLA_VI_1881,OK
Campobasso,1880,12735,70,Campobasso,TAVOLA_VI_1881,OK
Caserta,1880,21221,61,Caserta,TAVOLA_VI_1881,OK
Catania,1880,20441,87,Catania,TAVOLA_VI_1881,OK
Catanzaro,1880,14520,79,Catanzaro,TAVOLA_VI_1881,OK
Chieti,1880,11457,69,Chieti,TAVOLA_VI_1881,OK
Como,1880,18720,13,Como,TAVOLA_VI_1881,OK
Cosenza,1880,15860,78,Cosenza,TAVOLA_VI_1881,OK
Cremona,1880,9106,19,Cremona,TAVOLA_VI_1881,OK
Cuneo,1880,22445,4,Cuneo,TAVOLA_VI_1881,OK
Ferrara,1880,7885,38,Ferrara,TAVOLA_VI_1881,OK
Firenze,1880,24169,48,Firenze,TAVOLA_VI_1881,OK
Foggia,1880,14007,71,Foggia,TAVOLA_VI_1881,OK
Forlì,1880,8980,40,Forlì,TAVOLA_VI_1881,OK
Genova,1880,23251,10,Genova,TAVOLA_VI_1881,OK
Grosseto,1880,3571,53,Grosseto,TAVOLA_VI_1881,OK
Imperia,1880,4014,8,Porto Maurizio,TAVOLA_VI_1881,OK
L'Aquila,1880,12783,66,Aquila degli Abruzzi,TAVOLA_VI_1881,OK
Lecce,1880,20965,75,Lecce,TAVOLA_VI_1881,OK
Livorno,1880,3298,49,Livorno,TAVOLA_VI_1881,OK
Lucca,1880,8997,46,Lucca,TAVOLA_VI_1881,OK
Macerata,1880,7449,43,Macerata,TAVOLA_VI_1881,OK
Mantova,1880,8772,20,Mantova,TAVOLA_VI_1881,OK
Massa-Carrara,1880,6079,45,Massa e Carrara,TAVOLA_VI_1881,OK
Messina,1880,15115,83,Messina,TAVOLA_VI_1881,OK
Milano,1880,42233,15,Milano,TAVOLA_VI_1881,OK
Modena,1880,9195,36,Modena,TAVOLA_VI_1881,OK
Napoli,1880,32958,63,Napoli,TAVOLA_VI_1881,OK
Novara,1880,23538,3,Novara,TAVOLA_VI_1881,OK
Padova,1880,11627,28,Padova,TAVOLA_VI_1881,OK
Palermo,1880,25579,82,Palermo,TAVOLA_VI_1881,OK
Parma,1880,8021,34,Parma,TAVOLA_VI_1881,OK
Pavia,1880,16120,18,Pavia,TAVOLA_VI_1881,OK
Perugia,1880,16431,54,Umbria,TAVOLA_VI_1881,OK
Pesaro e Urbino,1880,7784,41,Pesaro e Urbino,TAVOLA_VI_1881,OK
Piacenza,1880,6438,33,Piacenza,TAVOLA_VI_1881,OK
Pisa,1880,8935,50,Pisa,TAVOLA_VI_1881,OK
Potenza,1880,20339,76,Potenza,TAVOLA_VI_1881,OK
Ravenna,1880,6851,39,Ravenna,TAVOLA_VI_1881,OK
Reggio Calabria,1880,11970,80,Reggio di Calabria,TAVOLA_VI_1881,OK
Reggio Emilia,1880,8166,35,Reggio nell'Emilia,TAVOLA_VI_1881,OK
Roma,1880,26676,58,Roma,TAVOLA_VI_1881,OK
Rovigo,1880,7503,29,Rovigo,TAVOLA_VI_1881,OK
Salerno,1880,17976,65,Salerno,TAVOLA_VI_1881,OK
Sassari,1880,9576,90,Sassari,TAVOLA_VI_1881,OK
Siena,1880,6095,52,Siena,TAVOLA_VI_1881,OK
Siracusa,1880,12473,89,Siracusa,TAVOLA_VI_1881,OK
Sondrio,1880,4231,14,Sondrio,TAVOLA_VI_1881,OK
Teramo,1880,7582,67,Teramo,TAVOLA_VI_1881,OK
Torino,1880,33121,1,Torino,TAVOLA_VI_1881,OK
Trapani,1880,10709,81,Trapani,TAVOLA_VI_1881,OK
Treviso,1880,11675,26,Treviso,TAVOLA_VI_1881,OK
Udine,1880,16186,30,Udine,TAVOLA_VI_1881,OK
Venezia,1880,10348,27,Venezia,TAVOLA_VI_1881,OK
Verona,1880,11429,23,Verona,TAVOLA_VI_1881,OK
Vicenza,1880,12952,24,Vicenza,TAVOLA_VI_1881,OK
Agrigento,1881,14513,84,Girgenti,TAVOLA_VI_1881,OK
Alessandria,1881,28548,6,Alessandria,TAVOLA_VI_1881,OK
Ancona,1881,10179,42,Ancona,TAVOLA_VI_1881,OK
Arezzo,1881,9461,51,Arezzo,TAVOLA_VI_1881,OK
Ascoli Piceno,1881,7705,44,Ascoli Piceno,TAVOLA_VI_1881,OK
Avellino,1881,15826,64,Avellino,TAVOLA_VI_1881,OK
Bari,1881,29884,72,Bari delle Puglie,TAVOLA_VI_1881,OK
Belluno,1881,6391,25,Belluno,TAVOLA_VI_1881,OK
Benevento,1881,9982,62,Benevento,TAVOLA_VI_1881,OK
Bergamo,1881,15584,16,Bergamo,TAVOLA_VI_1881,OK
Bologna,1881,15384,37,Bologna,TAVOLA_VI_1881,OK
Brescia,1881,16069,17,Brescia,TAVOLA_VI_1881,OK
Cagliari,1881,14882,92,Cagliari,TAVOLA_VI_1881,OK
Caltanissetta,1881,12022,85,Caltanissetta,TAVOLA_VI_1881,OK
Campobasso,1881,16183,70,Campobasso,TAVOLA_VI_1881,OK
Caserta,1881,26521,61,Caserta,TAVOLA_VI_1881,OK
Catania,1881,21772,87,Catania,TAVOLA_VI_1881,OK
Catanzaro,1881,16390,79,Catanzaro,TAVOLA_VI_1881,OK
Chieti,1881,14307,69,Chieti,TAVOLA_VI_1881,OK
Como,1881,18973,13,Como,TAVOLA_VI_1881,OK
Cosenza,1881,17784,78,Cosenza,TAVOLA_VI_1881,OK
Cremona,1881,10535,19,Cremona,TAVOLA_VI_1881,OK
Cuneo,1881,24077,4,Cuneo,TAVOLA_VI_1881,OK
Ferrara,1881,9093,38,Ferrara,TAVOLA_VI_1881,OK
Firenze,1881,30235,48,Firenze,TAVOLA_VI_1881,OK
Foggia,1881,15888,71,Foggia,TAVOLA_VI_1881,OK
Forlì,1881,10514,40,Forlì,TAVOLA_VI_1881,OK
Genova,1881,25900,10,Genova,TAVOLA_VI_1881,OK
Grosseto,1881,4200,53,Grosseto,TAVOLA_VI_1881,OK
Imperia,1881,4310,8,Porto Maurizio,TAVOLA_VI_1881,OK
L'Aquila,1881,13707,66,Aquila degli Abruzzi,TAVOLA_VI_1881,OK
Lecce,1881,22351,75,Lecce,TAVOLA_VI_1881,OK
Livorno,1881,3510,49,Livorno,TAVOLA_VI_1881,OK
Lucca,1881,10304,46,Lucca,TAVOLA_VI_1881,OK
Macerata,1881,8616,43,Macerata,TAVOLA_VI_1881,OK
Mantova,1881,10192,20,Mantova,TAVOLA_VI_1881,OK
Massa-Carrara,1881,6712,45,Massa e Carrara,TAVOLA_VI_1881,OK
Messina,1881,16731,83,Messina,TAVOLA_VI_1881,OK
Milano,1881,45518,15,Milano,TAVOLA_VI_1881,OK
Modena,1881,10677,36,Modena,TAVOLA_VI_1881,OK
Napoli,1881,36056,63,Napoli,TAVOLA_VI_1881,OK
Novara,1881,24091,3,Novara,TAVOLA_VI_1881,OK
Padova,1881,15719,28,Padova,TAVOLA_VI_1881,OK
Palermo,1881,28146,82,Palermo,TAVOLA_VI_1881,OK
Parma,1881,9552,34,Parma,TAVOLA_VI_1881,OK
Pavia,1881,17774,18,Pavia,TAVOLA_VI_1881,OK
Perugia,1881,21203,54,Umbria,TAVOLA_VI_1881,OK
Pesaro e Urbino,1881,8681,41,Pesaro e Urbino,TAVOLA_VI_1881,OK
Piacenza,1881,8359,33,Piacenza,TAVOLA_VI_1881,OK
Pisa,1881,10635,50,Pisa,TAVOLA_VI_1881,OK
Potenza,1881,22959,76,Potenza,TAVOLA_VI_1881,OK
Ravenna,1881,7064,39,Ravenna,TAVOLA_VI_1881,OK
Reggio Calabria,1881,13750,80,Reggio di Calabria,TAVOLA_VI_1881,OK
Reggio Emilia,1881,9066,35,Reggio nell'Emilia,TAVOLA_VI_1881,OK
Roma,1881,31298,58,Roma,TAVOLA_VI_1881,OK
Rovigo,1881,9070,29,Rovigo,TAVOLA_VI_1881,OK
Salerno,1881,20662,65,Salerno,TAVOLA_VI_1881,OK
Sassari,1881,9958,90,Sassari,TAVOLA_VI_1881,OK
Siena,1881,7695,52,Siena,TAVOLA_VI_1881,OK
Siracusa,1881,14245,89,Siracusa,TAVOLA_VI_1881,OK
Sondrio,1881,2270,14,Sondrio,TAVOLA_VI_1881,OK
Teramo,1881,9415,67,Teramo,TAVOLA_VI_1881,OK
Torino,1881,34515,1,Torino,TAVOLA_VI_1881,OK
Trapani,1881,11989,81,Trapani,TAVOLA_VI_1881,OK
Treviso,1881,13795,26,Treviso,TAVOLA_VI_1881,OK
Udine,1881,17060,30,Udine,TAVOLA_VI_1881,OK
Venezia,1881,12727,27,Venezia,TAVOLA_VI_1881,OK
Verona,1881,13547,23,Verona,TAVOLA_VI_1881,OK
Vicenza,1881,15661,24,Vicenza,TAVOLA_VI_1881,OK
Alessandria,1901,25294,6,Alessandria,TAVOLA_I_1901,CHECK
Ancona,1901,9824,42,Ancona,TAVOLA_I_1901,OK
Aquila degli Abruzzi,1901,13960,66,Aquila degli Abruzzi,TAVOLA_I_1901,OK
Arezzo,1901,8722,51,Arezzo,TAVOLA_I_1901,OK
Ascoli Piceno,1901,7674,44,Ascoli Piceno,TAVOLA_I_1901,OK
Avellino,1901,12912,64,Avellino,TAVOLA_I_1901,OK
Bari delle Puglie,1901,29750,72,Bari delle Puglie,TAVOLA_I_1901,OK
Belluno,1901,7488,25,Belluno,TAVOLA_I_1901,OK
Benevento,1901,7941,62,Benevento,TAVOLA_I_1901,OK
Bergamo,1901,18969,16,Bergamo,TAVOLA_I_1901,OK
Bologna,1901,16035,37,Bologna,TAVOLA_I_1901,OK
Brescia,1901,18665,17,Brescia,TAVOLA_I_1901,OK
Cagliari,1901,14768,92,Cagliari,TAVOLA_I_1901,OK
Caltanissetta,1901,12750,85,Caltanissetta,TAVOLA_I_1901,OK
Campobasso,1901,11918,70,Campobasso,TAVOLA_I_1901,OK
Caserta,1901,24035,61,Caserta,TAVOLA_I_1901,OK
Catania,1901,24348,87,Catania,TAVOLA_I_1901,OK
Catanzaro,1901,15470,79,Catanzaro,TAVOLA_I_1901,OK
Chieti,1901,11726,69,Chieti,TAVOLA_I_1901,OK
Como,1901,20036,13,Como,TAVOLA_I_1901,OK
Cosenza,1901,15400,78,Cosenza,TAVOLA_I_1901,OK
Cremona,1901,10779,19,Cremona,TAVOLA_I_1901,OK
Cuneo,1901,20356,4,Cuneo,TAVOLA_I_1901,CHECK
Ferrara,1901,10374,38,Ferrara,TAVOLA_I_1901,OK
Firenze,1901,28432,48,Firenze,TAVOLA_I_1901,OK
Foggia,1901,14485,71,Foggia,TAVOLA_I_1901,OK
Forlì,1901,9610,40,Forlì,TAVOLA_I_1901,OK
Genova,1901,26371,10,Genova,TAVOLA_I_1901,OK
Girgenti,1901,14427,84,Girgenti,TAVOLA_I_1901,OK
Grosseto,1901,4418,53,Grosseto,TAVOLA_I_1901,OK
Lecce,1901,22694,75,Lecce,TAVOLA_I_1901,CHECK
Livorno,1901,3082,49,Livorno,TAVOLA_I_1901,OK
Lucca,1901,9481,46,Lucca,TAVOLA_I_1901,OK
Macerata,1901,7891,43,Macerata,TAVOLA_I_1901,OK
Mantova,1901,10288,20,Mantova,TAVOLA_I_1901,OK
Massa e Carrara,1901,7101,45,Massa e Carrara,TAVOLA_I_1901,OK
Messina,1901,16973,83,Messina,TAVOLA_I_1901,OK
Milano,1901,52389,15,Milano,TAVOLA_I_1901,OK
Modena,1901,11153,36,Modena,TAVOLA_I_1901,OK
Napoli,1901,35616,63,Napoli,TAVOLA_I_1901,OK
Novara,1901,22243,3,Novara,TAVOLA_I_1901,OK
Padova,1901,16817,28,Padova,TAVOLA_I_1901,OK
Palermo,1901,24998,82,Palermo,TAVOLA_I_1901,OK
Parma,1901,9793,34,Parma,TAVOLA_I_1901,OK
Pavia,1901,15470,18,Pavia,TAVOLA_I_1901,OK
Perugia,1901,19233,54,Umbria,TAVOLA_I_1901,OK
Pesaro e Urbino,1901,8692,41,Pesaro e Urbino,TAVOLA_I_1901,OK
Piacenza,1901,8083,33,Piacenza,TAVOLA_I_1901,OK
Pisa,1901,9890,50,Pisa,TAVOLA_I_1901,CHECK
Porto Maurizio,1901,3383,8,Porto Maurizio,TAVOLA_I_1901,OK
Potenza,1901,16928,76,Potenza,TAVOLA_I_1901,OK
Ravenna,1901,6128,39,Ravenna,TAVOLA_I_1901,OK
Reggio di Calabria,1901,14351,80,Reggio di Calabria,TAVOLA_I_1901,OK
Reggio nell'Emilia,1901,10255,35,Reggio nell'Emilia,TAVOLA_I_1901,OK
Roma,1901,33272,58,Roma,TAVOLA_I_1901,OK
Rovigo,1901,8957,29,Rovigo,TAVOLA_I_1901,OK
Salerno,1901,17039,65,Salerno,TAVOLA_I_1901,OK
Sassari,1901,9820,90,Sassari,TAVOLA_I_1901,OK
Siena,1901,6587,52,Siena,TAVOLA_I_1901,OK
Siracusa,1901,15496,89,Siracusa,TAVOLA_I_1901,OK
Sondrio,1901,3983,14,Sondrio,TAVOLA_I_1901,OK
Teramo,1901,9719,67,Teramo,TAVOLA_I_1901,OK
Torino,1901,29710,1,Torino,TAVOLA_I_1901,OK
Trapani,1901,11883,81,Trapani,TAVOLA_I_1901,CHECK
Treviso,1901,16366,26,Treviso,TAVOLA_I_1901,OK
Udine,1901,21932,30,Udine,TAVOLA_I_1901,OK
Venezia,1901,13773,27,Venezia,TAVOLA_I_1901,OK
Verona,1901,13617,23,Verona,TAVOLA_I_1901,OK
Vicenza,1901,16440,24,Vicenza,TAVOLA_I_1901,OK
Alessandria,1911,20120,6,Alessandria,TAVOLA_1911,OK
Ancona,1911,10594,42,Ancona,TAVOLA_1911,OK
Aquila degli Abruzzi,1911,12226,66,Aquila degli Abruzzi,TAVOLA_1911,OK
Arezzo,1911,8856,51,Arezzo,TAVOLA_1911,OK
Ascoli Piceno,1911,7988,44,Ascoli Piceno,TAVOLA_1911,OK
Avellino,1911,12679,64,Avellino,TAVOLA_1911,OK
Bari delle Puglie,1911,32806,72,Bari delle Puglie,TAVOLA_1911,OK
Belluno,1911,7103,25,Belluno,TAVOLA_1911,OK
Benevento,1911,7913,62,Benevento,TAVOLA_1911,OK
Bergamo,1911,22113,16,Bergamo,TAVOLA_1911,OK
Bologna,1911,17582,37,Bologna,TAVOLA_1911,OK
Brescia,1911,21329,17,Brescia,TAVOLA_1911,OK
Cagliari,1911,16597,92,Cagliari,TAVOLA_1911,OK
Caltanissetta,1911,12637,85,Caltanissetta,TAVOLA_1911,OK
Campobasso,1911,10816,70,Campobasso,TAVOLA_1911,OK
Caserta,1911,24479,61,Caserta,TAVOLA_1911,OK
Catania,1911,24274,87,Catania,TAVOLA_1911,OK
Catanzaro,1911,15673,79,Catanzaro,TAVOLA_1911,OK
Chieti,1911,10681,69,Chieti,TAVOLA_1911,OK
Como,1911,19097,13,Como,TAVOLA_1911,OK
Cosenza,1911,16290,78,Cosenza,TAVOLA_1911,CHECK
Cremona,1911,10907,19,Cremona,TAVOLA_1911,OK
Cuneo,1911,18134,4,Cuneo,TAVOLA_1911,OK
Ferrara,1911,11937,38,Ferrara,TAVOLA_1911,OK
Firenze,1911,26587,48,Firenze,TAVOLA_1911,CHECK
Foggia,1911,16615,71,Foggia,TAVOLA_1911,OK
Forlì,1911,10956,40,Forlì,TAVOLA_1911,OK
Genova,1911,26223,10,Genova,TAVOLA_1911,OK
Girgenti,1911,14368,84,Girgenti,TAVOLA_1911,OK
Grosseto,1911,4555,53,Grosseto,TAVOLA_1911,CHECK
Lecco,1911,28518,75,Lecce,TAVOLA_1911,OK
Livorno,1911,3330,49,Livorno,TAVOLA_1911,OK
Lucca,1911,9084,46,Lucca,TAVOLA_1911,OK
Macerata,1911,8224,43,Macerata,TAVOLA_1911,OK
Mantova,1911,11388,20,Mantova,TAVOLA_1911,OK
Massa e Carrara,1911,7213,45,Massa e Carrara,TAVOLA_1911,OK
Messina,1911,16210,83,Messina,TAVOLA_1911,OK
Milano,1911,55618,15,Milano,TAVOLA_1911,OK
Modena,1911,13027,36,Modena,TAVOLA_1911,OK
Napoli,1911,39316,63,Napoli,TAVOLA_1911,OK
Novara,1911,17071,3,Novara,TAVOLA_1911,OK
Padova,1911,19740,28,Padova,TAVOLA_1911,OK
Palermo,1911,25016,82,Palermo,TAVOLA_1911,OK
Parma,1911,10785,34,Parma,TAVOLA_1911,CHECK
Pavia,1911,12620,18,Pavia,TAVOLA_1911,OK
Perugia,1911,20666,54,Umbria,TAVOLA_1911,OK
Pesaro e Urbino,1911,8950,41,Pesaro e Urbino,TAVOLA_1911,OK
Piacenza,1911,8333,33,Piacenza,TAVOLA_1911,OK
Pisa,1911,9343,50,Pisa,TAVOLA_1911,OK
Porto Maurizio,1911,3032,8,Porto Maurizio,TAVOLA_1911,OK
Potenza,1911,16884,76,Potenza,TAVOLA_1911,OK
Ravenna,1911,6869,39,Ravenna,TAVOLA_1911,OK
Reggio di Calabria,1911,16236,80,Reggio di Calabria,TAVOLA_1911,OK
Reggio nell'Emilia,1911,11890,35,Reggio nell'Emilia,TAVOLA_1911,OK
Roma,1911,38867,58,Roma,TAVOLA_1911,OK
Rovigo,1911,10200,29,Rovigo,TAVOLA_1911,OK
Salerno,1911,17775,65,Salerno,TAVOLA_1911,OK
Sassari,1911,10685,90,Sassari,TAVOLA_1911,OK
Siena,1911,6553,52,Siena,TAVOLA_1911,OK
Siracusa,1911,15523,89,Siracusa,TAVOLA_1911,CHECK
Sondrio,1911,4218,14,Sondrio,TAVOLA_1911,OK
Teramo,1911,9192,67,Teramo,TAVOLA_1911,OK
Torino,1911,25932,1,Torino,TAVOLA_1911,OK
Trapani,1911,10584,81,Trapani,TAVOLA_1911,OK
Treviso,1911,18706,26,Treviso,TAVOLA_1911,OK
Udine,1911,24613,30,Udine,TAVOLA_1911,OK
Venezia,1911,17131,27,Venezia,TAVOLA_1911,OK
Verona,1911,14964,23,Verona,TAVOLA_1911,OK
Vicenza,1911,18034,24,Vicenza,TAVOLA_1911,OK
Alessandria,1921,16226,6,Alessandria,TAVOLA_I_1921,OK
Ancona,1921,10597,42,Ancona,TAVOLA_I_1921,OK
Aquila degli Abruzzi,1921,13877,66,Aquila degli Abruzzi,TAVOLA_I_1921,OK
Arezzo,1921,9930,51,Arezzo,TAVOLA_I_1921,OK
Ascoli Piceno,1921,8589,44,Ascoli Piceno,TAVOLA_I_1921,OK
Avellino,1921,14797,64,Avellino,TAVOLA_I_1921,OK
Bari delle Puglie,1921,33083,72,Bari delle Puglie,TAVOLA_I_1921,OK
Belluno,1921,8476,25,Belluno,TAVOLA_I_1921,OK
Benevento,1921,9082,62,Benevento,TAVOLA_I_1921,OK
Bergamo,1921,23130,16,Bergamo,TAVOLA_I_1921,OK
Bologna,1921,17286,37,Bologna,TAVOLA_I_1921,OK
Brescia,1921,22379,17,Brescia,TAVOLA_I_1921,OK
Cagliari,1921,16261,92,Cagliari,TAVOLA_I_1921,OK
Caltanissetta,1921,10642,85,Caltanissetta,TAVOLA_I_1921,OK
Campobasso,1921,12205,70,Campobasso,TAVOLA_I_1921,OK
Caserta,1921,29635,61,Caserta,TAVOLA_I_1921,OK
Catania,1921,23957,87,Catania,TAVOLA_I_1921,OK
Catanzaro,1921,19521,79,Catanzaro,TAVOLA_I_1921,OK
Chieti,1921,13530,69,Chieti,TAVOLA_I_1921,OK
Como,1921,15918,13,Como,TAVOLA_I_1921,OK
Cosenza,1921,18342,78,Cosenza,TAVOLA_I_1921,OK
Cremona,1921,10216,19,Cremona,TAVOLA_I_1921,OK
Cuneo,1921,15339,4,Cuneo,TAVOLA_I_1921,OK
Ferrara,1921,12509,38,Ferrara,TAVOLA_I_1921,OK
Firenze,1921,27533,48,Firenze,TAVOLA_I_1921,OK
Foggia,1921,17796,71,Foggia,TAVOLA_I_1921,OK
Forlì,1921,11596,40,Forlì,TAVOLA_I_1921,OK
Genova,1921,25060,10,Genova,TAVOLA_I_1921,OK
Girgenti,1921,12123,84,Girgenti,TAVOLA_I_1921,OK
Grosseto,1921,5259,53,Grosseto,TAVOLA_I_1921,OK
Lecce,1921,31563,75,Lecce,TAVOLA_I_1921,OK
Livorno,1921,3478,49,Livorno,TAVOLA_I_1921,OK
Lucca,1921,9618,46,Lucca,TAVOLA_I_1921,OK
Macerata,1921,8545,43,Macerata,TAVOLA_I_1921,OK
Mantova,1921,11390,20,Mantova,TAVOLA_I_1921,OK
Massa e Carrara,1921,8053,45,Massa e Carrara,TAVOLA_I_1921,OK
Messina,1921,16869,83,Messina,TAVOLA_I_1921,OK
Milano,1921,46982,15,Milano,TAVOLA_I_1921,OK
Modena,1921,13648,36,Modena,TAVOLA_I_1921,OK
Napoli,1921,46557,63,Napoli,TAVOLA_I_1921,OK
Novara,1921,13565,3,Novara,TAVOLA_I_1921,OK
Padova,1921,20192,28,Padova,TAVOLA_I_1921,OK
Palermo,1921,23473,82,Palermo,TAVOLA_I_1921,OK
Parma,1921,9912,34,Parma,TAVOLA_I_1921,OK
Pavia,1921,9664,18,Pavia,TAVOLA_I_1921,OK
Perugia,1921,24812,54,Umbria,TAVOLA_I_1921,OK
Pesaro e Urbino,1921,9665,41,Pesaro e Urbino,TAVOLA_I_1921,OK
Piacenza,1921,7417,33,Piacenza,TAVOLA_I_1921,OK
Pisa,1921,9748,50,Pisa,TAVOLA_I_1921,OK
Porto Maurizio,1921,2856,8,Porto Maurizio,TAVOLA_I_1921,OK
Potenza,1921,17750,76,Potenza,TAVOLA_I_1921,OK
Ravenna,1921,6533,39,Ravenna,TAVOLA_I_1921,OK
Reggio di Calabria,1921,16922,80,Reggio di Calabria,TAVOLA_I_1921,OK
Reggio nell' Emilia,1921,11527,35,Reggio nell'Emilia,TAVOLA_I_1921,OK
Roma,1921,45058,58,Roma,TAVOLA_I_1921,OK
Rovigo,1921,11083,29,Rovigo,TAVOLA_I_1921,OK
Salerno,1921,20646,65,Salerno,TAVOLA_I_1921,OK
Sassari,1921,9940,90,Sassari,TAVOLA_I_1921,OK
Siena,1921,7214,52,Siena,TAVOLA_I_1921,OK
Siracusa,1921,14605,89,Siracusa,TAVOLA_I_1921,OK
Sondrio,1921,4017,14,Sondrio,TAVOLA_I_1921,OK
Teramo,1921,11003,67,Teramo,TAVOLA_I_1921,OK
Torino,1921,23283,1,Torino,TAVOLA_I_1921,OK
Trapani,1921,9403,81,Trapani,TAVOLA_I_1921,OK
Treviso,1921,20066,26,Treviso,TAVOLA_I_1921,OK
Udine,1921,24773,30,Udine,TAVOLA_I_1921,OK
Venezia,1921,17938,27,Venezia,TAVOLA_I_1921,OK
Verona,1921,15323,23,Verona,TAVOLA_I_1921,OK
Vicenza,1921,18329,24,Vicenza,TAVOLA_I_1921,OK
Agrigento,1931,13019,84,Girgenti,TAVOLA_1931,OK
Alessandria,1931,11497,6,Alessandria,TAVOLA_1931,OK
Ancona,1931,8729,42,Ancona,TAVOLA_1931,OK
Aosta,1931,4026,,,TAVOLA_1931,CHECK
Aquila degli Abruzzi,1931,9911,66,Aquila degli Abruzzi,TAVOLA_1931,OK
Arezzo,1931,7582,51,Arezzo,TAVOLA_1931,CHECK
Ascoli Piceno,1931,7737,44,Ascoli Piceno,TAVOLA_1931,OK
Avellino,1931,14569,64,Avellino,TAVOLA_1931,CHECK
Barl,1931,31545,72,Bari delle Puglie,TAVOLA_1931,CHECK
Belluno,1931,4846,25,Belluno,TAVOLA_1931,OK
Benevento,1931,10548,62,Benevento,TAVOLA_1931,OK
Bergamo,1931,18811,16,Bergamo,TAVOLA_1931,OK
Bologna,1931,12644,37,Bologna,TAVOLA_1931,OK
Bolzano,1931,6440,,,TAVOLA_1931,OK
Brescia,1931,20831,17,Brescia,TAVOLA_1931,CHECK
Brindisi,1931,7562,,,TAVOLA_1931,OK
Cagliari,1931,13949,92,Cagliari,TAVOLA_1931,OK
Caltanissetta,1931,8296,85,Caltanissetta,TAVOLA_1931,OK
Campobasso,1931,11759,70,Campobasso,TAVOLA_1931,OK
Catania,1931,19184,87,Catania,TAVOLA_1931,OK
Catanzaro,1931,19241,79,Catanzaro,TAVOLA_1931,OK
Chieti,1931,10699,69,Chieti,TAVOLA_1931,OK
Como,1931,10454,13,Como,TAVOLA_1931,OK
Cosenza,1931,18191,78,Cosenza,TAVOLA_1931,OK
Cremona,1931,8330,19,Cremona,TAVOLA_1931,OK
Cuneo,1931,12845,4,Cuneo,TAVOLA_1931,CHECK
Enna,1931,6556,,,TAVOLA_1931,OK
Ferrara,1931,9341,38,Ferrara,TAVOLA_1931,CHECK
Firenze,1931,14076,48,Firenze,TAVOLA_1931,OK
Fiume,1931,2021,,,TAVOLA_1931,CHECK
Foggia,1931,16410,71,Foggia,TAVOLA_1931,OK
Forlì,1931,10380,40,Forlì,TAVOLA_1931,OK
Frosinone,1931,13338,,,TAVOLA_1931,OK
Genova,1931,12141,10,Genova,TAVOLA_1931,OK
Gorizia,1931,4105,,,TAVOLA_1931,OK
Grosseto,1931,3834,53,Grosseto,TAVOLA_1931,CHECK
Imperia,1931,2562,8,Porto Maurizio,TAVOLA_1931,OK
La Spezia,1931,4064,,,TAVOLA_1931,OK
Lecce,1931,16444,75,Lecce,TAVOLA_1931,CHECK
Livorno,1931,4425,49,Livorno,TAVOLA_1931,OK
Lucca,1931,6658,46,Lucca,TAVOLA_1931,OK
Macerata,1931,6991,43,Macerata,TAVOLA_1931,OK
Mantova,1931,8971,20,Mantova,TAVOLA_1931,CHECK
Massa e Carrara,1931,4673,45,Massa e Carrara,TAVOLA_1931,OK
Matera,1931,5393,,,TAVOLA_1931,OK
Messina,1931,15933,83,Messina,TAVOLA_1931,CHECK
Milano,1931,39383,15,Milano,TAVOLA_1931,CHECK
Modena,1931,10854,36,Modena,TAVOLA_1931,OK
Napoli,1931,63157,63,Napoli,TAVOLA_1931,OK
Novara,1931,6439,3,Novara,TAVOLA_1931,OK
Nuoro,1931,6089,,,TAVOLA_1931,OK
Padova,1931,13177,28,Padova,TAVOLA_1931,CHECK
Palermo,1931,23641,82,Palermo,TAVOLA_1931,OK
Parma,1931,7268,34,Parma,TAVOLA_1931,OK
Pavia,1931,7768,18,Pavia,TAVOLA_1931,CHECK
Perugia,1931,13253,54,Umbria,TAVOLA_1931,OK
Pesaro e Urbino,1931,8039,41,Pesaro e Urbino,TAVOLA_1931,OK
Pescara,1931,5599,,,TAVOLA_1931,OK
Piacenza,1931,6185,33,Piacenza,TAVOLA_1931,OK
Pisa,1931,6181,50,Pisa,TAVOLA_1931,OK
Pistoia,1931,3802,,,TAVOLA_1931,OK
Pola,1931,7113,,,TAVOLA_1931,OK
Potenza,1931,12413,76,Potenza,TAVOLA_1931,OK
Ragusa,1931,6116,,,TAVOLA_1931,OK
Ravenna,1931,4302,39,Ravenna,TAVOLA_1931,CHECK
Reggio di Calabria,1931,17010,80,Reggio di Calabria,TAVOLA_1931,OK
Reggio nell'Emilia,1931,8183,35,Reggio nell'Emilia,TAVOLA_1931,OK
Rieti,1931,4231,,,TAVOLA_1931,OK
Roma,1931,37826,58,Roma,TAVOLA_1931,OK
Rovigo,1931,10193,29,Rovigo,TAVOLA_1931,OK
Salerno,1931,21740,65,Salerno,TAVOLA_1931,OK
Sassari,1931,8048,90,Sassari,TAVOLA_1931,OK
Savona,1931,3692,,,TAVOLA_1931,OK
Siena,1931,5212,52,Siena,TAVOLA_1931,CHECK
Siracusa,1931,7238,89,Siracusa,TAVOLA_1931,OK
Sondrio,1931,3587,14,Sondrio,TAVOLA_1931,OK
Taranto,1931,9805,,,TAVOLA_1931,OK
Teramo,1931,7061,67,Teramo,TAVOLA_1931,CHECK
Terni,1931,4002,,,TAVOLA_1931,OK
Torino,1931,17311,1,Torino,TAVOLA_1931,OK
Trapani,1931,8764,81,Trapani,TAVOLA_1931,OK
Trento,1931,8032,,,TAVOLA_1931,CHECK
Treviso,1931,14770,26,Treviso,TAVOLA_1931,CHECK
Trieste,1931,5768,,,TAVOLA_1931,OK
Udine,1931,15219,30,Udine,TAVOLA_1931,OK
Varese,1931,6832,,,TAVOLA_1931,CHECK
Venezia,1931,16267,27,Venezia,TAVOLA_1931,OK
Vercelli,1931,5259,,,TAVOLA_1931,OK
Verona,1931,13005,23,Verona,TAVOLA_1931,OK
Vicenza,1931,13886,24,Vicenza,TAVOLA_1931,OK
Viterbo,1931,5236,,,TAVOLA_1931,CHECK
Zara,1931,475,,,TAVOLA_1931,OK
