year,severity,flag,unit,age,sex,value,detail
1861,WARN,SEX_RATIO,004 Cuneo,80-84,MF,1.765,"M/F outside (0.4, 1.7) (M=720, F=408)"
1861,WARN,SEX_RATIO,018 Pavia,80-84,MF,1.812,"M/F outside (0.4, 1.7) (M=424, F=234)"
1861,WARN,SEX_RATIO,039 Ravenna,70-74,MF,2.634,"M/F outside (0.4, 1.7) (M=1146, F=435)"
1861,WARN,SEX_RATIO,039 Ravenna,75-79,MF,2.134,"M/F outside (0.4, 1.7) (M=655, F=307)"
1861,WARN,SEX_RATIO,039 Ravenna,80-84,MF,1.739,"M/F outside (0.4, 1.7) (M=233, F=134)"
1861,WARN,AGE_PROFILE,039 Ravenna,70-74,F,435.0,"ratio to neighbour avg = 0.39 (bounds 0.55-1.65; possible band misallocation, double count or digit error)"
1861,WARN,SEX_RATIO,043 Macerata,20-24,MF,0.691,"M/F outside (0.7, 1.4) (M=6637, F=9601)"
1861,WARN,SEX_RATIO,043 Macerata,70-74,MF,3.315,"M/F outside (0.4, 1.7) (M=1976, F=596)"
1861,WARN,SEX_RATIO,043 Macerata,75-79,MF,2.556,"M/F outside (0.4, 1.7) (M=1334, F=522)"
1861,WARN,SEX_RATIO,043 Macerata,80-84,MF,2.087,"M/F outside (0.4, 1.7) (M=530, F=254)"
1861,WARN,AGE_PROFILE,043 Macerata,70-74,F,596.0,"ratio to neighbour avg = 0.31 (bounds 0.55-1.65; possible band misallocation, double count or digit error)"
1861,WARN,SEX_RATIO,053 Grosseto,20-24,MF,1.666,"M/F outside (0.7, 1.4) (M=6675, F=4007)"
1861,WARN,SEX_RATIO,053 Grosseto,25-29,MF,1.754,"M/F outside (0.7, 1.4) (M=6825, F=3891)"
1861,WARN,SEX_RATIO,053 Grosseto,30-34,MF,1.75,"M/F outside (0.7, 1.4) (M=4519, F=2583)"
1861,WARN,SEX_RATIO,053 Grosseto,35-39,MF,1.612,"M/F outside (0.7, 1.4) (M=4899, F=3040)"
1861,WARN,SEX_RATIO,053 Grosseto,40-44,MF,1.489,"M/F outside (0.7, 1.4) (M=2952, F=1983)"
1861,WARN,SEX_RATIO,053 Grosseto,50-54,MF,1.461,"M/F outside (0.7, 1.4) (M=1801, F=1233)"
1861,WARN,AGE_PROFILE,053 Grosseto,70-74,F,238.0,"ratio to neighbour avg = 0.53 (bounds 0.55-1.65; possible band misallocation, double count or digit error)"
1861,WARN,SEX_RATIO,061 TerradelLavoro,70-74,MF,3.537,"M/F outside (0.4, 1.7) (M=2819, F=797)"
1861,WARN,SEX_RATIO,061 TerradelLavoro,75-79,MF,2.72,"M/F outside (0.4, 1.7) (M=2241, F=824)"
1861,WARN,SEX_RATIO,061 TerradelLavoro,80-84,MF,2.497,"M/F outside (0.4, 1.7) (M=889, F=356)"
1861,WARN,AGE_PROFILE,061 TerradelLavoro,70-74,T,3616.0,"ratio to neighbour avg = 0.44 (bounds 0.55-1.65; possible band misallocation, double count or digit error)"
1861,WARN,AGE_PROFILE,061 TerradelLavoro,65-69,F,7229.0,"ratio to neighbour avg = 1.68 (bounds 0.55-1.65; possible band misallocation, double count or digit error)"
1861,WARN,AGE_PROFILE,061 TerradelLavoro,70-74,F,797.0,"ratio to neighbour avg = 0.20 (bounds 0.55-1.65; possible band misallocation, double count or digit error)"
1861,WARN,AGE_PROFILE,063 Napoli,55-59,F,19380.0,"ratio to neighbour avg = 1.66 (bounds 0.55-1.65; possible band misallocation, double count or digit error)"
1861,WARN,SEX_RATIO,064 PrincipatoUlteriore,70-74,MF,3.929,"M/F outside (0.4, 1.7) (M=1823, F=464)"
1861,WARN,SEX_RATIO,064 PrincipatoUlteriore,75-79,MF,2.666,"M/F outside (0.4, 1.7) (M=1213, F=455)"
1861,WARN,SEX_RATIO,064 PrincipatoUlteriore,80-84,MF,2.362,"M/F outside (0.4, 1.7) (M=418, F=177)"
1861,WARN,AGE_PROFILE,064 PrincipatoUlteriore,30-34,T,10053.0,"ratio to neighbour avg = 0.49 (bounds 0.55-1.65; possible band misallocation, double count or digit error)"
1861,WARN,AGE_PROFILE,064 PrincipatoUlteriore,35-39,T,30065.0,"ratio to neighbour avg = 2.03 (bounds 0.55-1.65; possible band misallocation, double count or digit error)"
1861,WARN,AGE_PROFILE,064 PrincipatoUlteriore,70-74,T,2287.0,"ratio to neighbour avg = 0.46 (bounds 0.55-1.65; possible band misallocation, double count or digit error)"
1861,WARN,AGE_PROFILE,064 PrincipatoUlteriore,30-34,M,5027.0,"ratio to neighbour avg = 0.49 (bounds 0.55-1.65; possible band misallocation, double count or digit error)"
1861,WARN,AGE_PROFILE,064 PrincipatoUlteriore,35-39,M,14390.0,"ratio to neighbour avg = 1.98 (bounds 0.55-1.65; possible band misallocation, double count or digit error)"
1861,WARN,AGE_PROFILE,064 PrincipatoUlteriore,30-34,F,5026.0,"ratio to neighbour avg = 0.50 (bounds 0.55-1.65; possible band misallocation, double count or digit error)"
1861,WARN,AGE_PROFILE,064 PrincipatoUlteriore,35-39,F,15675.0,"ratio to neighbour avg = 2.07 (bounds 0.55-1.65; possible band misallocation, double count or digit error)"
1861,WARN,AGE_PROFILE,064 PrincipatoUlteriore,65-69,F,4422.0,"ratio to neighbour avg = 1.76 (bounds 0.55-1.65; possible band misallocation, double count or digit error)"
1861,WARN,AGE_PROFILE,064 PrincipatoUlteriore,70-74,F,464.0,"ratio to neighbour avg = 0.19 (bounds 0.55-1.65; possible band misallocation, double count or digit error)"
1861,WARN,AGE_PROFILE,079 Calabria Ulteriore II,35-39,T,36140.0,"ratio to neighbour avg = 1.84 (bounds 0.55-1.65; possible band misallocation, double count or digit error)"
1861,WARN,AGE_PROFILE,079 Calabria Ulteriore II,45-49,T,24419.0,"ratio to neighbour avg = 1.74 (bounds 0.55-1.65; possible band misallocation, double count or digit error)"
1861,WARN,AGE_PROFILE,079 Calabria Ulteriore II,50-54,T,11236.0,"ratio to neighbour avg = 0.55 (bounds 0.55-1.65; possible band misallocation, double count or digit error)"
1861,WARN,AGE_PROFILE,079 Calabria Ulteriore II,55-59,T,16541.0,"ratio to neighbour avg = 1.75 (bounds 0.55-1.65; possible band misallocation, double count or digit error)"
1861,WARN,AGE_PROFILE,079 Calabria Ulteriore II,70-74,T,2510.0,"ratio to neighbour avg = 0.54 (bounds 0.55-1.65; possible band misallocation, double count or digit error)"
1861,WARN,AGE_PROFILE,079 Calabria Ulteriore II,35-39,M,17842.0,"ratio to neighbour avg = 1.81 (bounds 0.55-1.65; possible band misallocation, double count or digit error)"
1861,WARN,AGE_PROFILE,079 Calabria Ulteriore II,45-49,M,11790.0,"ratio to neighbour avg = 1.71 (bounds 0.55-1.65; possible band misallocation, double count or digit error)"
1861,WARN,AGE_PROFILE,079 Calabria Ulteriore II,55-59,M,7514.0,"ratio to neighbour avg = 1.66 (bounds 0.55-1.65; possible band misallocation, double count or digit error)"
1861,WARN,AGE_PROFILE,079 Calabria Ulteriore II,35-39,F,18298.0,"ratio to neighbour avg = 1.87 (bounds 0.55-1.65; possible band misallocation, double count or digit error)"
1861,WARN,AGE_PROFILE,079 Calabria Ulteriore II,40-44,F,8427.0,"ratio to neighbour avg = 0.54 (bounds 0.55-1.65; possible band misallocation, double count or digit error)"
1861,WARN,AGE_PROFILE,079 Calabria Ulteriore II,45-49,F,12629.0,"ratio to neighbour avg = 1.77 (bounds 0.55-1.65; possible band misallocation, double count or digit error)"
1861,WARN,AGE_PROFILE,079 Calabria Ulteriore II,50-54,F,5851.0,"ratio to neighbour avg = 0.54 (bounds 0.55-1.65; possible band misallocation, double count or digit error)"
1861,WARN,AGE_PROFILE,079 Calabria Ulteriore II,55-59,F,9027.0,"ratio to neighbour avg = 1.83 (bounds 0.55-1.65; possible band misallocation, double count or digit error)"
1861,WARN,AGE_PROFILE,079 Calabria Ulteriore II,70-74,F,1266.0,"ratio to neighbour avg = 0.50 (bounds 0.55-1.65; possible band misallocation, double count or digit error)"
1861,WARN,SEX_RATIO,080 Calabria Ulteriore I,30-34,MF,1.76,"M/F outside (0.7, 1.4) (M=16014, F=9099)"
1861,WARN,AGE_PROFILE,080 Calabria Ulteriore I,45-49,T,19798.0,"ratio to neighbour avg = 1.67 (bounds 0.55-1.65; possible band misallocation, double count or digit error)"
1861,WARN,AGE_PROFILE,080 Calabria Ulteriore I,55-59,T,14096.0,"ratio to neighbour avg = 1.81 (bounds 0.55-1.65; possible band misallocation, double count or digit error)"
1861,WARN,AGE_PROFILE,080 Calabria Ulteriore I,55-59,M,6513.0,"ratio to neighbour avg = 1.71 (bounds 0.55-1.65; possible band misallocation, double count or digit error)"
1861,WARN,AGE_PROFILE,080 Calabria Ulteriore I,35-39,F,14911.0,"ratio to neighbour avg = 1.87 (bounds 0.55-1.65; possible band misallocation, double count or digit error)"
1861,WARN,AGE_PROFILE,080 Calabria Ulteriore I,40-44,F,6889.0,"ratio to neighbour avg = 0.55 (bounds 0.55-1.65; possible band misallocation, double count or digit error)"
1861,WARN,AGE_PROFILE,080 Calabria Ulteriore I,45-49,F,10197.0,"ratio to neighbour avg = 1.72 (bounds 0.55-1.65; possible band misallocation, double count or digit error)"
1861,WARN,AGE_PROFILE,080 Calabria Ulteriore I,55-59,F,7583.0,"ratio to neighbour avg = 1.90 (bounds 0.55-1.65; possible band misallocation, double count or digit error)"
1861,WARN,AGE_PROFILE,081 Trapani,70-74,T,1619.0,"ratio to neighbour avg = 0.51 (bounds 0.55-1.65; possible band misallocation, double count or digit error)"
1861,WARN,AGE_PROFILE,081 Trapani,75-79,T,2048.0,"ratio to neighbour avg = 1.99 (bounds 0.55-1.65; possible band misallocation, double count or digit error)"
1861,WARN,AGE_PROFILE,081 Trapani,70-74,M,742.0,"ratio to neighbour avg = 0.54 (bounds 0.55-1.65; possible band misallocation, double count or digit error)"
1861,WARN,AGE_PROFILE,081 Trapani,75-79,M,870.0,"ratio to neighbour avg = 1.83 (bounds 0.55-1.65; possible band misallocation, double count or digit error)"
1861,WARN,AGE_PROFILE,081 Trapani,45-49,F,6830.0,"ratio to neighbour avg = 1.66 (bounds 0.55-1.65; possible band misallocation, double count or digit error)"
1861,WARN,AGE_PROFILE,081 Trapani,50-54,F,3092.0,"ratio to neighbour avg = 0.54 (bounds 0.55-1.65; possible band misallocation, double count or digit error)"
1861,WARN,AGE_PROFILE,081 Trapani,55-59,F,4581.0,"ratio to neighbour avg = 1.77 (bounds 0.55-1.65; possible band misallocation, double count or digit error)"
1861,WARN,AGE_PROFILE,081 Trapani,65-69,F,2440.0,"ratio to neighbour avg = 1.65 (bounds 0.55-1.65; possible band misallocation, double count or digit error)"
1861,WARN,AGE_PROFILE,081 Trapani,70-74,F,877.0,"ratio to neighbour avg = 0.48 (bounds 0.55-1.65; possible band misallocation, double count or digit error)"
1861,WARN,AGE_PROFILE,081 Trapani,75-79,F,1178.0,"ratio to neighbour avg = 2.12 (bounds 0.55-1.65; possible band misallocation, double count or digit error)"
1861,WARN,SEX_RATIO,082 Palermo,15-19,MF,3599.714,"M/F outside (0.7, 1.4) (M=25198, F=7)"
1861,WARN,SEX_RATIO,082 Palermo,20-24,MF,399.309,"M/F outside (0.7, 1.4) (M=27153, F=68)"
1861,WARN,SEX_RATIO,082 Palermo,25-29,MF,100.979,"M/F outside (0.7, 1.4) (M=23831, F=236)"
1861,WARN,SEX_RATIO,082 Palermo,30-34,MF,4.02,"M/F outside (0.7, 1.4) (M=17340, F=4313)"
1861,WARN,AGE_PROFILE,082 Palermo,35-39,T,43343.0,"ratio to neighbour avg = 1.68 (bounds 0.55-1.65; possible band misallocation, double count or digit error)"
1861,WARN,AGE_PROFILE,082 Palermo,10-14,F,0.0,"ratio to neighbour avg = 0.00 (bounds 0.55-1.65; possible band misallocation, double count or digit error)"
1861,WARN,AGE_PROFILE,082 Palermo,15-19,F,7.0,"ratio to neighbour avg = 0.21 (bounds 0.55-1.65; possible band misallocation, double count or digit error)"
1861,WARN,AGE_PROFILE,082 Palermo,25-29,F,236.0,"ratio to neighbour avg = 0.11 (bounds 0.55-1.65; possible band misallocation, double count or digit error)"
1861,WARN,AGE_PROFILE,082 Palermo,30-34,F,4313.0,"ratio to neighbour avg = 0.39 (bounds 0.55-1.65; possible band misallocation, double count or digit error)"
1861,WARN,AGE_PROFILE,082 Palermo,35-39,F,21726.0,"ratio to neighbour avg = 2.29 (bounds 0.55-1.65; possible band misallocation, double count or digit error)"
1861,WARN,AGE_PROFILE,083 Messina,35-39,T,33775.0,"ratio to neighbour avg = 1.66 (bounds 0.55-1.65; possible band misallocation, double count or digit error)"
1861,WARN,AGE_PROFILE,083 Messina,70-74,T,2940.0,"ratio to neighbour avg = 0.51 (bounds 0.55-1.65; possible band misallocation, double count or digit error)"
1861,WARN,AGE_PROFILE,083 Messina,75-79,T,3281.0,"ratio to neighbour avg = 1.76 (bounds 0.55-1.65; possible band misallocation, double count or digit error)"
1861,WARN,AGE_PROFILE,083 Messina,35-39,F,16823.0,"ratio to neighbour avg = 1.68 (bounds 0.55-1.65; possible band misallocation, double count or digit error)"
1861,WARN,AGE_PROFILE,083 Messina,45-49,F,12936.0,"ratio to neighbour avg = 1.68 (bounds 0.55-1.65; possible band misallocation, double count or digit error)"
1861,WARN,AGE_PROFILE,083 Messina,55-59,F,8676.0,"ratio to neighbour avg = 1.77 (bounds 0.55-1.65; possible band misallocation, double count or digit error)"
1861,WARN,AGE_PROFILE,083 Messina,60-64,F,3509.0,"ratio to neighbour avg = 0.54 (bounds 0.55-1.65; possible band misallocation, double count or digit error)"
1861,WARN,AGE_PROFILE,083 Messina,65-69,F,4340.0,"ratio to neighbour avg = 1.79 (bounds 0.55-1.65; possible band misallocation, double count or digit error)"
1861,WARN,AGE_PROFILE,083 Messina,70-74,F,1334.0,"ratio to neighbour avg = 0.44 (bounds 0.55-1.65; possible band misallocation, double count or digit error)"
1861,WARN,AGE_PROFILE,083 Messina,75-79,F,1687.0,"ratio to neighbour avg = 1.99 (bounds 0.55-1.65; possible band misallocation, double count or digit error)"
1861,WARN,SEX_RATIO,084 Girgenti,15-19,MF,10640.0,"M/F outside (0.7, 1.4) (M=10640, F=1)"
1861,WARN,SEX_RATIO,084 Girgenti,20-24,MF,396.963,"M/F outside (0.7, 1.4) (M=10718, F=27)"
1861,WARN,SEX_RATIO,084 Girgenti,25-29,MF,140.211,"M/F outside (0.7, 1.4) (M=10656, F=76)"
1861,WARN,SEX_RATIO,084 Girgenti,30-34,MF,3.802,"M/F outside (0.7, 1.4) (M=7008, F=1843)"
1861,WARN,AGE_PROFILE,084 Girgenti,30-34,T,8851.0,"ratio to neighbour avg = 0.42 (bounds 0.55-1.65; possible band misallocation, double count or digit error)"
1861,WARN,AGE_PROFILE,084 Girgenti,70-74,T,1436.0,"ratio to neighbour avg = 0.11 (bounds 0.55-1.65; possible band misallocation, double count or digit error)"
1861,WARN,AGE_PROFILE,084 Girgenti,75-79,T,1976.0,"ratio to neighbour avg = 2.13 (bounds 0.55-1.65; possible band misallocation, double count or digit error)"
1861,WARN,AGE_PROFILE,084 Girgenti,30-34,M,7008.0,"ratio to neighbour avg = 0.52 (bounds 0.55-1.65; possible band misallocation, double count or digit error)"
1861,WARN,AGE_PROFILE,084 Girgenti,70-74,M,723.0,"ratio to neighbour avg = 0.13 (bounds 0.55-1.65; possible band misallocation, double count or digit error)"
1861,WARN,AGE_PROFILE,084 Girgenti,75-79,M,793.0,"ratio to neighbour avg = 1.71 (bounds 0.55-1.65; possible band misallocation, double count or digit error)"
1861,WARN,AGE_PROFILE,084 Girgenti,10-14,F,0.0,"ratio to neighbour avg = 0.00 (bounds 0.55-1.65; possible band misallocation, double count or digit error)"
1861,WARN,AGE_PROFILE,084 Girgenti,15-19,F,1.0,"ratio to neighbour avg = 0.07 (bounds 0.55-1.65; possible band misallocation, double count or digit error)"
1861,WARN,AGE_PROFILE,084 Girgenti,25-29,F,76.0,"ratio to neighbour avg = 0.08 (bounds 0.55-1.65; possible band misallocation, double count or digit error)"
1861,WARN,AGE_PROFILE,084 Girgenti,30-34,F,1843.0,"ratio to neighbour avg = 0.24 (bounds 0.55-1.65; possible band misallocation, double count or digit error)"
1861,WARN,AGE_PROFILE,084 Girgenti,50-54,F,35330.0,"ratio to neighbour avg = 1.65 (bounds 0.55-1.65; possible band misallocation, double count or digit error)"
1861,WARN,AGE_PROFILE,084 Girgenti,70-74,F,713.0,"ratio to neighbour avg = 0.10 (bounds 0.55-1.65; possible band misallocation, double count or digit error)"
1861,WARN,AGE_PROFILE,084 Girgenti,75-79,F,1183.0,"ratio to neighbour avg = 2.53 (bounds 0.55-1.65; possible band misallocation, double count or digit error)"
1861,WARN,SEX_RATIO,085 Caltanissetta,20-24,MF,2.349,"M/F outside (0.7, 1.4) (M=7878, F=3354)"
1861,WARN,SEX_RATIO,085 Caltanissetta,25-29,MF,1.812,"M/F outside (0.7, 1.4) (M=4217, F=2327)"
1861,WARN,SEX_RATIO,085 Caltanissetta,30-34,MF,1.526,"M/F outside (0.7, 1.4) (M=3661, F=2399)"
1861,WARN,AGE_PROFILE,085 Caltanissetta,30-34,T,6060.0,"ratio to neighbour avg = 0.47 (bounds 0.55-1.65; possible band misallocation, double count or digit error)"
1861,WARN,AGE_PROFILE,085 Caltanissetta,35-39,T,19491.0,"ratio to neighbour avg = 2.32 (bounds 0.55-1.65; possible band misallocation, double count or digit error)"
1861,WARN,AGE_PROFILE,085 Caltanissetta,55-59,T,8245.0,"ratio to neighbour avg = 1.75 (bounds 0.55-1.65; possible band misallocation, double count or digit error)"
1861,WARN,AGE_PROFILE,085 Caltanissetta,60-64,T,3067.0,"ratio to neighbour avg = 0.53 (bounds 0.55-1.65; possible band misallocation, double count or digit error)"
1861,WARN,AGE_PROFILE,085 Caltanissetta,70-74,T,1080.0,"ratio to neighbour avg = 0.45 (bounds 0.55-1.65; possible band misallocation, double count or digit error)"
1861,WARN,AGE_PROFILE,085 Caltanissetta,75-79,T,1452.0,"ratio to neighbour avg = 1.96 (bounds 0.55-1.65; possible band misallocation, double count or digit error)"
1861,WARN,AGE_PROFILE,085 Caltanissetta,30-34,M,3661.0,"ratio to neighbour avg = 0.53 (bounds 0.55-1.65; possible band misallocation, double count or digit error)"
1861,WARN,AGE_PROFILE,085 Caltanissetta,35-39,M,9680.0,"ratio to neighbour avg = 2.07 (bounds 0.55-1.65; possible band misallocation, double count or digit error)"
1861,WARN,AGE_PROFILE,085 Caltanissetta,70-74,M,524.0,"ratio to neighbour avg = 0.53 (bounds 0.55-1.65; possible band misallocation, double count or digit error)"
1861,WARN,AGE_PROFILE,085 Caltanissetta,30-34,F,2399.0,"ratio to neighbour avg = 0.40 (bounds 0.55-1.65; possible band misallocation, double count or digit error)"
1861,WARN,AGE_PROFILE,085 Caltanissetta,35-39,F,9811.0,"ratio to neighbour avg = 2.64 (bounds 0.55-1.65; possible band misallocation, double count or digit error)"
1861,WARN,AGE_PROFILE,085 Caltanissetta,45-49,F,7043.0,"ratio to neighbour avg = 1.76 (bounds 0.55-1.65; possible band misallocation, double count or digit error)"
1861,WARN,AGE_PROFILE,085 Caltanissetta,50-54,F,2985.0,"ratio to neighbour avg = 0.51 (bounds 0.55-1.65; possible band misallocation, double count or digit error)"
1861,WARN,AGE_PROFILE,085 Caltanissetta,55-59,F,4623.0,"ratio to neighbour avg = 2.05 (bounds 0.55-1.65; possible band misallocation, double count or digit error)"
1861,WARN,AGE_PROFILE,085 Caltanissetta,60-64,F,1534.0,"ratio to neighbour avg = 0.47 (bounds 0.55-1.65; possible band misallocation, double count or digit error)"
1861,WARN,AGE_PROFILE,085 Caltanissetta,65-69,F,1870.0,"ratio to neighbour avg = 1.79 (bounds 0.55-1.65; possible band misallocation, double count or digit error)"
1861,WARN,AGE_PROFILE,085 Caltanissetta,70-74,F,556.0,"ratio to neighbour avg = 0.40 (bounds 0.55-1.65; possible band misallocation, double count or digit error)"
1861,WARN,AGE_PROFILE,085 Caltanissetta,75-79,F,912.0,"ratio to neighbour avg = 2.27 (bounds 0.55-1.65; possible band misallocation, double count or digit error)"
1861,WARN,AGE_PROFILE,087 Catania,55-59,T,18573.0,"ratio to neighbour avg = 1.67 (bounds 0.55-1.65; possible band misallocation, double count or digit error)"
1861,WARN,AGE_PROFILE,087 Catania,70-74,T,2937.0,"ratio to neighbour avg = 0.48 (bounds 0.55-1.65; possible band misallocation, double count or digit error)"
1861,WARN,AGE_PROFILE,087 Catania,75-79,T,3792.0,"ratio to neighbour avg = 1.97 (bounds 0.55-1.65; possible band misallocation, double count or digit error)"
1861,WARN,AGE_PROFILE,087 Catania,70-74,M,1461.0,"ratio to neighbour avg = 0.55 (bounds 0.55-1.65; possible band misallocation, double count or digit error)"
1861,WARN,AGE_PROFILE,087 Catania,75-79,M,1617.0,"ratio to neighbour avg = 1.67 (bounds 0.55-1.65; possible band misallocation, double count or digit error)"
1861,WARN,AGE_PROFILE,087 Catania,55-59,F,10385.0,"ratio to neighbour avg = 1.85 (bounds 0.55-1.65; possible band misallocation, double count or digit error)"
1861,WARN,AGE_PROFILE,087 Catania,60-64,F,3934.0,"ratio to neighbour avg = 0.52 (bounds 0.55-1.65; possible band misallocation, double count or digit error)"
1861,WARN,AGE_PROFILE,087 Catania,65-69,F,4742.0,"ratio to neighbour avg = 1.75 (bounds 0.55-1.65; possible band misallocation, double count or digit error)"
1861,WARN,AGE_PROFILE,087 Catania,70-74,F,1476.0,"ratio to neighbour avg = 0.43 (bounds 0.55-1.65; possible band misallocation, double count or digit error)"
1861,WARN,AGE_PROFILE,087 Catania,75-79,F,2175.0,"ratio to neighbour avg = 2.27 (bounds 0.55-1.65; possible band misallocation, double count or digit error)"
1861,WARN,AGE_PROFILE,089 Noto,55-59,T,9182.0,"ratio to neighbour avg = 1.67 (bounds 0.55-1.65; possible band misallocation, double count or digit error)"
1861,WARN,AGE_PROFILE,089 Noto,70-74,T,1235.0,"ratio to neighbour avg = 0.44 (bounds 0.55-1.65; possible band misallocation, double count or digit error)"
1861,WARN,AGE_PROFILE,089 Noto,75-79,T,1660.0,"ratio to neighbour avg = 2.06 (bounds 0.55-1.65; possible band misallocation, double count or digit error)"
1861,WARN,AGE_PROFILE,089 Noto,70-74,M,561.0,"ratio to neighbour avg = 0.48 (bounds 0.55-1.65; possible band misallocation, double count or digit error)"
1861,WARN,AGE_PROFILE,089 Noto,75-79,M,688.0,"ratio to neighbour avg = 1.86 (bounds 0.55-1.65; possible band misallocation, double count or digit error)"
1861,WARN,AGE_PROFILE,089 Noto,55-59,F,5245.0,"ratio to neighbour avg = 1.85 (bounds 0.55-1.65; possible band misallocation, double count or digit error)"
1861,WARN,AGE_PROFILE,089 Noto,60-64,F,2054.0,"ratio to neighbour avg = 0.55 (bounds 0.55-1.65; possible band misallocation, double count or digit error)"
1861,WARN,AGE_PROFILE,089 Noto,65-69,F,2291.0,"ratio to neighbour avg = 1.68 (bounds 0.55-1.65; possible band misallocation, double count or digit error)"
1861,WARN,AGE_PROFILE,089 Noto,70-74,F,674.0,"ratio to neighbour avg = 0.41 (bounds 0.55-1.65; possible band misallocation, double count or digit error)"
1861,WARN,AGE_PROFILE,089 Noto,75-79,F,972.0,"ratio to neighbour avg = 2.23 (bounds 0.55-1.65; possible band misallocation, double count or digit error)"
1861,WARN,AGE_PROFILE,090 Sassari,55-59,T,8570.0,"ratio to neighbour avg = 1.69 (bounds 0.55-1.65; possible band misallocation, double count or digit error)"
1861,WARN,AGE_PROFILE,090 Sassari,45-49,F,6080.0,"ratio to neighbour avg = 1.70 (bounds 0.55-1.65; possible band misallocation, double count or digit error)"
1861,WARN,AGE_PROFILE,090 Sassari,55-59,F,4461.0,"ratio to neighbour avg = 1.84 (bounds 0.55-1.65; possible band misallocation, double count or digit error)"
1861,WARN,AGE_PROFILE,092 Cagliari,55-59,T,17305.0,"ratio to neighbour avg = 1.74 (bounds 0.55-1.65; possible band misallocation, double count or digit error)"
1861,WARN,AGE_PROFILE,092 Cagliari,70-74,T,2701.0,"ratio to neighbour avg = 0.52 (bounds 0.55-1.65; possible band misallocation, double count or digit error)"
1861,WARN,AGE_PROFILE,092 Cagliari,70-74,M,1473.0,"ratio to neighbour avg = 0.54 (bounds 0.55-1.65; possible band misallocation, double count or digit error)"
1861,WARN,AGE_PROFILE,092 Cagliari,45-49,F,11454.0,"ratio to neighbour avg = 1.72 (bounds 0.55-1.65; possible band misallocation, double count or digit error)"
1861,WARN,AGE_PROFILE,092 Cagliari,55-59,F,8595.0,"ratio to neighbour avg = 1.85 (bounds 0.55-1.65; possible band misallocation, double count or digit error)"
1861,WARN,AGE_PROFILE,092 Cagliari,70-74,F,1228.0,"ratio to neighbour avg = 0.50 (bounds 0.55-1.65; possible band misallocation, double count or digit error)"
1871,WARN,SEX_RATIO,014 Sondrio,20-24,MF,0.662,"M/F outside (0.7, 1.4) (M=3395, F=5128)"
1871,WARN,SEX_RATIO,014 Sondrio,80-84,MF,1.807,"M/F outside (0.4, 1.7) (M=215, F=119)"
1871,WARN,SEX_RATIO,053 Grosseto,20-24,MF,1.503,"M/F outside (0.7, 1.4) (M=6353, F=4227)"
1871,WARN,SEX_RATIO,053 Grosseto,25-29,MF,1.606,"M/F outside (0.7, 1.4) (M=5735, F=3572)"
1871,WARN,SEX_RATIO,053 Grosseto,30-34,MF,1.579,"M/F outside (0.7, 1.4) (M=4950, F=3135)"
1871,WARN,SEX_RATIO,053 Grosseto,35-39,MF,1.626,"M/F outside (0.7, 1.4) (M=4719, F=2903)"
1871,WARN,SEX_RATIO,053 Grosseto,40-44,MF,1.518,"M/F outside (0.7, 1.4) (M=4140, F=2728)"
1871,WARN,AGE_PROFILE,061 Terra del Lavoro,75-79,T,4620.0,"ratio to neighbour avg = 0.55 (bounds 0.55-1.65; possible band misallocation, double count or digit error)"
1871,WARN,AGE_PROFILE,061 Terra del Lavoro,75-79,F,2423.0,"ratio to neighbour avg = 0.53 (bounds 0.55-1.65; possible band misallocation, double count or digit error)"
1871,WARN,AGE_PROFILE,063 Napoli,75-79,T,6646.0,"ratio to neighbour avg = 0.54 (bounds 0.55-1.65; possible band misallocation, double count or digit error)"
1871,WARN,AGE_PROFILE,063 Napoli,60-64,F,18336.0,"ratio to neighbour avg = 1.69 (bounds 0.55-1.65; possible band misallocation, double count or digit error)"
1871,WARN,AGE_PROFILE,063 Napoli,70-74,F,9684.0,"ratio to neighbour avg = 1.69 (bounds 0.55-1.65; possible band misallocation, double count or digit error)"
1871,WARN,AGE_PROFILE,063 Napoli,75-79,F,3224.0,"ratio to neighbour avg = 0.50 (bounds 0.55-1.65; possible band misallocation, double count or digit error)"
1871,ERROR,ROW_SUM,064 Principato Ulteriore,5-9,T,40436.0,male+female = 33616 != total 40436
1871,WARN,SEX_RATIO,064 Principato Ulteriore,5-9,MF,0.687,"M/F outside (0.7, 1.4) (M=13687, F=19929)"
1871,WARN,AGE_PROFILE,070 Molise,75-79,T,808.0,"ratio to neighbour avg = 0.36 (bounds 0.55-1.65; possible band misallocation, double count or digit error)"
1871,WARN,AGE_PROFILE,070 Molise,75-79,M,416.0,"ratio to neighbour avg = 0.41 (bounds 0.55-1.65; possible band misallocation, double count or digit error)"
1871,WARN,AGE_PROFILE,070 Molise,75-79,F,392.0,"ratio to neighbour avg = 0.31 (bounds 0.55-1.65; possible band misallocation, double count or digit error)"
1871,WARN,AGE_PROFILE,071 Capitanata,75-79,T,1455.0,"ratio to neighbour avg = 0.52 (bounds 0.55-1.65; possible band misallocation, double count or digit error)"
1871,WARN,AGE_PROFILE,071 Capitanata,75-79,F,826.0,"ratio to neighbour avg = 0.50 (bounds 0.55-1.65; possible band misallocation, double count or digit error)"
1871,WARN,AGE_PROFILE,078 Calabria Citeriore,75-79,F,1080.0,"ratio to neighbour avg = 0.52 (bounds 0.55-1.65; possible band misallocation, double count or digit error)"
1871,WARN,AGE_PROFILE,081 Trapani,50-54,T,13809.0,"ratio to neighbour avg = 1.71 (bounds 0.55-1.65; possible band misallocation, double count or digit error)"
1871,WARN,AGE_PROFILE,081 Trapani,55-59,T,6338.0,"ratio to neighbour avg = 0.55 (bounds 0.55-1.65; possible band misallocation, double count or digit error)"
1871,WARN,AGE_PROFILE,081 Trapani,60-64,T,9358.0,"ratio to neighbour avg = 1.96 (bounds 0.55-1.65; possible band misallocation, double count or digit error)"
1871,WARN,AGE_PROFILE,081 Trapani,65-69,T,3187.0,"ratio to neighbour avg = 0.49 (bounds 0.55-1.65; possible band misallocation, double count or digit error)"
1871,WARN,AGE_PROFILE,081 Trapani,75-79,T,1299.0,"ratio to neighbour avg = 0.50 (bounds 0.55-1.65; possible band misallocation, double count or digit error)"
1871,WARN,AGE_PROFILE,081 Trapani,50-54,M,6620.0,"ratio to neighbour avg = 1.72 (bounds 0.55-1.65; possible band misallocation, double count or digit error)"
1871,WARN,AGE_PROFILE,081 Trapani,60-64,M,4263.0,"ratio to neighbour avg = 1.85 (bounds 0.55-1.65; possible band misallocation, double count or digit error)"
1871,WARN,AGE_PROFILE,081 Trapani,65-69,M,1509.0,"ratio to neighbour avg = 0.51 (bounds 0.55-1.65; possible band misallocation, double count or digit error)"
1871,WARN,AGE_PROFILE,081 Trapani,50-54,F,7189.0,"ratio to neighbour avg = 1.71 (bounds 0.55-1.65; possible band misallocation, double count or digit error)"
1871,WARN,AGE_PROFILE,081 Trapani,55-59,F,3246.0,"ratio to neighbour avg = 0.53 (bounds 0.55-1.65; possible band misallocation, double count or digit error)"
1871,WARN,AGE_PROFILE,081 Trapani,60-64,F,5095.0,"ratio to neighbour avg = 2.07 (bounds 0.55-1.65; possible band misallocation, double count or digit error)"
1871,WARN,AGE_PROFILE,081 Trapani,65-69,F,1678.0,"ratio to neighbour avg = 0.48 (bounds 0.55-1.65; possible band misallocation, double count or digit error)"
1871,WARN,AGE_PROFILE,081 Trapani,70-74,F,1954.0,"ratio to neighbour avg = 1.68 (bounds 0.55-1.65; possible band misallocation, double count or digit error)"
1871,WARN,AGE_PROFILE,081 Trapani,75-79,F,654.0,"ratio to neighbour avg = 0.44 (bounds 0.55-1.65; possible band misallocation, double count or digit error)"
1871,WARN,AGE_PROFILE,082 Palermo,60-64,F,12200.0,"ratio to neighbour avg = 1.72 (bounds 0.55-1.65; possible band misallocation, double count or digit error)"
1871,WARN,AGE_PROFILE,083 Messina,60-64,T,17146.0,"ratio to neighbour avg = 1.75 (bounds 0.55-1.65; possible band misallocation, double count or digit error)"
1871,WARN,AGE_PROFILE,083 Messina,65-69,T,6812.0,"ratio to neighbour avg = 0.54 (bounds 0.55-1.65; possible band misallocation, double count or digit error)"
1871,WARN,AGE_PROFILE,083 Messina,75-79,T,2977.0,"ratio to neighbour avg = 0.53 (bounds 0.55-1.65; possible band misallocation, double count or digit error)"
1871,WARN,AGE_PROFILE,083 Messina,60-64,M,8452.0,"ratio to neighbour avg = 1.73 (bounds 0.55-1.65; possible band misallocation, double count or digit error)"
1871,WARN,AGE_PROFILE,083 Messina,60-64,F,8694.0,"ratio to neighbour avg = 1.76 (bounds 0.55-1.65; possible band misallocation, double count or digit error)"
1871,WARN,AGE_PROFILE,083 Messina,65-69,F,3325.0,"ratio to neighbour avg = 0.52 (bounds 0.55-1.65; possible band misallocation, double count or digit error)"
1871,WARN,AGE_PROFILE,083 Messina,70-74,F,4020.0,"ratio to neighbour avg = 1.69 (bounds 0.55-1.65; possible band misallocation, double count or digit error)"
1871,WARN,AGE_PROFILE,083 Messina,75-79,F,1433.0,"ratio to neighbour avg = 0.49 (bounds 0.55-1.65; possible band misallocation, double count or digit error)"
1871,WARN,AGE_PROFILE,084 Girgenti,60-64,T,10815.0,"ratio to neighbour avg = 1.70 (bounds 0.55-1.65; possible band misallocation, double count or digit error)"
1871,WARN,AGE_PROFILE,084 Girgenti,60-64,F,5752.0,"ratio to neighbour avg = 1.81 (bounds 0.55-1.65; possible band misallocation, double count or digit error)"
1871,WARN,AGE_PROFILE,085 Caltanissetta,50-54,T,12407.0,"ratio to neighbour avg = 1.79 (bounds 0.55-1.65; possible band misallocation, double count or digit error)"
1871,WARN,AGE_PROFILE,085 Caltanissetta,55-59,T,5014.0,"ratio to neighbour avg = 0.49 (bounds 0.55-1.65; possible band misallocation, double count or digit error)"
1871,WARN,AGE_PROFILE,085 Caltanissetta,60-64,T,7913.0,"ratio to neighbour avg = 2.12 (bounds 0.55-1.65; possible band misallocation, double count or digit error)"
1871,WARN,AGE_PROFILE,085 Caltanissetta,65-69,T,2451.0,"ratio to neighbour avg = 0.45 (bounds 0.55-1.65; possible band misallocation, double count or digit error)"
1871,WARN,AGE_PROFILE,085 Caltanissetta,70-74,T,2888.0,"ratio to neighbour avg = 1.76 (bounds 0.55-1.65; possible band misallocation, double count or digit error)"
1871,WARN,AGE_PROFILE,085 Caltanissetta,75-79,T,838.0,"ratio to neighbour avg = 0.40 (bounds 0.55-1.65; possible band misallocation, double count or digit error)"
1871,WARN,AGE_PROFILE,085 Caltanissetta,50-54,M,6155.0,"ratio to neighbour avg = 1.71 (bounds 0.55-1.65; possible band misallocation, double count or digit error)"
1871,WARN,AGE_PROFILE,085 Caltanissetta,55-59,M,2635.0,"ratio to neighbour avg = 0.54 (bounds 0.55-1.65; possible band misallocation, double count or digit error)"
1871,WARN,AGE_PROFILE,085 Caltanissetta,60-64,M,3605.0,"ratio to neighbour avg = 1.84 (bounds 0.55-1.65; possible band misallocation, double count or digit error)"
1871,WARN,AGE_PROFILE,085 Caltanissetta,65-69,M,1293.0,"ratio to neighbour avg = 0.53 (bounds 0.55-1.65; possible band misallocation, double count or digit error)"
1871,WARN,AGE_PROFILE,085 Caltanissetta,75-79,M,416.0,"ratio to neighbour avg = 0.47 (bounds 0.55-1.65; possible band misallocation, double count or digit error)"
1871,WARN,AGE_PROFILE,085 Caltanissetta,50-54,F,6252.0,"ratio to neighbour avg = 1.88 (bounds 0.55-1.65; possible band misallocation, double count or digit error)"
1871,WARN,AGE_PROFILE,085 Caltanissetta,55-59,F,2379.0,"ratio to neighbour avg = 0.45 (bounds 0.55-1.65; possible band misallocation, double count or digit error)"
1871,WARN,AGE_PROFILE,085 Caltanissetta,60-64,F,4308.0,"ratio to neighbour avg = 2.44 (bounds 0.55-1.65; possible band misallocation, double count or digit error)"
1871,WARN,AGE_PROFILE,085 Caltanissetta,65-69,F,1158.0,"ratio to neighbour avg = 0.39 (bounds 0.55-1.65; possible band misallocation, double count or digit error)"
1871,WARN,AGE_PROFILE,085 Caltanissetta,70-74,F,1601.0,"ratio to neighbour avg = 2.03 (bounds 0.55-1.65; possible band misallocation, double count or digit error)"
1871,WARN,AGE_PROFILE,085 Caltanissetta,75-79,F,422.0,"ratio to neighbour avg = 0.35 (bounds 0.55-1.65; possible band misallocation, double count or digit error)"
1871,WARN,AGE_PROFILE,087 Catania,60-64,T,17744.0,"ratio to neighbour avg = 1.72 (bounds 0.55-1.65; possible band misallocation, double count or digit error)"
1871,WARN,AGE_PROFILE,087 Catania,65-69,T,6869.0,"ratio to neighbour avg = 0.54 (bounds 0.55-1.65; possible band misallocation, double count or digit error)"
1871,WARN,AGE_PROFILE,087 Catania,75-79,T,2814.0,"ratio to neighbour avg = 0.51 (bounds 0.55-1.65; possible band misallocation, double count or digit error)"
1871,WARN,AGE_PROFILE,087 Catania,60-64,M,8255.0,"ratio to neighbour avg = 1.66 (bounds 0.55-1.65; possible band misallocation, double count or digit error)"
1871,WARN,AGE_PROFILE,087 Catania,60-64,F,9489.0,"ratio to neighbour avg = 1.77 (bounds 0.55-1.65; possible band misallocation, double count or digit error)"
1871,WARN,AGE_PROFILE,087 Catania,65-69,F,3600.0,"ratio to neighbour avg = 0.53 (bounds 0.55-1.65; possible band misallocation, double count or digit error)"
1871,WARN,AGE_PROFILE,087 Catania,70-74,F,4213.0,"ratio to neighbour avg = 1.66 (bounds 0.55-1.65; possible band misallocation, double count or digit error)"
1871,WARN,AGE_PROFILE,087 Catania,75-79,F,1473.0,"ratio to neighbour avg = 0.48 (bounds 0.55-1.65; possible band misallocation, double count or digit error)"
1871,WARN,AGE_PROFILE,089 Siracusa,50-54,T,16157.0,"ratio to neighbour avg = 1.80 (bounds 0.55-1.65; possible band misallocation, double count or digit error)"
1871,WARN,AGE_PROFILE,089 Siracusa,55-59,T,6319.0,"ratio to neighbour avg = 0.47 (bounds 0.55-1.65; possible band misallocation, double count or digit error)"
1871,WARN,AGE_PROFILE,089 Siracusa,60-64,T,10581.0,"ratio to neighbour avg = 2.25 (bounds 0.55-1.65; possible band misallocation, double count or digit error)"
1871,WARN,AGE_PROFILE,089 Siracusa,65-69,T,3082.0,"ratio to neighbour avg = 0.43 (bounds 0.55-1.65; possible band misallocation, double count or digit error)"
1871,WARN,AGE_PROFILE,089 Siracusa,70-74,T,3906.0,"ratio to neighbour avg = 1.88 (bounds 0.55-1.65; possible band misallocation, double count or digit error)"
1871,WARN,AGE_PROFILE,089 Siracusa,75-79,T,1070.0,"ratio to neighbour avg = 0.38 (bounds 0.55-1.65; possible band misallocation, double count or digit error)"
1871,WARN,AGE_PROFILE,089 Siracusa,50-54,M,7802.0,"ratio to neighbour avg = 1.75 (bounds 0.55-1.65; possible band misallocation, double count or digit error)"
1871,WARN,AGE_PROFILE,089 Siracusa,55-59,M,3235.0,"ratio to neighbour avg = 0.52 (bounds 0.55-1.65; possible band misallocation, double count or digit error)"
1871,WARN,AGE_PROFILE,089 Siracusa,60-64,M,4622.0,"ratio to neighbour avg = 1.97 (bounds 0.55-1.65; possible band misallocation, double count or digit error)"
1871,WARN,AGE_PROFILE,089 Siracusa,65-69,M,1456.0,"ratio to neighbour avg = 0.46 (bounds 0.55-1.65; possible band misallocation, double count or digit error)"
1871,WARN,AGE_PROFILE,089 Siracusa,70-74,M,1672.0,"ratio to neighbour avg = 1.68 (bounds 0.55-1.65; possible band misallocation, double count or digit error)"
1871,WARN,AGE_PROFILE,089 Siracusa,75-79,M,536.0,"ratio to neighbour avg = 0.46 (bounds 0.55-1.65; possible band misallocation, double count or digit error)"
1871,WARN,AGE_PROFILE,089 Siracusa,50-54,F,8355.0,"ratio to neighbour avg = 1.85 (bounds 0.55-1.65; possible band misallocation, double count or digit error)"
1871,WARN,AGE_PROFILE,089 Siracusa,55-59,F,3084.0,"ratio to neighbour avg = 0.43 (bounds 0.55-1.65; possible band misallocation, double count or digit error)"
1871,WARN,AGE_PROFILE,089 Siracusa,60-64,F,5959.0,"ratio to neighbour avg = 2.53 (bounds 0.55-1.65; possible band misallocation, double count or digit error)"
1871,WARN,AGE_PROFILE,089 Siracusa,65-69,F,1626.0,"ratio to neighbour avg = 0.40 (bounds 0.55-1.65; possible band misallocation, double count or digit error)"
1871,WARN,AGE_PROFILE,089 Siracusa,70-74,F,2234.0,"ratio to neighbour avg = 2.07 (bounds 0.55-1.65; possible band misallocation, double count or digit error)"
1871,WARN,AGE_PROFILE,089 Siracusa,75-79,F,534.0,"ratio to neighbour avg = 0.32 (bounds 0.55-1.65; possible band misallocation, double count or digit error)"
1871,WARN,AGE_PROFILE,092 Cagliari,75-79,F,1099.0,"ratio to neighbour avg = 0.54 (bounds 0.55-1.65; possible band misallocation, double count or digit error)"
1881,ERROR,ROW_SUM,013 Como,10-14,T,49812.0,male+female = 49782 != total 49812
1881,ERROR,ROW_SUM,016 Bergamo,70-74,T,5137.0,male+female = 5117 != total 5137
1881,ERROR,ROW_SUM,016 Bergamo,85+,T,171.0,male+female = 173 != total 171
1881,ERROR,ROW_SUM,039 Ravenna,80-84,T,773.0,male+female = 769 != total 773
1881,ERROR,ROW_SUM,040 Forli,75-79,T,1863.0,male+female = 1865 != total 1863
1881,ERROR,ROW_SUM,042 Ancona,85+,T,453.0,male+female = 455 != total 453
1881,ERROR,ROW_SUM,043 Macerata,70-74,T,5775.0,male+female = 5771 != total 5775
1881,WARN,SEX_RATIO,053 Grosseto,25-29,MF,1.539,"M/F outside (0.7, 1.4) (M=5757, F=3740)"
1881,WARN,SEX_RATIO,053 Grosseto,30-34,MF,1.605,"M/F outside (0.7, 1.4) (M=5819, F=3625)"
1881,ERROR,ROW_SUM,053 Grosseto,35-39,T,7641.0,male+female = 7611 != total 7641
1881,WARN,SEX_RATIO,053 Grosseto,35-39,MF,1.54,"M/F outside (0.7, 1.4) (M=4615, F=2996)"
1881,WARN,SEX_RATIO,053 Grosseto,40-44,MF,1.426,"M/F outside (0.7, 1.4) (M=4097, F=2873)"
1881,WARN,SEX_RATIO,053 Grosseto,45-49,MF,1.421,"M/F outside (0.7, 1.4) (M=3418, F=2405)"
1881,ERROR,ROW_SUM,065 Salerno,45-49,T,24360.0,male+female = 24370 != total 24360
1881,WARN,AGE_PROFILE,065 Salerno,75-79,F,2317.0,"ratio to neighbour avg = 0.53 (bounds 0.55-1.65; possible band misallocation, double count or digit error)"
1881,ERROR,ROW_SUM,066 Aquila,0,T,10107.0,male+female = 10152 != total 10107
1881,WARN,AGE_PROFILE,071 Foggia,75-79,F,935.0,"ratio to neighbour avg = 0.53 (bounds 0.55-1.65; possible band misallocation, double count or digit error)"
1881,WARN,AGE_PROFILE,072 Bari,60-64,T,26069.0,"ratio to neighbour avg = 1.78 (bounds 0.55-1.65; possible band misallocation, double count or digit error)"
1881,WARN,AGE_PROFILE,072 Bari,65-69,T,9796.0,"ratio to neighbour avg = 0.52 (bounds 0.55-1.65; possible band misallocation, double count or digit error)"
1881,WARN,AGE_PROFILE,072 Bari,70-74,T,11355.0,"ratio to neighbour avg = 1.65 (bounds 0.55-1.65; possible band misallocation, double count or digit error)"
1881,WARN,AGE_PROFILE,072 Bari,75-79,T,3941.0,"ratio to neighbour avg = 0.50 (bounds 0.55-1.65; possible band misallocation, double count or digit error)"
1881,WARN,AGE_PROFILE,072 Bari,60-64,M,12875.0,"ratio to neighbour avg = 1.80 (bounds 0.55-1.65; possible band misallocation, double count or digit error)"
1881,WARN,AGE_PROFILE,072 Bari,65-69,M,4909.0,"ratio to neighbour avg = 0.53 (bounds 0.55-1.65; possible band misallocation, double count or digit error)"
1881,WARN,AGE_PROFILE,072 Bari,75-79,M,2067.0,"ratio to neighbour avg = 0.54 (bounds 0.55-1.65; possible band misallocation, double count or digit error)"
1881,WARN,AGE_PROFILE,072 Bari,60-64,F,13194.0,"ratio to neighbour avg = 1.76 (bounds 0.55-1.65; possible band misallocation, double count or digit error)"
1881,WARN,AGE_PROFILE,072 Bari,65-69,F,4887.0,"ratio to neighbour avg = 0.52 (bounds 0.55-1.65; possible band misallocation, double count or digit error)"
1881,WARN,AGE_PROFILE,072 Bari,70-74,F,5725.0,"ratio to neighbour avg = 1.69 (bounds 0.55-1.65; possible band misallocation, double count or digit error)"
1881,WARN,AGE_PROFILE,072 Bari,75-79,F,1874.0,"ratio to neighbour avg = 0.47 (bounds 0.55-1.65; possible band misallocation, double count or digit error)"
1881,WARN,AGE_PROFILE,076 Potenza,60-64,T,23773.0,"ratio to neighbour avg = 1.81 (bounds 0.55-1.65; possible band misallocation, double count or digit error)"
1881,WARN,AGE_PROFILE,076 Potenza,65-69,T,8949.0,"ratio to neighbour avg = 0.54 (bounds 0.55-1.65; possible band misallocation, double count or digit error)"
1881,WARN,AGE_PROFILE,076 Potenza,75-79,T,3156.0,"ratio to neighbour avg = 0.51 (bounds 0.55-1.65; possible band misallocation, double count or digit error)"
1881,WARN,AGE_PROFILE,076 Potenza,60-64,M,10914.0,"ratio to neighbour avg = 1.82 (bounds 0.55-1.65; possible band misallocation, double count or digit error)"
1881,WARN,AGE_PROFILE,076 Potenza,60-64,F,12859.0,"ratio to neighbour avg = 1.80 (bounds 0.55-1.65; possible band misallocation, double count or digit error)"
1881,WARN,AGE_PROFILE,076 Potenza,65-69,F,4671.0,"ratio to neighbour avg = 0.52 (bounds 0.55-1.65; possible band misallocation, double count or digit error)"
1881,WARN,AGE_PROFILE,076 Potenza,70-74,F,5168.0,"ratio to neighbour avg = 1.66 (bounds 0.55-1.65; possible band misallocation, double count or digit error)"
1881,WARN,AGE_PROFILE,076 Potenza,75-79,F,1547.0,"ratio to neighbour avg = 0.46 (bounds 0.55-1.65; possible band misallocation, double count or digit error)"
1881,WARN,AGE_PROFILE,078 Cosenza,60-64,T,19109.0,"ratio to neighbour avg = 1.89 (bounds 0.55-1.65; possible band misallocation, double count or digit error)"
1881,WARN,AGE_PROFILE,078 Cosenza,65-69,T,6530.0,"ratio to neighbour avg = 0.50 (bounds 0.55-1.65; possible band misallocation, double count or digit error)"
1881,WARN,AGE_PROFILE,078 Cosenza,75-79,T,2170.0,"ratio to neighbour avg = 0.49 (bounds 0.55-1.65; possible band misallocation, double count or digit error)"
1881,WARN,AGE_PROFILE,078 Cosenza,60-64,M,8763.0,"ratio to neighbour avg = 1.86 (bounds 0.55-1.65; possible band misallocation, double count or digit error)"
1881,WARN,AGE_PROFILE,078 Cosenza,65-69,M,3209.0,"ratio to neighbour avg = 0.54 (bounds 0.55-1.65; possible band misallocation, double count or digit error)"
1881,WARN,AGE_PROFILE,078 Cosenza,75-79,M,1080.0,"ratio to neighbour avg = 0.54 (bounds 0.55-1.65; possible band misallocation, double count or digit error)"
1881,WARN,AGE_PROFILE,078 Cosenza,50-54,F,14421.0,"ratio to neighbour avg = 1.70 (bounds 0.55-1.65; possible band misallocation, double count or digit error)"
1881,WARN,AGE_PROFILE,078 Cosenza,60-64,F,10346.0,"ratio to neighbour avg = 1.92 (bounds 0.55-1.65; possible band misallocation, double count or digit error)"
1881,WARN,AGE_PROFILE,078 Cosenza,65-69,F,3321.0,"ratio to neighbour avg = 0.47 (bounds 0.55-1.65; possible band misallocation, double count or digit error)"
1881,WARN,AGE_PROFILE,078 Cosenza,70-74,F,3808.0,"ratio to neighbour avg = 1.73 (bounds 0.55-1.65; possible band misallocation, double count or digit error)"
1881,WARN,AGE_PROFILE,078 Cosenza,75-79,F,1090.0,"ratio to neighbour avg = 0.44 (bounds 0.55-1.65; possible band misallocation, double count or digit error)"
1881,WARN,AGE_PROFILE,079 Catanzaro,60-64,T,16995.0,"ratio to neighbour avg = 1.71 (bounds 0.55-1.65; possible band misallocation, double count or digit error)"
1881,WARN,AGE_PROFILE,079 Catanzaro,60-64,F,9195.0,"ratio to neighbour avg = 1.79 (bounds 0.55-1.65; possible band misallocation, double count or digit error)"
1881,WARN,AGE_PROFILE,079 Catanzaro,65-69,F,3399.0,"ratio to neighbour avg = 0.53 (bounds 0.55-1.65; possible band misallocation, double count or digit error)"
1881,WARN,AGE_PROFILE,079 Catanzaro,75-79,F,1133.0,"ratio to neighbour avg = 0.50 (bounds 0.55-1.65; possible band misallocation, double count or digit error)"
1881,WARN,AGE_PROFILE,080 Reggio_calabria,60-64,T,14739.0,"ratio to neighbour avg = 1.75 (bounds 0.55-1.65; possible band misallocation, double count or digit error)"
1881,WARN,AGE_PROFILE,080 Reggio_calabria,75-79,T,2119.0,"ratio to neighbour avg = 0.51 (bounds 0.55-1.65; possible band misallocation, double count or digit error)"
1881,WARN,AGE_PROFILE,080 Reggio_calabria,60-64,M,7030.0,"ratio to neighbour avg = 1.73 (bounds 0.55-1.65; possible band misallocation, double count or digit error)"
1881,WARN,AGE_PROFILE,080 Reggio_calabria,60-64,F,7709.0,"ratio to neighbour avg = 1.77 (bounds 0.55-1.65; possible band misallocation, double count or digit error)"
1881,WARN,AGE_PROFILE,080 Reggio_calabria,65-69,F,2942.0,"ratio to neighbour avg = 0.53 (bounds 0.55-1.65; possible band misallocation, double count or digit error)"
1881,WARN,AGE_PROFILE,080 Reggio_calabria,70-74,F,3325.0,"ratio to neighbour avg = 1.67 (bounds 0.55-1.65; possible band misallocation, double count or digit error)"
1881,WARN,AGE_PROFILE,080 Reggio_calabria,75-79,F,1043.0,"ratio to neighbour avg = 0.46 (bounds 0.55-1.65; possible band misallocation, double count or digit error)"
1881,WARN,AGE_PROFILE,081 Trapani,60-64,T,11660.0,"ratio to neighbour avg = 2.01 (bounds 0.55-1.65; possible band misallocation, double count or digit error)"
1881,WARN,AGE_PROFILE,081 Trapani,75-79,T,1531.0,"ratio to neighbour avg = 0.48 (bounds 0.55-1.65; possible band misallocation, double count or digit error)"
1881,WARN,AGE_PROFILE,081 Trapani,60-64,M,5172.0,"ratio to neighbour avg = 1.88 (bounds 0.55-1.65; possible band misallocation, double count or digit error)"
1881,WARN,AGE_PROFILE,081 Trapani,75-79,M,749.0,"ratio to neighbour avg = 0.52 (bounds 0.55-1.65; possible band misallocation, double count or digit error)"
1881,WARN,AGE_PROFILE,081 Trapani,60-64,F,6488.0,"ratio to neighbour avg = 2.12 (bounds 0.55-1.65; possible band misallocation, double count or digit error)"
1881,WARN,AGE_PROFILE,081 Trapani,65-69,F,2337.0,"ratio to neighbour avg = 0.52 (bounds 0.55-1.65; possible band misallocation, double count or digit error)"
1881,WARN,AGE_PROFILE,081 Trapani,75-79,F,782.0,"ratio to neighbour avg = 0.44 (bounds 0.55-1.65; possible band misallocation, double count or digit error)"
1881,WARN,AGE_PROFILE,082 Palermo,60-64,T,29630.0,"ratio to neighbour avg = 1.82 (bounds 0.55-1.65; possible band misallocation, double count or digit error)"
1881,WARN,AGE_PROFILE,082 Palermo,75-79,T,4367.0,"ratio to neighbour avg = 0.51 (bounds 0.55-1.65; possible band misallocation, double count or digit error)"
1881,WARN,AGE_PROFILE,082 Palermo,60-64,M,13890.0,"ratio to neighbour avg = 1.74 (bounds 0.55-1.65; possible band misallocation, double count or digit error)"
1881,WARN,AGE_PROFILE,082 Palermo,75-79,M,2263.0,"ratio to neighbour avg = 0.55 (bounds 0.55-1.65; possible band misallocation, double count or digit error)"
1881,WARN,AGE_PROFILE,082 Palermo,60-64,F,15740.0,"ratio to neighbour avg = 1.91 (bounds 0.55-1.65; possible band misallocation, double count or digit error)"
1881,WARN,AGE_PROFILE,082 Palermo,75-79,F,2104.0,"ratio to neighbour avg = 0.48 (bounds 0.55-1.65; possible band misallocation, double count or digit error)"
1881,WARN,AGE_PROFILE,083 Messina,60-64,T,21239.0,"ratio to neighbour avg = 1.89 (bounds 0.55-1.65; possible band misallocation, double count or digit error)"
1881,WARN,AGE_PROFILE,083 Messina,75-79,T,3055.0,"ratio to neighbour avg = 0.48 (bounds 0.55-1.65; possible band misallocation, double count or digit error)"
1881,WARN,AGE_PROFILE,083 Messina,60-64,M,10553.0,"ratio to neighbour avg = 1.87 (bounds 0.55-1.65; possible band misallocation, double count or digit error)"
1881,WARN,AGE_PROFILE,083 Messina,75-79,M,1582.0,"ratio to neighbour avg = 0.51 (bounds 0.55-1.65; possible band misallocation, double count or digit error)"
1881,WARN,AGE_PROFILE,083 Messina,60-64,F,10686.0,"ratio to neighbour avg = 1.92 (bounds 0.55-1.65; possible band misallocation, double count or digit error)"
1881,WARN,AGE_PROFILE,083 Messina,65-69,F,4165.0,"ratio to neighbour avg = 0.54 (bounds 0.55-1.65; possible band misallocation, double count or digit error)"
1881,WARN,AGE_PROFILE,083 Messina,70-74,F,4776.0,"ratio to neighbour avg = 1.69 (bounds 0.55-1.65; possible band misallocation, double count or digit error)"
1881,WARN,AGE_PROFILE,083 Messina,75-79,F,1473.0,"ratio to neighbour avg = 0.44 (bounds 0.55-1.65; possible band misallocation, double count or digit error)"
1881,WARN,AGE_PROFILE,084 Girgenti,55-59,T,7132.0,"ratio to neighbour avg = 0.51 (bounds 0.55-1.65; possible band misallocation, double count or digit error)"
1881,WARN,AGE_PROFILE,084 Girgenti,60-64,T,13322.0,"ratio to neighbour avg = 2.29 (bounds 0.55-1.65; possible band misallocation, double count or digit error)"
1881,WARN,AGE_PROFILE,084 Girgenti,65-69,T,4508.0,"ratio to neighbour avg = 0.49 (bounds 0.55-1.65; possible band misallocation, double count or digit error)"
1881,WARN,AGE_PROFILE,084 Girgenti,70-74,T,5030.0,"ratio to neighbour avg = 1.72 (bounds 0.55-1.65; possible band misallocation, double count or digit error)"
1881,WARN,AGE_PROFILE,084 Girgenti,75-79,T,1342.0,"ratio to neighbour avg = 0.40 (bounds 0.55-1.65; possible band misallocation, double count or digit error)"
1881,WARN,AGE_PROFILE,084 Girgenti,60-64,M,5831.0,"ratio to neighbour avg = 2.03 (bounds 0.55-1.65; possible band misallocation, double count or digit error)"
1881,WARN,AGE_PROFILE,084 Girgenti,75-79,M,644.0,"ratio to neighbour avg = 0.45 (bounds 0.55-1.65; possible band misallocation, double count or digit error)"
1881,WARN,AGE_PROFILE,084 Girgenti,50-54,F,8050.0,"ratio to neighbour avg = 1.75 (bounds 0.55-1.65; possible band misallocation, double count or digit error)"
1881,WARN,AGE_PROFILE,084 Girgenti,55-59,F,3630.0,"ratio to neighbour avg = 0.47 (bounds 0.55-1.65; possible band misallocation, double count or digit error)"
1881,WARN,AGE_PROFILE,084 Girgenti,60-64,F,7491.0,"ratio to neighbour avg = 2.54 (bounds 0.55-1.65; possible band misallocation, double count or digit error)"
1881,WARN,AGE_PROFILE,084 Girgenti,65-69,F,2271.0,"ratio to neighbour avg = 0.44 (bounds 0.55-1.65; possible band misallocation, double count or digit error)"
1881,WARN,AGE_PROFILE,084 Girgenti,70-74,F,2835.0,"ratio to neighbour avg = 1.91 (bounds 0.55-1.65; possible band misallocation, double count or digit error)"
1881,WARN,AGE_PROFILE,084 Girgenti,75-79,F,698.0,"ratio to neighbour avg = 0.36 (bounds 0.55-1.65; possible band misallocation, double count or digit error)"
1881,WARN,AGE_PROFILE,085 Caltanisetta,55-59,T,6123.0,"ratio to neighbour avg = 0.52 (bounds 0.55-1.65; possible band misallocation, double count or digit error)"
1881,WARN,AGE_PROFILE,085 Caltanisetta,60-64,T,10569.0,"ratio to neighbour avg = 2.20 (bounds 0.55-1.65; possible band misallocation, double count or digit error)"
1881,WARN,AGE_PROFILE,085 Caltanisetta,65-69,T,3504.0,"ratio to neighbour avg = 0.49 (bounds 0.55-1.65; possible band misallocation, double count or digit error)"
1881,WARN,AGE_PROFILE,085 Caltanisetta,75-79,T,1098.0,"ratio to neighbour avg = 0.43 (bounds 0.55-1.65; possible band misallocation, double count or digit error)"
1881,WARN,AGE_PROFILE,085 Caltanisetta,55-59,M,2974.0,"ratio to neighbour avg = 0.53 (bounds 0.55-1.65; possible band misallocation, double count or digit error)"
1881,WARN,AGE_PROFILE,085 Caltanisetta,60-64,M,4832.0,"ratio to neighbour avg = 2.03 (bounds 0.55-1.65; possible band misallocation, double count or digit error)"
1881,WARN,AGE_PROFILE,085 Caltanisetta,65-69,M,1792.0,"ratio to neighbour avg = 0.55 (bounds 0.55-1.65; possible band misallocation, double count or digit error)"
1881,WARN,AGE_PROFILE,085 Caltanisetta,75-79,M,584.0,"ratio to neighbour avg = 0.51 (bounds 0.55-1.65; possible band misallocation, double count or digit error)"
1881,WARN,AGE_PROFILE,085 Caltanisetta,55-59,F,3149.0,"ratio to neighbour avg = 0.50 (bounds 0.55-1.65; possible band misallocation, double count or digit error)"
1881,WARN,AGE_PROFILE,085 Caltanisetta,60-64,F,5737.0,"ratio to neighbour avg = 2.36 (bounds 0.55-1.65; possible band misallocation, double count or digit error)"
1881,WARN,AGE_PROFILE,085 Caltanisetta,65-69,F,1712.0,"ratio to neighbour avg = 0.44 (bounds 0.55-1.65; possible band misallocation, double count or digit error)"
1881,WARN,AGE_PROFILE,085 Caltanisetta,70-74,F,2023.0,"ratio to neighbour avg = 1.82 (bounds 0.55-1.65; possible band misallocation, double count or digit error)"
1881,WARN,AGE_PROFILE,085 Caltanisetta,75-79,F,514.0,"ratio to neighbour avg = 0.36 (bounds 0.55-1.65; possible band misallocation, double count or digit error)"
1881,WARN,AGE_PROFILE,087 Catania,50-54,T,30645.0,"ratio to neighbour avg = 1.69 (bounds 0.55-1.65; possible band misallocation, double count or digit error)"
1881,WARN,AGE_PROFILE,087 Catania,55-59,T,14661.0,"ratio to neighbour avg = 0.54 (bounds 0.55-1.65; possible band misallocation, double count or digit error)"
1881,WARN,AGE_PROFILE,087 Catania,60-64,T,23577.0,"ratio to neighbour avg = 2.09 (bounds 0.55-1.65; possible band misallocation, double count or digit error)"
1881,WARN,AGE_PROFILE,087 Catania,65-69,T,7911.0,"ratio to neighbour avg = 0.48 (bounds 0.55-1.65; possible band misallocation, double count or digit error)"
1881,WARN,AGE_PROFILE,087 Catania,70-74,T,9108.0,"ratio to neighbour avg = 1.68 (bounds 0.55-1.65; possible band misallocation, double count or digit error)"
1881,WARN,AGE_PROFILE,087 Catania,75-79,T,2929.0,"ratio to neighbour avg = 0.46 (bounds 0.55-1.65; possible band misallocation, double count or digit error)"
1881,WARN,AGE_PROFILE,087 Catania,50-54,M,14589.0,"ratio to neighbour avg = 1.66 (bounds 0.55-1.65; possible band misallocation, double count or digit error)"
1881,WARN,AGE_PROFILE,087 Catania,55-59,M,6986.0,"ratio to neighbour avg = 0.55 (bounds 0.55-1.65; possible band misallocation, double count or digit error)"
1881,WARN,AGE_PROFILE,087 Catania,60-64,M,10903.0,"ratio to neighbour avg = 2.00 (bounds 0.55-1.65; possible band misallocation, double count or digit error)"
1881,WARN,AGE_PROFILE,087 Catania,65-69,M,3920.0,"ratio to neighbour avg = 0.52 (bounds 0.55-1.65; possible band misallocation, double count or digit error)"
1881,WARN,AGE_PROFILE,087 Catania,75-79,M,1487.0,"ratio to neighbour avg = 0.52 (bounds 0.55-1.65; possible band misallocation, double count or digit error)"
1881,WARN,AGE_PROFILE,087 Catania,50-54,F,16056.0,"ratio to neighbour avg = 1.73 (bounds 0.55-1.65; possible band misallocation, double count or digit error)"
1881,WARN,AGE_PROFILE,087 Catania,55-59,F,7675.0,"ratio to neighbour avg = 0.53 (bounds 0.55-1.65; possible band misallocation, double count or digit error)"
1881,WARN,AGE_PROFILE,087 Catania,60-64,F,12674.0,"ratio to neighbour avg = 2.17 (bounds 0.55-1.65; possible band misallocation, double count or digit error)"
1881,WARN,AGE_PROFILE,087 Catania,65-69,F,3991.0,"ratio to neighbour avg = 0.45 (bounds 0.55-1.65; possible band misallocation, double count or digit error)"
1881,WARN,AGE_PROFILE,087 Catania,70-74,F,4942.0,"ratio to neighbour avg = 1.82 (bounds 0.55-1.65; possible band misallocation, double count or digit error)"
1881,WARN,AGE_PROFILE,087 Catania,75-79,F,1442.0,"ratio to neighbour avg = 0.41 (bounds 0.55-1.65; possible band misallocation, double count or digit error)"
1881,WARN,AGE_PROFILE,089 Siracusa,50-54,T,16780.0,"ratio to neighbour avg = 1.73 (bounds 0.55-1.65; possible band misallocation, double count or digit error)"
1881,WARN,AGE_PROFILE,089 Siracusa,55-59,T,7682.0,"ratio to neighbour avg = 0.50 (bounds 0.55-1.65; possible band misallocation, double count or digit error)"
1881,WARN,AGE_PROFILE,089 Siracusa,60-64,T,13840.0,"ratio to neighbour avg = 2.32 (bounds 0.55-1.65; possible band misallocation, double count or digit error)"
1881,WARN,AGE_PROFILE,089 Siracusa,65-69,T,4262.0,"ratio to neighbour avg = 0.46 (bounds 0.55-1.65; possible band misallocation, double count or digit error)"
1881,WARN,AGE_PROFILE,089 Siracusa,70-74,T,4894.0,"ratio to neighbour avg = 1.73 (bounds 0.55-1.65; possible band misallocation, double count or digit error)"
1881,WARN,AGE_PROFILE,089 Siracusa,75-79,T,1392.0,"ratio to neighbour avg = 0.41 (bounds 0.55-1.65; possible band misallocation, double count or digit error)"
1881,WARN,AGE_PROFILE,089 Siracusa,55-59,M,3875.0,"ratio to neighbour avg = 0.54 (bounds 0.55-1.65; possible band misallocation, double count or digit error)"
1881,WARN,AGE_PROFILE,089 Siracusa,60-64,M,6284.0,"ratio to neighbour avg = 2.10 (bounds 0.55-1.65; possible band misallocation, double count or digit error)"
1881,WARN,AGE_PROFILE,089 Siracusa,65-69,M,2109.0,"ratio to neighbour avg = 0.50 (bounds 0.55-1.65; possible band misallocation, double count or digit error)"
1881,WARN,AGE_PROFILE,089 Siracusa,75-79,M,698.0,"ratio to neighbour avg = 0.46 (bounds 0.55-1.65; possible band misallocation, double count or digit error)"
1881,WARN,AGE_PROFILE,089 Siracusa,50-54,F,8788.0,"ratio to neighbour avg = 1.81 (bounds 0.55-1.65; possible band misallocation, double count or digit error)"
1881,WARN,AGE_PROFILE,089 Siracusa,55-59,F,3807.0,"ratio to neighbour avg = 0.47 (bounds 0.55-1.65; possible band misallocation, double count or digit error)"
1881,WARN,AGE_PROFILE,089 Siracusa,60-64,F,7556.0,"ratio to neighbour avg = 2.54 (bounds 0.55-1.65; possible band misallocation, double count or digit error)"
1881,WARN,AGE_PROFILE,089 Siracusa,65-69,F,2153.0,"ratio to neighbour avg = 0.42 (bounds 0.55-1.65; possible band misallocation, double count or digit error)"
1881,WARN,AGE_PROFILE,089 Siracusa,70-74,F,2691.0,"ratio to neighbour avg = 1.89 (bounds 0.55-1.65; possible band misallocation, double count or digit error)"
1881,WARN,AGE_PROFILE,089 Siracusa,75-79,F,694.0,"ratio to neighbour avg = 0.36 (bounds 0.55-1.65; possible band misallocation, double count or digit error)"
1881,WARN,AGE_PROFILE,090 Sassari,75-79,T,1327.0,"ratio to neighbour avg = 0.53 (bounds 0.55-1.65; possible band misallocation, double count or digit error)"
1881,WARN,AGE_PROFILE,090 Sassari,55-59,F,2956.0,"ratio to neighbour avg = 0.55 (bounds 0.55-1.65; possible band misallocation, double count or digit error)"
1881,WARN,AGE_PROFILE,090 Sassari,60-64,F,4077.0,"ratio to neighbour avg = 1.77 (bounds 0.55-1.65; possible band misallocation, double count or digit error)"
1881,WARN,AGE_PROFILE,090 Sassari,65-69,F,1642.0,"ratio to neighbour avg = 0.55 (bounds 0.55-1.65; possible band misallocation, double count or digit error)"
1881,WARN,AGE_PROFILE,090 Sassari,70-74,F,1943.0,"ratio to neighbour avg = 1.72 (bounds 0.55-1.65; possible band misallocation, double count or digit error)"
1881,WARN,AGE_PROFILE,090 Sassari,75-79,F,621.0,"ratio to neighbour avg = 0.47 (bounds 0.55-1.65; possible band misallocation, double count or digit error)"
1881,WARN,AGE_PROFILE,092 Cagliari,75-79,F,1094.0,"ratio to neighbour avg = 0.54 (bounds 0.55-1.65; possible band misallocation, double count or digit error)"
1901,WARN,SEX_RATIO,066 Aquila,20-24,MF,0.698,"M/F outside (0.7, 1.4) (M=11399, F=16340)"
1901,WARN,SEX_RATIO,078 Cosenza,25-29,MF,0.651,"M/F outside (0.7, 1.4) (M=10876, F=16698)"
1901,WARN,SEX_RATIO,078 Cosenza,30-34,MF,0.64,"M/F outside (0.7, 1.4) (M=10209, F=15941)"
1901,WARN,SEX_RATIO,078 Cosenza,35-39,MF,0.667,"M/F outside (0.7, 1.4) (M=9192, F=13779)"
1901,WARN,SEX_RATIO,078 Cosenza,40-44,MF,0.665,"M/F outside (0.7, 1.4) (M=10149, F=15267)"
1911,WARN,SEX_RATIO,025 Belluno,15-19,MF,0.685,"M/F outside (0.7, 1.4) (M=5641, F=8232)"
1911,WARN,SEX_RATIO,025 Belluno,25-29,MF,0.577,"M/F outside (0.7, 1.4) (M=3774, F=6538)"
1911,WARN,SEX_RATIO,025 Belluno,30-34,MF,0.597,"M/F outside (0.7, 1.4) (M=3766, F=6309)"
1911,WARN,SEX_RATIO,025 Belluno,35-39,MF,0.612,"M/F outside (0.7, 1.4) (M=3564, F=5823)"
1911,WARN,SEX_RATIO,025 Belluno,40-44,MF,0.618,"M/F outside (0.7, 1.4) (M=3449, F=5580)"
1911,WARN,SEX_RATIO,025 Belluno,45-49,MF,0.657,"M/F outside (0.7, 1.4) (M=3373, F=5132)"
1911,WARN,SEX_RATIO,030 Udine,15-19,MF,0.619,"M/F outside (0.7, 1.4) (M=18954, F=30627)"
1911,WARN,SEX_RATIO,030 Udine,25-29,MF,0.604,"M/F outside (0.7, 1.4) (M=14332, F=23724)"
1911,WARN,SEX_RATIO,030 Udine,30-34,MF,0.641,"M/F outside (0.7, 1.4) (M=13369, F=20859)"
1911,WARN,SEX_RATIO,030 Udine,35-39,MF,0.677,"M/F outside (0.7, 1.4) (M=12329, F=18217)"
1911,WARN,SEX_RATIO,043 Macerata,20-24,MF,0.662,"M/F outside (0.7, 1.4) (M=7416, F=11198)"
1911,WARN,SEX_RATIO,044 Ascolipiceno,25-29,MF,0.698,"M/F outside (0.7, 1.4) (M=6932, F=9926)"
1911,WARN,SEX_RATIO,046 Lucca,20-24,MF,0.66,"M/F outside (0.7, 1.4) (M=9768, F=14791)"
1911,WARN,SEX_RATIO,046 Lucca,25-29,MF,0.695,"M/F outside (0.7, 1.4) (M=8452, F=12159)"
1911,ERROR,ROW_SUM,052 Siena,10-14,T,23520.0,male+female = 23515 != total 23520
1911,WARN,SEX_RATIO,062 Benevento,20-24,MF,0.607,"M/F outside (0.7, 1.4) (M=6677, F=11000)"
1911,WARN,SEX_RATIO,062 Benevento,25-29,MF,0.643,"M/F outside (0.7, 1.4) (M=6088, F=9471)"
1911,ERROR,ROW_SUM,063 Napoli,70-74,T,25639.0,male+female = 25632 != total 25639
1911,WARN,SEX_RATIO,064 Avellino,20-24,MF,0.656,"M/F outside (0.7, 1.4) (M=11175, F=17035)"
1911,WARN,SEX_RATIO,064 Avellino,25-29,MF,0.656,"M/F outside (0.7, 1.4) (M=9097, F=13870)"
1911,WARN,SEX_RATIO,066 Aquila,20-24,MF,0.588,"M/F outside (0.7, 1.4) (M=10712, F=18213)"
1911,WARN,SEX_RATIO,066 Aquila,25-29,MF,0.594,"M/F outside (0.7, 1.4) (M=9061, F=15265)"
1911,WARN,SEX_RATIO,066 Aquila,30-34,MF,0.655,"M/F outside (0.7, 1.4) (M=8624, F=13159)"
1911,WARN,SEX_RATIO,067 Teramo,20-24,MF,0.553,"M/F outside (0.7, 1.4) (M=7725, F=13962)"
1911,WARN,SEX_RATIO,067 Teramo,25-29,MF,0.625,"M/F outside (0.7, 1.4) (M=7573, F=12123)"
1911,WARN,SEX_RATIO,069 Chieti,20-24,MF,0.616,"M/F outside (0.7, 1.4) (M=10203, F=16563)"
1911,WARN,SEX_RATIO,069 Chieti,25-29,MF,0.58,"M/F outside (0.7, 1.4) (M=8320, F=14338)"
1911,WARN,SEX_RATIO,069 Chieti,30-34,MF,0.637,"M/F outside (0.7, 1.4) (M=7952, F=12483)"
1911,WARN,SEX_RATIO,070 Campobasso,20-24,MF,0.57,"M/F outside (0.7, 1.4) (M=8306, F=14562)"
1911,WARN,SEX_RATIO,070 Campobasso,25-29,MF,0.578,"M/F outside (0.7, 1.4) (M=7690, F=13299)"
1911,WARN,SEX_RATIO,070 Campobasso,30-34,MF,0.637,"M/F outside (0.7, 1.4) (M=7421, F=11658)"
1911,WARN,SEX_RATIO,070 Campobasso,35-39,MF,0.688,"M/F outside (0.7, 1.4) (M=7398, F=10751)"
1911,WARN,SEX_RATIO,078 Cosenza,20-24,MF,0.628,"M/F outside (0.7, 1.4) (M=13122, F=20879)"
1911,WARN,SEX_RATIO,078 Cosenza,25-29,MF,0.59,"M/F outside (0.7, 1.4) (M=9682, F=16400)"
1911,WARN,SEX_RATIO,078 Cosenza,30-34,MF,0.639,"M/F outside (0.7, 1.4) (M=9626, F=15058)"
1911,WARN,SEX_RATIO,078 Cosenza,35-39,MF,0.66,"M/F outside (0.7, 1.4) (M=8664, F=13129)"
1911,WARN,SEX_RATIO,078 Cosenza,40-44,MF,0.685,"M/F outside (0.7, 1.4) (M=9242, F=13487)"
1911,WARN,SEX_RATIO,079 Catanzaro,20-24,MF,0.66,"M/F outside (0.7, 1.4) (M=13833, F=20951)"
1911,WARN,SEX_RATIO,079 Catanzaro,25-29,MF,0.578,"M/F outside (0.7, 1.4) (M=10221, F=17690)"
1911,WARN,SEX_RATIO,079 Catanzaro,30-34,MF,0.608,"M/F outside (0.7, 1.4) (M=10209, F=16800)"
1911,WARN,SEX_RATIO,079 Catanzaro,35-39,MF,0.675,"M/F outside (0.7, 1.4) (M=10017, F=14847)"
1911,WARN,SEX_RATIO,080 Reggiocalabria,25-29,MF,0.672,"M/F outside (0.7, 1.4) (M=10967, F=16318)"
1911,ERROR,ROW_SUM,080 Reggiocalabria,40-44,T,22375.0,male+female = 23375 != total 22375
1921,ERROR,ROW_SUM,024 Vicenza,10-14,T,66074.0,male+female = 66574 != total 66074
1921,ERROR,ROW_SUM,027 Venezia,10-14,T,58411.0,male+female = 58771 != total 58411
1921,ERROR,ROW_SUM,029 Rovigo,15-19,T,30248.0,male+female = 30068 != total 30248
1921,ERROR,ROW_SUM,033 Piacenza,10-14,T,32152.0,male+female = 32752 != total 32152
1921,ERROR,ROW_SUM,033 Piacenza,35-39,T,15900.0,male+female = 15890 != total 15900
1921,ERROR,ROW_SUM,034 Parma,65-69,T,7164.0,male+female = 7154 != total 7164
1921,WARN,AGE_PROFILE,034 Parma,20-24,T,50763.0,"ratio to neighbour avg = 1.74 (bounds 0.55-1.65; possible band misallocation, double count or digit error)"
1921,WARN,AGE_PROFILE,034 Parma,20-24,M,25034.0,"ratio to neighbour avg = 1.71 (bounds 0.55-1.65; possible band misallocation, double count or digit error)"
1921,WARN,AGE_PROFILE,034 Parma,20-24,F,25729.0,"ratio to neighbour avg = 1.76 (bounds 0.55-1.65; possible band misallocation, double count or digit error)"
1921,ERROR,ROW_SUM,035 Reggio nell'Emilia,85+,T,648.0,male+female = 650 != total 648
1921,WARN,SEX_RATIO,044 Ascoli Piceno,25-29,MF,0.698,"M/F outside (0.7, 1.4) (M=7439, F=10657)"
1921,ERROR,ROW_SUM,045 Massa e Carrara,5-9,T,25559.0,male+female = 26159 != total 25559
1921,ERROR,ROW_SUM,048 Firenze,5-9,T,98983.0,male+female = 99183 != total 98983
1921,WARN,SEX_RATIO,066 Aquila degli Abruzzi,25-29,MF,1.47,"M/F outside (0.7, 1.4) (M=14923, F=10150)"
1921,WARN,SEX_RATIO,066 Aquila degli Abruzzi,30-34,MF,1.438,"M/F outside (0.7, 1.4) (M=13717, F=9538)"
1921,WARN,SEX_RATIO,067 Teramo,25-29,MF,0.678,"M/F outside (0.7, 1.4) (M=8168, F=12052)"
1921,WARN,SEX_RATIO,069 Chieti,25-29,MF,0.648,"M/F outside (0.7, 1.4) (M=9058, F=13984)"
1921,WARN,SEX_RATIO,069 Chieti,30-34,MF,0.662,"M/F outside (0.7, 1.4) (M=8742, F=13201)"
1921,WARN,SEX_RATIO,070 Campobasso,25-29,MF,0.648,"M/F outside (0.7, 1.4) (M=8326, F=12851)"
1921,WARN,SEX_RATIO,070 Campobasso,30-34,MF,0.666,"M/F outside (0.7, 1.4) (M=7693, F=11558)"
1921,WARN,SEX_RATIO,078 Cosenza,30-34,MF,0.699,"M/F outside (0.7, 1.4) (M=11433, F=16347)"
1921,WARN,SEX_RATIO,079 Catanzaro,30-34,MF,0.692,"M/F outside (0.7, 1.4) (M=11711, F=16931)"
1921,ERROR,ROW_SUM,081 Trapani,15-19,T,39677.0,male+female = 39679 != total 39677
1921,ERROR,ROW_SUM,089 Siracusa,70-74,T,9870.0,male+female = 9970 != total 9870
1921,ERROR,ROW_SUM,090 Sassari,20-24,T,27315.0,male+female = 27415 != total 27315
1921,ERROR,ROW_SUM,090 Sassari,50-54,T,15182.0,male+female = 15158 != total 15182
1931,ERROR,ROW_SUM,004 Cuneo,0,T,12733.0,male+female = 12703 != total 12733
1931,ERROR,ROW_SUM,004 Cuneo,1-4,T,47452.0,male+female = 47482 != total 47452
1931,ERROR,ROW_SUM,004 Cuneo,80-84,T,3853.0,male+female = 3852 != total 3853
1931,ERROR,ROW_SUM,004 Cuneo,85+,T,1284.0,male+female = 1283 != total 1284
1931,WARN,SEX_RATIO,008 Imperia,20-24,MF,1.551,"M/F outside (0.7, 1.4) (M=10592, F=6829)"
1931,WARN,SEX_RATIO,011 La Spezia,20-24,MF,1.87,"M/F outside (0.7, 1.4) (M=18223, F=9745)"
1931,WARN,AGE_PROFILE,011 La Spezia,20-24,M,18223.0,"ratio to neighbour avg = 1.78 (bounds 0.55-1.65; possible band misallocation, double count or digit error)"
1931,WARN,SEX_RATIO,019 Cremona,75-79,MF,0.049,"M/F outside (0.4, 1.7) (M=1880, F=38169)"
1931,WARN,AGE_PROFILE,019 Cremona,70-74,T,7188.0,"ratio to neighbour avg = 0.28 (bounds 0.55-1.65; possible band misallocation, double count or digit error)"
1931,WARN,X10,019 Cremona,75-79,T,40049.0,~9.1x the neighbour average 4378 (possible x10 inflation or extra digit)
1931,WARN,AGE_PROFILE,019 Cremona,70-74,F,3732.0,"ratio to neighbour avg = 0.17 (bounds 0.55-1.65; possible band misallocation, double count or digit error)"
1931,WARN,X10,019 Cremona,75-79,F,38169.0,~16.6x the neighbour average 2298 (possible x10 inflation or extra digit)
1931,WARN,SEX_RATIO,025 Belluno,30-34,MF,0.681,"M/F outside (0.7, 1.4) (M=5099, F=7483)"
1931,WARN,SEX_RATIO,025 Belluno,35-39,MF,0.651,"M/F outside (0.7, 1.4) (M=4297, F=6597)"
1931,WARN,SEX_RATIO,025 Belluno,40-44,MF,0.653,"M/F outside (0.7, 1.4) (M=4094, F=6266)"
1931,WARN,SEX_RATIO,025 Belluno,45-49,MF,0.674,"M/F outside (0.7, 1.4) (M=3891, F=5774)"
1931,WARN,SEX_RATIO,030 Provincia del Friuli,35-39,MF,0.673,"M/F outside (0.7, 1.4) (M=15591, F=23160)"
1931,WARN,SEX_RATIO,030 Provincia del Friuli,40-44,MF,0.661,"M/F outside (0.7, 1.4) (M=14732, F=22287)"
1931,WARN,SEX_RATIO,031 Gorizia,20-24,MF,2.115,"M/F outside (0.7, 1.4) (M=18743, F=8864)"
1931,WARN,AGE_PROFILE,031 Gorizia,20-24,M,18743.0,"ratio to neighbour avg = 2.18 (bounds 0.55-1.65; possible band misallocation, double count or digit error)"
1931,ERROR,ROW_SUM,039 Ravenna,30-34,T,18595.0,male+female = 18594 != total 18595
1931,ERROR,ROW_SUM,039 Ravenna,35-39,T,17112.0,male+female = 17111 != total 17112
1931,ERROR,ROW_SUM,039 Ravenna,50-54,T,13475.0,male+female = 13474 != total 13475
1931,ERROR,ROW_SUM,044 Ascoli Piceno,0,T,7641.0,male+female = 7461 != total 7641
1931,ERROR,ROW_SUM,044 Ascoli Piceno,1-4,T,27610.0,male+female = 27790 != total 27610
1931,ERROR,ROW_SUM,053 Grosseto,85+,T,248.0,male+female = 250 != total 248
1931,WARN,SEX_RATIO,060 Frosinone,35-39,MF,0.626,"M/F outside (0.7, 1.4) (M=7980, F=12748)"
1931,WARN,SEX_RATIO,060 Frosinone,40-44,MF,0.667,"M/F outside (0.7, 1.4) (M=8005, F=11995)"
1931,WARN,SEX_RATIO,062 Benevento,35-39,MF,0.683,"M/F outside (0.7, 1.4) (M=6569, F=9615)"
1931,WARN,SEX_RATIO,064 Avellino,35-39,MF,0.691,"M/F outside (0.7, 1.4) (M=7970, F=11534)"
1931,WARN,SEX_RATIO,064 Avellino,40-44,MF,0.698,"M/F outside (0.7, 1.4) (M=7613, F=10905)"
1931,WARN,SEX_RATIO,066 Aquila degli Abruzzi,35-39,MF,0.673,"M/F outside (0.7, 1.4) (M=7144, F=10609)"
1931,WARN,SEX_RATIO,066 Aquila degli Abruzzi,40-44,MF,0.665,"M/F outside (0.7, 1.4) (M=6821, F=10259)"
1931,WARN,SEX_RATIO,067 Teramo,35-39,MF,0.66,"M/F outside (0.7, 1.4) (M=4563, F=6917)"
1931,WARN,SEX_RATIO,069 Chieti,10-14,MF,0.66,"M/F outside (0.7, 1.4) (M=15786, F=23912)"
1931,WARN,SEX_RATIO,069 Chieti,35-39,MF,0.586,"M/F outside (0.7, 1.4) (M=6603, F=11274)"
1931,WARN,SEX_RATIO,069 Chieti,40-44,MF,0.635,"M/F outside (0.7, 1.4) (M=6813, F=10728)"
1931,WARN,SEX_RATIO,070 Campobasso,35-39,MF,0.634,"M/F outside (0.7, 1.4) (M=7344, F=11590)"
1931,WARN,SEX_RATIO,070 Campobasso,40-44,MF,0.641,"M/F outside (0.7, 1.4) (M=6779, F=10570)"
1931,WARN,SEX_RATIO,077 Matera,35-39,MF,2.61,"M/F outside (0.7, 1.4) (M=3732, F=1430)"
1931,WARN,AGE_PROFILE,077 Matera,35-39,F,1430.0,"ratio to neighbour avg = 0.31 (bounds 0.55-1.65; possible band misallocation, double count or digit error)"
1931,WARN,SEX_RATIO,078 Cosenza,35-39,MF,0.606,"M/F outside (0.7, 1.4) (M=10547, F=17393)"
1931,WARN,SEX_RATIO,078 Cosenza,40-44,MF,0.616,"M/F outside (0.7, 1.4) (M=9214, F=14956)"
1931,WARN,SEX_RATIO,078 Cosenza,45-49,MF,0.694,"M/F outside (0.7, 1.4) (M=8707, F=12538)"
1931,WARN,SEX_RATIO,079 Catanzaro,35-39,MF,0.63,"M/F outside (0.7, 1.4) (M=11767, F=18664)"
1931,WARN,SEX_RATIO,079 Catanzaro,40-44,MF,0.627,"M/F outside (0.7, 1.4) (M=9828, F=15686)"
1931,WARN,SEX_RATIO,079 Catanzaro,45-49,MF,0.693,"M/F outside (0.7, 1.4) (M=9578, F=13824)"
1931,WARN,SEX_RATIO,080 Reggio di Calabria,35-39,MF,0.633,"M/F outside (0.7, 1.4) (M=10866, F=17179)"
1931,WARN,SEX_RATIO,080 Reggio di Calabria,40-44,MF,0.647,"M/F outside (0.7, 1.4) (M=9907, F=15306)"
1936,ERROR,ROW_SUM,005 Asti,50-54,T,14209.0,male+female = 14208 != total 14209
1936,WARN,SEX_RATIO,006 Alessandria,70-74,MF,2.116,"M/F outside (0.4, 1.7) (M=10361, F=4896)"
1936,ERROR,ROW_SUM,019 Cremona,85+,T,597.0,male+female = 601 != total 597
1936,WARN,AGE_PROFILE,022 Trento,10-14,T,49707.0,"ratio to neighbour avg = 1.85 (bounds 0.55-1.65; possible band misallocation, double count or digit error)"
1936,WARN,AGE_PROFILE,022 Trento,15-19,T,15971.0,"ratio to neighbour avg = 0.39 (bounds 0.55-1.65; possible band misallocation, double count or digit error)"
1936,WARN,AGE_PROFILE,022 Trento,10-14,M,25076.0,"ratio to neighbour avg = 1.81 (bounds 0.55-1.65; possible band misallocation, double count or digit error)"
1936,WARN,AGE_PROFILE,022 Trento,15-19,M,8742.0,"ratio to neighbour avg = 0.41 (bounds 0.55-1.65; possible band misallocation, double count or digit error)"
1936,WARN,AGE_PROFILE,022 Trento,10-14,F,24631.0,"ratio to neighbour avg = 1.90 (bounds 0.55-1.65; possible band misallocation, double count or digit error)"
1936,WARN,AGE_PROFILE,022 Trento,15-19,F,7229.0,"ratio to neighbour avg = 0.36 (bounds 0.55-1.65; possible band misallocation, double count or digit error)"
1936,ERROR,ROW_SUM,035 Reggio nell'Emilia,10-14,T,41453.0,male+female = 41458 != total 41453
1936,ERROR,ROW_SUM,038 Ferrara,85+,T,121.0,male+female = 124 != total 121
1936,WARN,AGE_PROFILE,038 Ferrara,70-74,T,11243.0,"ratio to neighbour avg = 1.94 (bounds 0.55-1.65; possible band misallocation, double count or digit error)"
1936,WARN,AGE_PROFILE,038 Ferrara,75-79,T,2039.0,"ratio to neighbour avg = 0.34 (bounds 0.55-1.65; possible band misallocation, double count or digit error)"
1936,WARN,AGE_PROFILE,038 Ferrara,70-74,M,5355.0,"ratio to neighbour avg = 1.95 (bounds 0.55-1.65; possible band misallocation, double count or digit error)"
1936,WARN,AGE_PROFILE,038 Ferrara,75-79,M,866.0,"ratio to neighbour avg = 0.31 (bounds 0.55-1.65; possible band misallocation, double count or digit error)"
1936,WARN,AGE_PROFILE,038 Ferrara,70-74,F,5888.0,"ratio to neighbour avg = 1.94 (bounds 0.55-1.65; possible band misallocation, double count or digit error)"
1936,WARN,AGE_PROFILE,038 Ferrara,75-79,F,1173.0,"ratio to neighbour avg = 0.37 (bounds 0.55-1.65; possible band misallocation, double count or digit error)"
1936,ERROR,ROW_SUM,042 Ancona,55-59,T,14313.0,male+female = 14318 != total 14313
1936,ERROR,ROW_SUM,053 Grosseto,55-59,T,7205.0,male+female = 7204 != total 7205
1936,ERROR,ROW_SUM,055 Terni,30-34,T,13024.0,male+female = 13524 != total 13024
1936,ERROR,ROW_SUM,059 Latina,60-64,T,5874.0,male+female = 5865 != total 5874
1936,WARN,SEX_RATIO,060 Frosinone,40-44,MF,0.656,"M/F outside (0.7, 1.4) (M=8045, F=12264)"
1936,WARN,SEX_RATIO,060 Frosinone,45-49,MF,0.693,"M/F outside (0.7, 1.4) (M=7962, F=11484)"
1936,WARN,SEX_RATIO,062 Benevento,40-44,MF,0.695,"M/F outside (0.7, 1.4) (M=6356, F=9141)"
1936,ERROR,ROW_SUM,062 Benevento,75-79,T,5288.0,male+female = 5283 != total 5288
1936,ERROR,ROW_SUM,062 Benevento,85+,T,1071.0,male+female = 1070 != total 1071
1936,WARN,SEX_RATIO,064 Avellino,40-44,MF,0.683,"M/F outside (0.7, 1.4) (M=7604, F=11137)"
1936,WARN,SEX_RATIO,064 Avellino,45-49,MF,0.697,"M/F outside (0.7, 1.4) (M=7155, F=10259)"
1936,WARN,SEX_RATIO,067 Teramo,40-44,MF,0.689,"M/F outside (0.7, 1.4) (M=4695, F=6818)"
1936,WARN,SEX_RATIO,069 Chieti,40-44,MF,0.61,"M/F outside (0.7, 1.4) (M=6495, F=10651)"
1936,ERROR,ROW_SUM,069 Chieti,45-49,T,16665.0,male+female = 16659 != total 16665
1936,WARN,SEX_RATIO,069 Chieti,45-49,MF,0.663,"M/F outside (0.7, 1.4) (M=6643, F=10016)"
1936,ERROR,ROW_SUM,069 Chieti,85+,T,1364.0,male+female = 1358 != total 1364
1936,WARN,SEX_RATIO,070 Campobasso,40-44,MF,0.661,"M/F outside (0.7, 1.4) (M=7280, F=11010)"
1936,WARN,SEX_RATIO,070 Campobasso,45-49,MF,0.667,"M/F outside (0.7, 1.4) (M=6648, F=9965)"
1936,ERROR,ROW_SUM,071 Foggia,10-14,T,59166.0,male+female = 59175 != total 59166
1936,ERROR,ROW_SUM,071 Foggia,45-49,T,23685.0,male+female = 23676 != total 23685
1936,ERROR,ROW_SUM,076 Potenza,85+,T,1044.0,male+female = 1049 != total 1044
1936,ERROR,ROW_SUM,077 Matera,85+,T,330.0,male+female = 333 != total 330
1936,ERROR,ROW_SUM,078 Cosenza,35-39,T,25459.0,male+female = 31589 != total 25459
1936,WARN,SEX_RATIO,078 Cosenza,40-44,MF,0.615,"M/F outside (0.7, 1.4) (M=10096, F=16426)"
1936,WARN,SEX_RATIO,078 Cosenza,45-49,MF,0.627,"M/F outside (0.7, 1.4) (M=8737, F=13928)"
1936,WARN,SEX_RATIO,078 Cosenza,50-54,MF,0.699,"M/F outside (0.7, 1.4) (M=8316, F=11896)"
1936,ERROR,ROW_SUM,079 Catanzaro,15-19,T,48611.0,male+female = 48608 != total 48611
1936,WARN,SEX_RATIO,079 Catanzaro,40-44,MF,0.626,"M/F outside (0.7, 1.4) (M=6810, F=10881)"
1936,WARN,SEX_RATIO,079 Catanzaro,45-49,MF,0.622,"M/F outside (0.7, 1.4) (M=9052, F=14561)"
1936,WARN,SEX_RATIO,079 Catanzaro,50-54,MF,0.696,"M/F outside (0.7, 1.4) (M=9022, F=12971)"
1936,ERROR,ROW_SUM,080 Reggio di Calabria,40-44,T,26558.0,male+female = 26560 != total 26558
1936,WARN,SEX_RATIO,080 Reggio di Calabria,40-44,MF,0.643,"M/F outside (0.7, 1.4) (M=10396, F=16164)"
1936,WARN,SEX_RATIO,080 Reggio di Calabria,45-49,MF,0.657,"M/F outside (0.7, 1.4) (M=9254, F=14094)"
1936,ERROR,ROW_SUM,086 Enna,55-59,T,7278.0,male+female = 8150 != total 7278
1936,ERROR,ROW_SUM,087 Catania,1-4,T,63096.0,male+female = 54894 != total 63096
